"station_id","name","physical_configuration","lat","lon","altitude","address","cross_street","post_code","capacity","is_charging_station","short_name","nearby_distance","x_ride_code_support","rental_uris","is_valet_station","last_updated","ttl"
1,"GRAN VIA CORTS CATALANES, 760","ELECTRICBIKESTATION",41.3979779,2.1801069,16,"GRAN VIA CORTS CATALANES, 760","02-Eixample/05-el Fort Pienc",8013,46,TRUE,1,1000,TRUE,NA,NA,1756677602,0
2,"C/ ROGER DE FLOR, 126","ELECTRICBIKESTATION",41.3954877,2.1771985,17,"C/ ROGER DE FLOR, 126","02-Eixample/05-el Fort Pienc",8013,28,TRUE,2,1000,TRUE,NA,NA,1756677602,0
3,"C/ NÀPOLS, 82","ELECTRICBIKESTATION",41.3941557,2.1813305,11,"C/ NÀPOLS, 82","02-Eixample/05-el Fort Pienc",8013,27,TRUE,3,1000,TRUE,NA,NA,1756677602,0
4,"C/ RIBES, 13","ELECTRICBIKESTATION",41.3933173,2.1812483,8,"C/ RIBES, 13","02-Eixample/05-el Fort Pienc",8013,21,TRUE,4,1000,TRUE,NA,NA,1756677602,0
5,"PG. LLUIS COMPANYS, 11 (ARC TRIOMF)","ELECTRICBIKESTATION",41.3911035,2.1801763,7,"PG. LLUIS COMPANYS, 11 (ARC TRIOMF)","01-CiutatVella/04-Sant Pere, Santa Caterina i la Ribera",8018,39,TRUE,5,1000,TRUE,NA,NA,1756677602,0
6,"PG. LLUIS COMPANYS, 18 (ARC TRIOMF)","ELECTRICBIKESTATION",41.3914292,2.1805685,10,"PG. LLUIS COMPANYS, 18  (ARC TRIOMF)","01-CiutatVella/04-Sant Pere, Santa Caterina i la Ribera",8018,39,TRUE,6,1000,TRUE,NA,NA,1756677602,0
7,"PG. PUJADES,  1 (JUTJATS)","ELECTRICBIKESTATION",41.388885,2.18329,6,"PG. PUJADES,  1 (JUTJATS)","01-CiutatVella/04-Sant Pere, Santa Caterina i la Ribera",8003,27,TRUE,7,1000,TRUE,NA,NA,1756677602,0
8,"PG. PUJADES, 2","ELECTRICBIKESTATION",41.389135,2.183489,6,"PG. PUJADES, 2","01-CiutatVella/04-Sant Pere, Santa Caterina i la Ribera",8003,27,TRUE,8,1000,TRUE,NA,NA,1756677602,0
9,"AV. MARQUÉS DE L'ARGENTERA,13","ELECTRICBIKESTATION",41.384546,2.184922,5,"AV. MARQUÉS DE L'ARGENTERA,13","01-CiutatVella/04-Sant Pere, Santa Caterina i la Ribera",8003,27,TRUE,9,1000,TRUE,NA,NA,1756677602,0
10,"C/ 60, NÚMERO 25","ELECTRICBIKESTATION",41.3467746,2.1436235,NA,"C/ 60, NÚMERO 25","03-Sants-Montjuïc/12-la Marina del Prat Vermell",8040,43,TRUE,10,1000,TRUE,NA,NA,1756677602,0
11,"PG. MARITIM, 11 (DAVANT PL. BRUGADA)","ELECTRICBIKESTATION",41.382398,2.194294,NA,"PG. MARITIM, 11 (DAVANT PL. BRUGADA)","01-CiutatVella/03-la Barceloneta",8003,35,TRUE,11,1000,TRUE,NA,NA,1756677602,0
12,"PG. MARITIM, 23 (HOSPITAL DEL MAR)","ELECTRICBIKESTATION",41.3833653,2.1946255,7,"PG. MARITIM, 23 (HOSPITAL DEL MAR)","01-CiutatVella/03-la Barceloneta",8003,26,TRUE,12,1000,TRUE,NA,NA,1756677602,0
13,"C/ MARINA, 25-33","ELECTRICBIKESTATION",41.388143,2.195551,7,"C/ MARINA, 25-33","01-CiutatVella/67-la Vila Olímpica del Poblenou",8005,53,TRUE,13,1000,TRUE,NA,NA,1756677602,0
14,"AV. MARQUÉS DE  L'ARGENTERA, 15","ELECTRICBIKESTATION",41.384844,2.185085,5,"AV. MARQUÉS DE  L'ARGENTERA, 15","01-CiutatVella/04-Sant Pere, Santa Caterina i la Ribera",8003,27,TRUE,14,1000,TRUE,NA,NA,1756677602,0
15,"C/ DIPUTACIÓ, 272","ELECTRICBIKESTATION",41.3916117009235,2.16890319787512,25,"C/ DIPUTACIÓ, 272","02-Eixample/07-la Dreta de l'Eixample",8009,27,TRUE,15,1000,TRUE,NA,NA,1756677602,0
17,"AV. MERIDIANA, 47 (D)","ELECTRICBIKESTATION",41.3982615,2.1866517,14,"AV. MERIDIANA, 47 (D)","02-Eixample/66-el Parc i la Llacuna del Poblenou",8013,42,TRUE,17,1000,TRUE,NA,NA,1756677602,0
18,"C/ ROSSELLÓ, 453","ELECTRICBIKESTATION",41.4060589,2.1740472,38,"C/ ROSSELLÓ, 453","02-Eixample/06-la Sagrada Família",8025,27,TRUE,18,1000,TRUE,NA,NA,1756677602,0
19,"C/ ROSSELLÓ, 354","ELECTRICBIKESTATION",41.4031491,2.1707947,40,"C/ ROSSELLÓ, 354","02-Eixample/06-la Sagrada Família",8025,30,TRUE,19,1000,TRUE,NA,NA,1756677602,0
20,"C/ CARTAGENA, 308","ELECTRICBIKESTATION",41.410314,2.1757334,46,"C/ CARTAGENA, 308","02-Eixample/06-la Sagrada Família",8025,18,TRUE,20,1000,TRUE,NA,NA,1756677602,0
21,"C/ SANT ANTONI MARIA CLARET, 214","ELECTRICBIKESTATION",41.4108439,2.1740575,52," C/ SANT ANTONI MARIA CLARET, 214   ","02-Eixample/06-la Sagrada Família",8025,21,TRUE,21,1000,TRUE,NA,NA,1756677602,0
22,"C/ SARDENYA, 292","ELECTRICBIKESTATION",41.4016969,2.175767,28,"C/ SARDENYA, 292","02-Eixample/06-la Sagrada Família",8013,19,TRUE,22,1000,TRUE,NA,NA,1756677602,0
23,"C/ BRUC, 45","ELECTRICBIKESTATION",41.3924661,2.1717397,21,"C/ BRUC, 45","02-Eixample/07-la Dreta de l'Eixample",8010,27,TRUE,23,1000,TRUE,NA,NA,1756677602,0
24,"C/ MARINA, 199","ELECTRICBIKESTATION",41.4005784,2.1788855,23,"C/ MARINA, 199","02-Eixample/05-el Fort Pienc",8013,39,TRUE,24,1000,TRUE,NA,NA,1756677602,0
25,"C/ BRUC, 102","ELECTRICBIKESTATION",41.3954041,2.1681961,29,"C/ BRUC, 102","02-Eixample/07-la Dreta de l'Eixample",8009,21,TRUE,25,1000,TRUE,NA,NA,1756677602,0
26,"C/ DOS DE MAIG, 230-232","ELECTRICBIKESTATION",41.4071692,2.1820722,22,"C/ DOS DE MAIG, 230-232","10-SantMartí/64-el Camp de l'Arpa del Clot",8013,18,TRUE,26,1000,TRUE,NA,NA,1756677602,0
27,"C/ PROVENÇA, 322","ELECTRICBIKESTATION",41.3967524,2.1646338,38,"C/ PROVENÇA, 322","02-Eixample/07-la Dreta de l'Eixample",8037,17,TRUE,27,1000,TRUE,NA,NA,1756677602,0
28,"C/ SARDENYA, 362","ELECTRICBIKESTATION",41.4055143,2.1706498,46,"C/ SARDENYA, 362","02-Eixample/06-la Sagrada Família",8025,22,TRUE,28,1000,TRUE,NA,NA,1756677602,0
29,"C/ PROVENÇA, 388-390","ELECTRICBIKESTATION",41.401061,2.169941,34,"C/ PROVENÇA, 388-390","02-Eixample/07-la Dreta de l'Eixample",8025,23,TRUE,29,1000,TRUE,NA,NA,1756677602,0
30,"C/ CASTILLEJOS, 184","ELECTRICBIKESTATION",41.4021805,2.1829894,13,"C/ CASTILLEJOS, 184","02-Eixample/05-el Fort Pienc",8013,29,TRUE,30,1000,TRUE,NA,NA,1756677602,0
31,"PL. DEL MAR","ELECTRICBIKESTATION",41.3748001,2.1889045,4,"PL. DEL MAR","01-CiutatVella/03-la Barceloneta",8003,18,TRUE,31,1000,TRUE,NA,NA,1756677602,0
32,"LA BARCELONETA (CN BARCELONETA)","ELECTRICBIKESTATION",41.3736911,2.188928,4,"LA BARCELONETA (CN BARCELONETA)","01-CiutatVella/03-la Barceloneta",8003,35,TRUE,32,1000,TRUE,NA,NA,1756677602,0
33,"C/ PONTEVEDRA, 58B | C/ JUDICI","ELECTRICBIKESTATION",41.37686,2.19067,4,"C/ PONTEVEDRA, 58B | C/ JUDICI","01-CiutatVella/03-la Barceloneta",8003,21,TRUE,33,1000,TRUE,NA,NA,1756677602,0
34,"C/ SANT PERE MÉS ALT, 4","ELECTRICBIKESTATION",41.3871079,2.1753364,9,"C/ SANT PERE MÉS ALT, 4","01-CiutatVella/04-Sant Pere, Santa Caterina i la Ribera",8003,21,TRUE,34,1000,TRUE,NA,NA,1756677602,0
35,"C/ SANT RAMON DE PENYAFORT, 1","ELECTRICBIKESTATION",41.4134833,2.2206913,5,"C/ SANT RAMON DE PENYAFORT, 1","10-SantMartí/70-el Besòs i el Maresme",8930,54,TRUE,35,1000,TRUE,NA,NA,1756677602,0
36,"AV. DE LA CATEDRAL, 6","ELECTRICBIKESTATION",41.3850616,2.1766834,8,"AV. DE LA CATEDRAL, 6","01-CiutatVella/02-el Barri Gòtic",8002,21,TRUE,36,1000,TRUE,NA,NA,1756677602,0
37,"PG. DE COLOM - VIA LAIETANA","ELECTRICBIKESTATION",41.380624,2.1820675,4,"PG. DE COLOM - VIA LAIETANA","01-CiutatVella/04-Sant Pere, Santa Caterina i la Ribera",8002,24,TRUE,37,1000,TRUE,NA,NA,1756677602,0
39,"PL. PAU VILA (D)","ELECTRICBIKESTATION",41.381046,2.186576,4,"PL. PAU VILA (D)","01-CiutatVella/03-la Barceloneta",8039,44,TRUE,39,1000,TRUE,NA,NA,1756677602,0
40,"C/ DOCTOR AIGUADER, 2","ELECTRICBIKESTATION",41.382335,2.187093,6,"C/ DOCTOR AIGUADER, 2","01-CiutatVella/03-la Barceloneta",8039,18,TRUE,40,1000,TRUE,NA,NA,1756677602,0
41,"PL. POETA BOSCÀ | C/ ATLÀNTIDA","ELECTRICBIKESTATION",41.379326,2.189906,5,"PL. POETA BOSCÀ | C/ ATLÀNTIDA","01-CiutatVella/03-la Barceloneta",8003,25,TRUE,41,1000,TRUE,NA,NA,1756677602,0
42,"C/ CIUTAT DE GRANADA, 168| AV.DIAGONAL   ","ELECTRICBIKESTATION",41.404511,2.189881,4,"C/ CIUTAT DE GRANADA, 168| AV.DIAGONAL","10-SantMartí/66-el Parc i la Llacuna del Poblenou",8018,24,TRUE,42,1000,TRUE,NA,NA,1756677602,0
43,"C/ CLOT, 1","ELECTRICBIKESTATION",41.4063864,2.1874404,13,"C/ CLOT, 1","10-SantMartí/65-el Clot",8018,27,TRUE,43,1000,TRUE,NA,NA,1756677602,0
44,"AV. MERIDIANA, 71","ELECTRICBIKESTATION",41.4014737309554,2.1867650955646,NA,"AV. MERIDIANA, 71","02-Eixample/05-el Fort Pienc",8018,21,TRUE,44,1000,TRUE,NA,NA,1756677602,0
45,"C/ SARDENYA, 66","ELECTRICBIKESTATION",41.391466,2.189371,5,"C/ SARDENYA, 66","10-SantMartí/67-la Vila Olímpica del Poblenou",8005,27,TRUE,45,1000,TRUE,NA,NA,1756677602,0
46,"C/ VILLENA, 1","ELECTRICBIKESTATION",41.3886065969256,2.19219450845947,7,"C/ VILLENA, 1","10-SantMartí/67-la Vila Olímpica del Poblenou",8005,54,TRUE,46,1000,TRUE,NA,NA,1756677602,0
47,"C/ RAMON TRIAS FARGAS, 21","ELECTRICBIKESTATION",41.3902194,2.1904003,5,"C/ RAMON TRIAS FARGAS, 21","10-SantMartí/67-la Vila Olímpica del Poblenou",8005,47,TRUE,47,1000,TRUE,NA,NA,1756677602,0
48,"AV. MERIDIANA, 40","ELECTRICBIKESTATION",41.3960652,2.1871959,11,"AV. MERIDIANA, 40","10-SantMartí/66-el Parc i la Llacuna del Poblenou",8018,21,TRUE,48,1000,TRUE,NA,NA,1756677602,0
49,"C/ ROSA SENSAT, 20","ELECTRICBIKESTATION",41.3910756,2.1965766,5,"C/ ROSA SENSAT, 20","10-SantMartí/67-la Vila Olímpica del Poblenou",8005,21,TRUE,49,1000,TRUE,NA,NA,1756677602,0
50,"AV. PARAL.LEL, 54","ELECTRICBIKESTATION",41.3751145,2.1709386,8,"AV. PARAL.LEL, 54","01-CiutatVella/01-el Raval",8004,18,TRUE,50,1000,TRUE,NA,NA,1756677602,0
51,"PL. VICENÇ MARTORELL","ELECTRICBIKESTATION",41.3842634,2.1692556,12,"PL. VICENÇ MARTORELL","01-CiutatVella/01-el Raval",8001,20,TRUE,51,1000,TRUE,NA,NA,1756677602,0
52,"PL. SANT MIQUEL, 4","ELECTRICBIKESTATION",41.381708,2.177292,11,"PL. SANT MIQUEL, 4","01-CiutatVella/02-el Barri Gòtic",8002,32,TRUE,52,1000,TRUE,NA,NA,1756677602,0
53,"PL. CARLES PI I SUNYER","ELECTRICBIKESTATION",41.385086,2.174016,10,"PL. CARLES PI I SUNYER","01-CiutatVella/02-el Barri Gòtic",8002,21,TRUE,53,1000,TRUE,NA,NA,1756677602,0
54,"C/ SANT OLEGUER, 2","ELECTRICBIKESTATION",41.3775319,2.1707321,6,"C/ SANT OLEGUER, 2","01-CiutatVella/01-el Raval",8001,19,TRUE,54,1000,TRUE,NA,NA,1756677602,0
55,"LA RAMBLA, 56","ELECTRICBIKESTATION",41.380195,2.1744801,7.38,"LA RAMBLA, 56","01-CiutatVella/02-el Barri Gòtic",8002,27,TRUE,55,1000,TRUE,NA,NA,1756677602,0
56,"PORTAL DE SANTA MADRONA, 2-4","ELECTRICBIKESTATION",41.3770715,2.1758261,5,"PORTAL DE SANTA MADRONA, 2-4","01-CiutatVella/01-el Raval",8001,27,TRUE,56,1000,TRUE,NA,NA,1756677602,0
57,"LA RAMBLA, 1","ELECTRICBIKESTATION",41.376326,2.176971,4,"LA RAMBLA, 1","01-CiutatVella/02-el Barri Gòtic",8002,21,TRUE,57,1000,TRUE,NA,NA,1756677602,0
58,"C/ VALLDONZELLA, 2","ELECTRICBIKESTATION",41.3845757386794,2.16626169311522,NA,"C/ VALLDONZELLA, 2","01-CiutatVella/01-el Raval",8001,21,TRUE,58,1000,TRUE,NA,NA,1756677602,0
59,"C/ AGUSTÍ DURAN I SANPERE, 1","ELECTRICBIKESTATION",41.3813815397747,2.16807754829512,NA,"C/ AGUSTÍ DURAN I SANPERE, 1","01-CiutatVella/01-el Raval",8001,22,TRUE,59,1000,TRUE,NA,NA,1756677602,0
60,"RBLA. CATALUNYA, 47","ELECTRICBIKESTATION",41.3902625,2.164035,27,"RBLA. CATALUNYA, 47","02-Eixample/07-la Dreta de l'Eixample",8007,27,TRUE,60,1000,TRUE,NA,NA,1756677602,0
61,"C/ ARAGÓ, 288","ELECTRICBIKESTATION",41.39352,2.166797,26,"C/ ARAGÓ, 288","02-Eixample/07-la Dreta de l'Eixample",8009,26,TRUE,61,1000,TRUE,NA,NA,1756677602,0
62,"PL. CATALUNYA, 5","ELECTRICBIKESTATION",41.387235,2.168819,19,"PL. CATALUNYA, 5","02-Eixample/07-la Dreta de l'Eixample",8002,25,TRUE,62,1000,TRUE,NA,NA,1756677602,0
63,"PL. CATALUNYA, 7","ELECTRICBIKESTATION",41.386543,2.169427,19,"PL. CATALUNYA, 7","02-Eixample/07-la Dreta de l'Eixample",8002,27,TRUE,63,1000,TRUE,NA,NA,1756677602,0
64,"PL. CATALUNYA, 10-11 (LA RAMBLA)","ELECTRICBIKESTATION",41.387493,2.1690686,21,"PL. CATALUNYA, 10-11 (LA RAMBLA)","02-Eixample/07-la Dreta de l'Eixample",8002,21,TRUE,64,1000,TRUE,NA,NA,1756677602,0
65,"PL. CATALUNYA, 10-11 (PG. DE GRÀCIA)","ELECTRICBIKESTATION",41.387696,2.1696543,20,"PL. CATALUNYA, 10-11 (PG. DE GRÀCIA)","02-Eixample/07-la Dreta de l'Eixample",8002,21,TRUE,65,1000,TRUE,NA,NA,1756677602,0
66,"GRAN VIA DE LES CORTS CATALANES, 609","ELECTRICBIKESTATION",41.3893222,2.1678388,23,"GRAN VIA DE LES CORTS CATALANES, 609","02-Eixample/07-la Dreta de l'Eixample",8007,16,TRUE,66,1000,TRUE,NA,NA,1756677602,0
67,"C/ ROCAFORT, 214 | C/ ROSSELLÓ","ELECTRICBIKESTATION",41.3852864,2.1454802,37,"C/ ROCAFORT, 214 | C/ ROSSELLÓ","02-Eixample/09-la Nova Esquerra de l'Eixample",8029,24,TRUE,67,1000,TRUE,NA,NA,1756677602,0
68,"RAMBLA CATALUNYA, 133 /  CÒRSEGA","ELECTRICBIKESTATION",41.3953894,2.1572953,44,"RAMBLA CATALUNYA, 133 /  CÒRSEGA","02-Eixample/07-la Dreta de l'Eixample",8008,27,TRUE,68,1000,TRUE,NA,NA,1756677602,0
69,"CARRER DE LA MARINA,25-33","ELECTRICBIKESTATION",41.388507,2.195073,7,"CARRER DE LA MARINA,25-33","01-CiutatVella/67-la Vila Olímpica del Poblenou",8005,42,TRUE,69,1000,TRUE,NA,NA,1756677602,0
70,"C/ COMTE URGELL, 23","ELECTRICBIKESTATION",41.380393,2.1606506,15,"C/ COMTE URGELL, 23","02-Eixample/10-Sant Antoni",8011,27,TRUE,70,1000,TRUE,NA,NA,1756677602,0
71,"C/ FLORIDABLANCA, 145","ELECTRICBIKESTATION",41.3819459,2.1629146,16,"C/ FLORIDABLANCA, 145","02-Eixample/10-Sant Antoni",8011,27,TRUE,71,1000,TRUE,NA,NA,1756677602,0
72,"C/ PROVENÇA, 215","ELECTRICBIKESTATION",41.3927771,2.1586273,37,"C/ PROVENÇA, 215","02-Eixample/07-la Dreta de l'Eixample",8008,27,TRUE,72,1000,TRUE,NA,NA,1756677602,0
73,"C/ ENRIC GRANADOS, 93","ELECTRICBIKESTATION",41.392135,2.1563542,39,"C/ ENRIC GRANADOS, 93","02-Eixample/08-l'Antiga Esquerra de l'Eixample",8008,26,TRUE,73,1000,TRUE,NA,NA,1756677602,0
74,"AV. JOSEP TARRADELLAS, 133","ELECTRICBIKESTATION",41.3900085,2.1432105,47,"AV. JOSEP TARRADELLAS, 133","02-Eixample/19-les Corts",8029,15,TRUE,74,1000,TRUE,NA,NA,1756677602,0
75,"AV. JOSEP TARRADELLAS, 58","ELECTRICBIKESTATION",41.385004,2.1429115,40,"AV. JOSEP TARRADELLAS, 58","02-Eixample/09-la Nova Esquerra de l'Eixample",8029,21,TRUE,75,1000,TRUE,NA,NA,1756677602,0
76,"C/ CÒRSEGA, 216","ELECTRICBIKESTATION",41.3917666,2.1532163,40,"C/ CÒRSEGA, 216","02-Eixample/08-l'Antiga Esquerra de l'Eixample",8036,32,TRUE,76,1000,TRUE,NA,NA,1756677602,0
77,"AV. FRANCESC CAMBÓ, 10","ELECTRICBIKESTATION",41.3855644,2.1773214,8,"AV. FRANCESC CAMBÓ, 10","01-CiutatVella/04-Sant Pere, Santa Caterina i la Ribera",8003,25,TRUE,77,1000,TRUE,NA,NA,1756677602,0
78,"PL. UNIVERSITAT /  ARIBAU","ELECTRICBIKESTATION",41.3856474,2.1634306,21,"PL. UNIVERSITAT /  ARIBAU","02-Eixample/10-Sant Antoni",8011,27,TRUE,78,1000,TRUE,NA,NA,1756677602,0
79," PL.  UNIVERSITAT","ELECTRICBIKESTATION",41.385503,2.1634768,21,"PL. UNIVERSITAT","02-Eixample/10-Sant Antoni",8007,24,TRUE,79,1000,TRUE,NA,NA,1756677602,0
80,"C/ ENRIC  GRANADOS, 35","ELECTRICBIKESTATION",41.389668,2.1599078,31,"C/ ENRIC  GRANADOS, 35","02-Eixample/08-l'Antiga Esquerra de l'Eixample",8007,25,TRUE,80,1000,TRUE,NA,NA,1756677602,0
81,"C/ VILAMARÍ,  61","ELECTRICBIKESTATION",41.3790718,2.1490553,24,"C/ VILAMARÍ,  61","02-Eixample/09-la Nova Esquerra de l'Eixample",8015,20,TRUE,81,1000,TRUE,NA,NA,1756677602,0
82,"C/ CALÀBRIA, 112","ELECTRICBIKESTATION",41.3803180599865,2.1544371248114,20,"C/ CALÀBRIA, 112","02-Eixample/09-la Nova Esquerra de l'Eixample",8015,40,TRUE,82,1000,TRUE,NA,NA,1756677602,0
83,"C/ CALABRIA, 158","ELECTRICBIKESTATION",41.3821658,2.1520645,25,"C/ CALABRIA, 158","02-Eixample/09-la Nova Esquerra de l'Eixample",8015,23,TRUE,83,1000,TRUE,NA,NA,1756677602,0
84,"C/ DEL COMTE D'URGELL 75 B","ELECTRICBIKESTATION",41.3830299,2.1571646,20,"C/ DEL COMTE D'URGELL, 75 B","02-Eixample/09-la Nova Esquerra de l'Eixample",8011,27,TRUE,84,1000,TRUE,NA,NA,1756677602,0
85,"AV. PARAL·LEL, 146 BIS","ELECTRICBIKESTATION",41.3751852,2.1592394,15,"AV. PARAL·LEL, 146 BIS","02-Eixample/10-Sant Antoni",8015,40,TRUE,85,1000,TRUE,NA,NA,1756677602,0
86,"C/ VILADOMAT,  2","ELECTRICBIKESTATION",41.3755747,2.1629349,12,"C/ VILADOMAT,  2","02-Eixample/10-Sant Antoni",8015,27,TRUE,86,1000,TRUE,NA,NA,1756677602,0
88,"C/ LONDRES, 101-103","ELECTRICBIKESTATION",41.3936144,2.1507739,45,"C/ LONDRES, 101-103","02-Eixample/08-l'Antiga Esquerra de l'Eixample",8036,20,TRUE,88,1000,TRUE,NA,NA,1756677602,0
89,"C/ ROSSELLÓ,  101","ELECTRICBIKESTATION",41.3871904,2.149131,36,"C/ ROSSELLÓ,  101","02-Eixample/09-la Nova Esquerra de l'Eixample",8036,23,TRUE,89,1000,TRUE,NA,NA,1756677602,0
90,"C/ ROSSELLÓ, 108-110","ELECTRICBIKESTATION",41.388296,2.150878,36,"C/ ROSSELLÓ, 108-110","02-Eixample/08-l'Antiga Esquerra de l'Eixample",8036,17,TRUE,90,1000,TRUE,NA,NA,1756677602,0
91,"C/ COMTE D'URGELL, 43","ELECTRICBIKESTATION",41.3812504,2.1594741,16,"C/ COMTE D'URGELL, 43","02-Eixample/10-Sant Antoni",8011,35,TRUE,91,1000,TRUE,NA,NA,1756677602,0
92,"C / PROVENÇA, 241","ELECTRICBIKESTATION",41.3938861,2.1601641,37,"C / PROVENÇA, 241","02-Eixample/07-la Dreta de l'Eixample",8008,18,TRUE,92,1000,TRUE,NA,NA,1756677602,0
94,"GRAN VIA DE LES CORTS CATALANES,375","ELECTRICBIKESTATION",41.3757914,2.1499102,26,"GRAN  VIA DE LES CORTS CATALANES, 375-385","02-Eixample/10-Sant Antoni",8015,47,TRUE,94,1000,TRUE,NA,NA,1756677602,0
95,"C/ TARRAGONA, 103-115","ELECTRICBIKESTATION",41.3763948,2.1473272,28,"C/ TARRAGONA, 103-115","03-Sants-Montjuïc/15-Hostafrancs",8014,33,TRUE,95,1000,TRUE,NA,NA,1756677602,0
96,"GRAN VIA DE LES CORTS CATALANES,  368","ELECTRICBIKESTATION",41.3741093,2.1481993,24,"GRAN VIA DE LES CORTS CATALANES, 368","03-Sants-Montjuïc/15-Hostafrancs",8010,21,TRUE,96,1000,TRUE,NA,NA,1756677602,0
97,"C/ TARRAGONA, 141","ELECTRICBIKESTATION",41.3779613,2.1450491,29,"C/ TARRAGONA, 141","03-Sants-Montjuïc/15-Hostafrancs",8014,21,TRUE,97,1000,TRUE,NA,NA,1756677602,0
98,"C/ VIRIAT, 43","ELECTRICBIKESTATION",41.3806074,2.1408633,31,"C/ VIRIAT, 43","03-Sants-Montjuïc/18-Sants",8014,21,TRUE,98,1000,TRUE,NA,NA,1756677602,0
99,"C/ VIRIAT,  53","ELECTRICBIKESTATION",41.3808222,2.141539,30,"C/ VIRIAT,  53","03-Sants-Montjuïc/18-Sants",8014,21,TRUE,99,1000,TRUE,NA,NA,1756677602,0
100,"C/ TARRAGONA,  159-173","ELECTRICBIKESTATION",41.379363,2.143868,29,"C/ TARRAGONA,  159-173","03-Sants-Montjuïc/15-Hostafrancs",8014,22,TRUE,100,1000,TRUE,NA,NA,1756677602,0
101,"AV. DIAGONAL, 602","ELECTRICBIKESTATION",41.392878,2.143411,53,"AV. DIAGONAL, 602","05-Sarrià-StGervasi/26-Sant Gervasi - Galvany",8021,23,TRUE,101,1000,TRUE,NA,NA,1756677602,0
102,"AV. DIAGONAL,  612","ELECTRICBIKESTATION",41.392567,2.1422174,54,"AV. DIAGONAL,  612","05-Sarrià-StGervasi/26-Sant Gervasi - Galvany",8021,24,TRUE,102,1000,TRUE,NA,NA,1756677602,0
103,"C/ ARAGÓ, 629","ELECTRICBIKESTATION",41.410098,2.1884487,16,"C/ ARAGÓ, 629","10-SantMartí/65-el Clot",8026,21,TRUE,103,1000,TRUE,NA,NA,1756677602,0
104,"C/ VALÈNCIA,  621","ELECTRICBIKESTATION",41.4108005,2.1872438,16,"C/ VALÈNCIA, 621","10-SantMartí/65-el Clot",8026,25,TRUE,104,1000,TRUE,NA,NA,1756677602,0
105,"RDA. DE SANT PERE, 26","ELECTRICBIKESTATION",41.389492,2.17425,15,"RDA. DE SANT PERE, 26","02-Eixample/07-la Dreta de l'Eixample",8010,21,TRUE,105,1000,TRUE,NA,NA,1756677602,0
106,"PL JOANIC - C / BRUNIQUER, 59","ELECTRICBIKESTATION",41.4055198,2.1622548,56," PL  JOANIC - C / BRUNIQUER, 59","06-Gràcia/31-la Vila de Gràcia",8024,20,TRUE,106,1000,TRUE,NA,NA,1756677602,0
107,"TRAV. DE GRÀCIA, 92 / VIA AUGUSTA","ELECTRICBIKESTATION",41.3982304,2.1531031,56,"TRAV. DE GRÀCIA, 92 / VIA AUGUSTA","05-Sarrià-StGervasi/26-Sant Gervasi - Galvany",8006,20,TRUE,107,1000,TRUE,NA,NA,1756677602,0
108,"C / INDÚSTRIA, 10","ELECTRICBIKESTATION",41.4022081,2.1649035,45,"C / INDÚSTRIA, 10","06-Gràcia/32-el Camp d'en Grassot i Gràcia Nova",8037,21,TRUE,108,1000,TRUE,NA,NA,1756677602,0
109,"C/ LONDRES,  53","ELECTRICBIKESTATION",41.3912605,2.1476308,43,"C/ LONDRES,  53","02-Eixample/08-l'Antiga Esquerra de l'Eixample",8036,24,TRUE,109,1000,TRUE,NA,NA,1756677602,0
110,"AV. ROMA,  136","ELECTRICBIKESTATION",41.3852585,2.155089,25,"AV. ROMA,  136","02-Eixample/08-l'Antiga Esquerra de l'Eixample",8011,17,TRUE,110,1000,TRUE,NA,NA,1756677602,0
111,"C/ ARAGÓ 147","ELECTRICBIKESTATION",41.3847528,2.1546746,21,"C/ ARAGÓ 147","02-Eixample/09-la Nova Esquerra de l'Eixample",8015,19,TRUE,111,1000,TRUE,NA,NA,1756677602,0
112,"C/ FLORIDABLANCA,  49","ELECTRICBIKESTATION",41.3776721,2.157233,13,"C/ FLORIDABLANCA, 49","02-Eixample/10-Sant Antoni",8015,20,TRUE,112,1000,TRUE,NA,NA,1756677602,0
113,"RONDA DE SANT PAU , 51","ELECTRICBIKESTATION",41.3773113,2.1646742,11,"RONDA DE SANT PAU, 51","02-Eixample/10-Sant Antoni",8015,34,TRUE,113,1000,TRUE,NA,NA,1756677602,0
114,"PL. JEAN GENET,  1","ELECTRICBIKESTATION",41.376735,2.1740082,5,"PL. JEAN GENET,  1","01-CiutatVella/01-el Raval",8001,20,TRUE,114,1000,TRUE,NA,NA,1756677602,0
115,"AV. MARQUÉS DE L'ARGENTERA,  3","ELECTRICBIKESTATION",41.383597,2.184171,4,"AV. MARQUÉS DE L'ARGENTERA,  3","01-CiutatVella/04-Sant Pere, Santa Caterina i la Ribera",8003,21,TRUE,115,1000,TRUE,NA,NA,1756677602,0
116,"C/ DEL DR. AIGUADER, 72 / PG. SALVAT","ELECTRICBIKESTATION",41.3838369,2.1914756,5,"C/ DEL DR. AIGUADER, 72 / PG. SALVAT PAPASSEIT","01-CiutatVella/03-la Barceloneta",8003,35,TRUE,116,1000,TRUE,NA,NA,1756677602,0
117,"C/ ROSA SENSAT, 12","ELECTRICBIKESTATION",41.3906051,2.1972309,5,"C/ ROSA SENSAT, 12","10-SantMartí/67-la Vila Olímpica del Poblenou",8005,21,TRUE,117,1000,TRUE,NA,NA,1756677602,0
118,"C/ PUJADES,  3","ELECTRICBIKESTATION",41.39212,2.1874966,6,"C/ PUJADES,  3","10-SantMartí/66-el Parc i la Llacuna del Poblenou",8018,27,TRUE,118,1000,TRUE,NA,NA,1756677602,0
119,"C/ SARDENYA,  178","ELECTRICBIKESTATION",41.3967169,2.1825085,12,"C/ SARDENYA,  178","02-Eixample/05-el Fort Pienc",8013,39,TRUE,119,1000,TRUE,NA,NA,1756677602,0
120,"C/ LEPANT,  278","ELECTRICBIKESTATION",41.4047056,2.1765126,28,"C/ LEPANT,  278","02-Eixample/06-la Sagrada Família",8013,21,TRUE,120,1000,TRUE,NA,NA,1756677602,0
121,"C/ CASTILLEJOS, 258","ELECTRICBIKESTATION",41.4064529,2.1785364,28,"C/ CASTILLEJOS, 258","02-Eixample/06-la Sagrada Família",8013,21,TRUE,121,1000,TRUE,NA,NA,1756677602,0
122,"C/ NÀPOLS, 344","ELECTRICBIKESTATION",41.4054458,2.1663172,54,"C/ NÀPOLS, 344","06-Gràcia/32-el Camp d'en Grassot i Gràcia Nova",8025,33,TRUE,122,1000,TRUE,NA,NA,1756677602,0
123,"C/ PROVENÇA, 317","ELECTRICBIKESTATION",41.3988184485363,2.16673522491668,34,"C/ PROVENÇA, 317","02-Eixample/07-la Dreta de l'Eixample",8037,21,TRUE,123,1000,TRUE,NA,NA,1756677602,0
124,"C/ NOVA  BOCANA","ELECTRICBIKESTATION",41.3702483,2.1878126,3,"C/ NOVA  BOCANA","01-CiutatVella/03-la Barceloneta",8039,30,TRUE,124,1000,TRUE,NA,NA,1756677602,0
125,"PG. MARíTIM, 31 B (ANNEXA A LA 12)","ELECTRICBIKESTATION",41.3834753,2.194735,7," PG. MARíTIM, 31 B (ANNEXA A LA  12)","01-CiutatVella/03-la Barceloneta",8003,29,TRUE,125,1000,TRUE,NA,NA,1756677602,0
126,"PG. DE COLOM /VIA LAIETANA","ELECTRICBIKESTATION",41.380628,2.1822815,4,"PG. DE COLOM /VIA LAIETANA","01-CiutatVella/02-el Barri Gòtic",8002,23,TRUE,126,1000,TRUE,NA,NA,1756677602,0
127,"C/ ARAGÓ, 659 / NAVAS DE TOLOSA","ELECTRICBIKESTATION",41.4120681,2.1907524,16,"C/ ARAGÓ, 659 /NAVAS DE TOLOSA","10-SantMartí/65-el Clot",8026,27,TRUE,127,1000,TRUE,NA,NA,1756677602,0
128,"RAMBLA DE GUIPÚSCOA, 43/FLUVIA","ELECTRICBIKESTATION",41.4158412,2.1959771,10,"RAMBLA DE GUIPÚSCOA, 43/FLUVIA","10-SantMartí/72-Sant Martí de Provençals",8020,43,TRUE,128,1000,TRUE,NA,NA,1756677602,0
129,"C/ MANSO, 46","ELECTRICBIKESTATION",41.377046,2.16113608,13,"C/ MANSO, 46","02-Eixample/10-Sant Antoni",8015,23,TRUE,129,1000,TRUE,NA,NA,1756677602,0
130,"RAMBLA DE GUIPÚSCOA, 103 / CANTÀBRIA","ELECTRICBIKESTATION",41.4200135,2.2016699,8,"RAMBLA DE GUIPÚSCOA, 103 /CANTÀBRIA","10-SantMartí/73-la Verneda i la Pau",8020,24,TRUE,130,1000,TRUE,NA,NA,1756677602,0
131,"RAMBLA  DE GUIPÚSCOA, 158/ CA N'OLIVA","ELECTRICBIKESTATION",41.4227912,2.2060317,11,"RAMBLA  DE GUIPÚSCOA, 158/ CA N'OLIVA","10-SantMartí/73-la Verneda i la Pau",8020,29,TRUE,131,1000,TRUE,NA,NA,1756677602,0
132,"PL. VALENTÍ ALMIRALL","ELECTRICBIKESTATION",41.4084796,2.192042,6,"PL.VALENTÍ ALMIRALL","10-SantMartí/65-el Clot",8018,27,TRUE,132,1000,TRUE,NA,NA,1756677602,0
133,"GRAN VIA DE LES CORTS CATALANES,  902","ELECTRICBIKESTATION",41.4075013,2.1930174,6,"GRAN VIA DE LES CORTS CATALANES, 902","10-SantMartí/71-Provençals del Poblenou",8018,16,TRUE,133,1000,TRUE,NA,NA,1756677602,0
134,"C/ BAC DE RODA, 157","ELECTRICBIKESTATION",41.4113024,2.1987258,6,"C/ BAC DE RODA, 157","10-SantMartí/71-Provençals del Poblenou",8018,21,TRUE,134,1000,TRUE,NA,NA,1756677602,0
135,"GRAN VIA DE LES CORTS CATALANES,  981","ELECTRICBIKESTATION",41.4120452,2.1972673,8,"GRAN VIA DE LES CORTS CATALANES,  981","10-SantMartí/72-Sant Martí de Provençals",8018,21,TRUE,135,1000,TRUE,NA,NA,1756677602,0
136,"GRAN VIA DE LES CORTS CATALANES,  1062","ELECTRICBIKESTATION",41.4139298,2.2017955,8,"GRAN VIA DE LES CORTS CATALANES,  1062","10-SantMartí/71-Provençals del Poblenou",8020,31,TRUE,136,1000,TRUE,NA,NA,1756677602,0
137,"GRAN VIA DE LES CORTS CATALANES , 1041","ELECTRICBIKESTATION",41.4145805,2.2008139,7,"GRAN VIA DE LES CORTS CATALANES, 1041","10-SantMartí/72-Sant Martí de Provençals",8020,25,TRUE,137,1000,TRUE,NA,NA,1756677602,0
138,"GRAN VIA DE LES CORTS CATALANES,  1118","ELECTRICBIKESTATION",41.4167933,2.2058345,7,"GRAN VIA DE LES CORTS CATALANES, 1118","10-SantMartí/71-Provençals del Poblenou",8020,21,TRUE,138,1000,TRUE,NA,NA,1756677602,0
139,"GRAN VIA DE LES CORTS CATALANES,  1131","ELECTRICBIKESTATION",41.4183999,2.2058133,7,"GRAN VIA DE LES CORTS CATALANES,  1131","10-SantMartí/73-la Verneda i la Pau",8020,35,TRUE,139,1000,TRUE,NA,NA,1756677602,0
140,"C/ VILADOMAT,  122","ELECTRICBIKESTATION",41.3808772,2.1559939,19,"C/ VILADOMAT, 122","02-Eixample/09-la Nova Esquerra de l'Eixample",8015,27,TRUE,140,1000,TRUE,NA,NA,1756677602,0
141,"C/ BILBAO, 174","ELECTRICBIKESTATION",41.4090202,2.1954152,7,"C/ BILBAO, 174","10-SantMartí/71-Provençals del Poblenou",8018,31,TRUE,141,1000,TRUE,NA,NA,1756677602,0
142,"C/ SANCHO DE ÁVILA,  104 - C/ BADAJOZ","ELECTRICBIKESTATION",41.4003793,2.1924144,4,"C/ SANCHO DE ÁVILA,  104 - C/ BADAJOZ","10-SantMartí/66-el Parc i la Llacuna del Poblenou",8018,52,TRUE,142,1000,TRUE,NA,NA,1756677602,0
143,"C/ SANCHO DE ÁVILA, 170 / LLACUNA","ELECTRICBIKESTATION",41.4027907,2.1956161,4,"C/ SANCHO DE ÁVILA, 170 / LLACUNA","10-SantMartí/68-el Poblenou",8018,28,TRUE,143,1000,TRUE,NA,NA,1756677602,0
144,"C/ CASTELLA,  28 / DIAGONAL","ELECTRICBIKESTATION",41.4056269,2.1977119,4,"C/ CASTELLA,  28 / DIAGONAL","10-SantMartí/68-el Poblenou",8018,27,TRUE,144,1000,TRUE,NA,NA,1756677602,0
145,"C/ PERE IV,  301 / FLUVIÀ","ELECTRICBIKESTATION",41.4093405,2.2024461,4,"C/ PERE IV,  301 / FLUVIÀ","10-SantMartí/71-Provençals del Poblenou",8020,27,TRUE,145,1000,TRUE,NA,NA,1756677602,0
146,"C/ PERE IV, 488","ELECTRICBIKESTATION",41.4148983,2.207186,4,"C/ PERE IV, 488","10-SantMartí/71-Provençals del Poblenou",8019,24,TRUE,146,1000,TRUE,NA,NA,1756677602,0
147,"RAMBLA PRIM, 79","ELECTRICBIKESTATION",41.416043,2.2124993,5,"RAMBLA PRIM, 79","10-SantMartí/70-el Besòs i el Maresme",8019,33,TRUE,147,1000,TRUE,NA,NA,1756677602,0
148,"RONDA SANT PAU, 79","ELECTRICBIKESTATION",41.3783467,2.1633139,12,"RONDA SANT PAU, 79","02-Eixample/10-Sant Antoni",8015,27,TRUE,148,1000,TRUE,NA,NA,1756677602,0
149,"C/ PUJADES, 57B","ELECTRICBIKESTATION",41.3958685,2.192952,4,"C/ PUJADES, 57B","10-SantMartí/66-el Parc i la Llacuna del Poblenou",8019,26,TRUE,149,1000,TRUE,NA,NA,1756677602,0
150,"C/ ESPRONCEDA, 124","ELECTRICBIKESTATION",41.4065912,2.203028,4,"C/ ESPRONCEDA, 124","10-SantMartí/68-el Poblenou",8005,27,TRUE,150,1000,TRUE,NA,NA,1756677602,0
151,"C/ PALLARS, 182","ELECTRICBIKESTATION",41.4003471,2.1969105,3,"C/ PALLARS, 182","10-SantMartí/68-el Poblenou",8005,31,TRUE,151,1000,TRUE,NA,NA,1756677602,0
152,"C/ PUJADES, 121","ELECTRICBIKESTATION",41.3993329,2.1974184,3,"C/ PUJADES, 121","10-SantMartí/68-el Poblenou",8005,39,TRUE,152,1000,TRUE,NA,NA,1756677602,0
153,"C/ PUJADES, 173/RBLA POBLE NOU","ELECTRICBIKESTATION",41.4018686,2.20077,3,"C/ PUJADES, 173/RBLA POBLE NOU","10-SantMartí/68-el Poblenou",8005,23,TRUE,153,1000,TRUE,NA,NA,1756677602,0
154,"C/ PUJADES, 191","ELECTRICBIKESTATION",41.4026275,2.2017694,2,"C/ PUJADES, 191","10-SantMartí/68-el Poblenou",8005,32,TRUE,154,1000,TRUE,NA,NA,1756677602,0
155,"C/ PUJADES, 311/ FLUVIÀ","ELECTRICBIKESTATION",41.4070139,2.2074469,4,"C/ PUJADES, 311/ FLUVIÀ","10-SantMartí/69-Diagonal Mar i el Front Marítim del Poblenou",8019,32,TRUE,155,1000,TRUE,NA,NA,1756677602,0
156,"C/ SELVA DE MAR, 46","ELECTRICBIKESTATION",41.4091355,2.2088179,4,"C/ SELVA DE MAR, 46","10-SantMartí/69-Diagonal Mar i el Front Marítim del Poblenou",8019,27,TRUE,156,1000,TRUE,NA,NA,1756677602,0
157,"C/ LLULL, 465","ELECTRICBIKESTATION",41.4132316,2.2177652,4,"C/ LLULL, 465","10-SantMartí/70-el Besòs i el Maresme",8019,33,TRUE,157,1000,TRUE,NA,NA,1756677602,0
158,"RAMBLA DE PRIM, 19","ELECTRICBIKESTATION",41.4116634,2.2183313,4,"RAMBLA DE PRIM, 19","10-SantMartí/70-el Besòs i el Maresme",8019,31,TRUE,158,1000,TRUE,NA,NA,1756677602,0
159,"AV. DIAGONAL, 26","ELECTRICBIKESTATION",41.4110822,2.2163136,4,"AV. DIAGONAL, 26","10-SantMartí/70-el Besòs i el Maresme",8019,36,TRUE,159,1000,TRUE,NA,NA,1756677602,0
160,"AV.DEDUARD MARISTANY,1 /FORUM","ELECTRICBIKESTATION",41.4109763,2.2193724,4,"AV. D'EDUARD MARISTANY, 1 /FORUM","10-SantMartí/70-el Besòs i el Maresme",8019,33,TRUE,160,1000,TRUE,NA,NA,1756677602,0
161,"C/ RAMON TURRÓ, 91","ELECTRICBIKESTATION",41.3953011,2.1965965,4,"C/ RAMON TURRÓ, 91","10-SantMartí/67-la Vila Olímpica del Poblenou",8005,27,TRUE,161,1000,TRUE,NA,NA,1756677602,0
162,"C/ RAMON TURRÓ, 292","ELECTRICBIKESTATION",41.4038559,2.2084257,3,"C/ RAMON TURRÓ, 292","10-SantMartí/69-Diagonal Mar i el Front Marítim del Poblenou",8005,27,TRUE,162,1000,TRUE,NA,NA,1756677602,0
163,"AV. ICÀRIA, 202","ELECTRICBIKESTATION",41.3942108,2.2008756,3,"AV. ICÀRIA, 202","10-SantMartí/67-la Vila Olímpica del Poblenou",8005,27,TRUE,163,1000,TRUE,NA,NA,1756677602,0
164,"C/ INDEPENDÈNCIA, 379","ELECTRICBIKESTATION",41.4118378,2.1778852,46,"C/ INDEPENDÈNCIA, 379","10-SantMartí/64-el Camp de l'Arpa del Clot",8026,27,TRUE,164,1000,TRUE,NA,NA,1756677602,0
165,"C/ DEL DOCTOR TRUETA, 222","ELECTRICBIKESTATION",41.3992169,2.2041415,3,"C/ DEL DOCTOR TRUETA, 222","10-SantMartí/68-el Poblenou",8005,27,TRUE,165,1000,TRUE,NA,NA,1756677602,0
166,"C/ BILBAO, 2","ELECTRICBIKESTATION",41.4008312,2.206645,3,"C/ BILBAO, 2","10-SantMartí/68-el Poblenou",8005,27,TRUE,166,1000,TRUE,NA,NA,1756677602,0
167,"C/ BAC DE RODA, 11","ELECTRICBIKESTATION",41.4023354,2.2105777,3,"C/ BAC DE RODA, 11","10-SantMartí/68-el Poblenou",8005,21,TRUE,167,1000,TRUE,NA,NA,1756677602,0
168,"SELVA DE MAR / PG. DEL TAULAT","ELECTRICBIKESTATION",41.4053697,2.2135818,5,"SELVA DE MAR / PG. DEL TAULAT","10-SantMartí/69-Diagonal Mar i el Front Marítim del Poblenou",8019,27,TRUE,168,1000,TRUE,NA,NA,1756677602,0
170,"AV. LITORAL, 40 (D)","ELECTRICBIKESTATION",41.3896642,2.1999572,6,"AV. LITORAL, 40 (D)","10-SantMartí/67-la Vila Olímpica del Poblenou",8005,54,TRUE,170,1000,TRUE,NA,NA,1756677602,0
171,"AV. LITORAL, 172","ELECTRICBIKESTATION",41.3919877,2.2037136,5,"AV. LITORAL, 172","10-SantMartí/67-la Vila Olímpica del Poblenou",8005,54,TRUE,171,1000,TRUE,NA,NA,1756677602,0
173,"AV.LITORAL, 84","ELECTRICBIKESTATION",41.3979002,2.2088454,8,"AV.LITORAL, 84","10-SantMartí/68-el Poblenou",8005,26,TRUE,173,1000,TRUE,NA,NA,1756677602,0
174,"PG. DE GARCIA FÀRIA, 21/ESPRONCEDA","ELECTRICBIKESTATION",41.400654,2.210191,6,"PG. DE GARCIA FÀRIA, 21/ESPRONCEDA","10-SantMartí/69-Diagonal Mar i el Front Marítim del Poblenou",8005,27,TRUE,174,1000,TRUE,NA,NA,1756677602,0
175,"C/ LLULL, 309","ELECTRICBIKESTATION",41.4065291,2.2091221,4,"C/ LLULL, 309","10-SantMartí/69-Diagonal Mar i el Front Marítim del Poblenou",8019,27,TRUE,175,1000,TRUE,NA,NA,1756677602,0
176,"PG. DE GARCIA FÀRIA, 37/JOSEP FERRATER","ELECTRICBIKESTATION",41.403216,2.2136,6,"PG. DE GARCIA FÀRIA, 37/JOSEP FERRATER","10-SantMartí/69-Diagonal Mar i el Front Marítim del Poblenou",8019,31,TRUE,176,1000,TRUE,NA,NA,1756677602,0
177,"C/ ROSSELLÓ, 557","ELECTRICBIKESTATION",41.4110754,2.1809764,33,"C/ ROSSELLÓ, 557","10-SantMartí/64-el Camp de l'Arpa del Clot",8026,38,TRUE,177,1000,TRUE,NA,NA,1756677602,0
178,"PG. DE GARCIA FÀRIA, 85","ELECTRICBIKESTATION",41.4053649,2.2162094,7,"PG. DE GARCIA FÀRIA, 85","10-SantMartí/69-Diagonal Mar i el Front Marítim del Poblenou",8019,27,TRUE,178,1000,TRUE,NA,NA,1756677602,0
180,"GRAN VIA DE LES CORTS CATALANES, 179 (D)","ELECTRICBIKESTATION",41.3675574,2.1388216,14,"GRAN VIA DE LES CORTS CATALANES, 179 (D)","03-Sants-Montjuïc/16-la Bordeta",8014,50,TRUE,180,1000,TRUE,NA,NA,1756677602,0
182,"C/ SANT PERE D´ABANTO, 2","ELECTRICBIKESTATION",41.371366,2.143565,18,"C/ SANT PERE D´ABANTO, 2","03-Sants-Montjuïc/15-Hostafrancs",8014,33,TRUE,182,1000,TRUE,NA,NA,1756677602,0
183,"C/ GAVÀ, 1","ELECTRICBIKESTATION",41.3723682,2.1419494,18,"C/ GAVÀ, 1","03-Sants-Montjuïc/16-la Bordeta",8014,30,TRUE,183,1000,TRUE,NA,NA,1756677602,0
184,"C/ QUETZAL, 22-24","ELECTRICBIKESTATION",41.3675438,2.1342316,22,"C/ QUETZAL, 22-24","03-Sants-Montjuïc/16-la Bordeta",8014,27,TRUE,184,1000,TRUE,NA,NA,1756677602,0
185,"C/GAVÀ, 81","ELECTRICBIKESTATION",41.3703717,2.1389439,20,"C/GAVÀ, 81","03-Sants-Montjuïc/16-la Bordeta",8014,17,TRUE,185,1000,TRUE,NA,NA,1756677602,0
186,"C/CONSELL DE CENT, 6","ELECTRICBIKESTATION",41.3755503,2.1439036,27,"C/CONSELL DE CENT, 6","03-Sants-Montjuïc/15-Hostafrancs",8014,26,TRUE,186,1000,TRUE,NA,NA,1756677602,0
187,"C/ DE SANT PAU, 89 - 97","ELECTRICBIKESTATION",41.3768806,2.1698206,5,"C/ DE SANT PAU, 89 - 97","01-CiutatVella/01-el Raval",8001,15,TRUE,187,1000,TRUE,NA,NA,1756677602,0
188,"PG. SANT ANTONI /PL. SANTS","ELECTRICBIKESTATION",41.3756948,2.1358571,30,"PG. SANT ANTONI /PL. SANTS","03-Sants-Montjuïc/18-Sants",8014,27,TRUE,188,1000,TRUE,NA,NA,1756677602,0
189,"C/ BRUC, 130","ELECTRICBIKESTATION",41.3969839,2.1661852,34,"C/ BRUC, 130","02-Eixample/07-la Dreta de l'Eixample",8037,28,TRUE,189,1000,TRUE,NA,NA,1756677602,0
190,"AV. LITORAL, 72","ELECTRICBIKESTATION",41.3961412,2.2078439,6,"AV. LITORAL, 72","10-SantMartí/68-el Poblenou",8005,29,TRUE,190,1000,TRUE,NA,NA,1756677602,0
191,"C/ ENTENÇA, 137","ELECTRICBIKESTATION",41.381951,2.147474,15,"C/ ENTENÇA, 137","02-Eixample/09-la Nova Esquerra de l'Eixample",8015,37,TRUE,191,1000,TRUE,NA,NA,1756677602,0
192,"C/ JOAN GÜELL, 50","ELECTRICBIKESTATION",41.3786364,2.1335494,33,"C/ JOAN GÜELL, 50","03-Sants-Montjuïc/18-Sants",8028,21,TRUE,192,1000,TRUE,NA,NA,1756677602,0
193,"C/ FÍGOLS, 1","ELECTRICBIKESTATION",41.3812979,2.1289917,41,"C/ FÍGOLS, 1","04-LesCorts/19-les Corts",8028,27,TRUE,193,1000,TRUE,NA,NA,1756677602,0
194,"C/ JOAN GÜELL, 98","ELECTRICBIKESTATION",41.3812001,2.1323612,38,"C/ JOAN GÜELL, 98","04-LesCorts/19-les Corts",8028,24,TRUE,194,1000,TRUE,NA,NA,1756677602,0
195,"C/ VALLESPIR, 130","ELECTRICBIKESTATION",41.3821371,2.1354149,38,"C/ VALLESPIR, 130","04-LesCorts/19-les Corts",8014,27,TRUE,195,1000,TRUE,NA,NA,1756677602,0
196,"C/ BERLÍN, 38","ELECTRICBIKESTATION",41.3832609,2.1392662,38,"C/ BERLÍN, 38","03-Sants-Montjuïc/18-Sants",8029,27,TRUE,196,1000,TRUE,NA,NA,1756677602,0
197,"C/ GELABERT, 1","ELECTRICBIKESTATION",41.3871579,2.1410945,47,"C/ GELABERT, 1","04-LesCorts/19-les Corts",8029,27,TRUE,197,1000,TRUE,NA,NA,1756677602,0
198,"C/ VALLESPIR, 194","ELECTRICBIKESTATION",41.3847113,2.1334379,48,"C/ VALLESPIR, 194","04-LesCorts/19-les Corts",8014,27,TRUE,198,1000,TRUE,NA,NA,1756677602,0
199,"C/ MEJÍA LEQUERICA, 2","ELECTRICBIKESTATION",41.3819739,2.1268625,47,"C/ MEJÍA LEQUERICA, 2","04-LesCorts/20-la Maternitat i Sant Ramon",8028,27,TRUE,199,1000,TRUE,NA,NA,1756677602,0
200,"C/ JOAN GÜELL, 174","ELECTRICBIKESTATION",41.3839045,2.1312876,47,"C/ JOAN GÜELL, 174","04-LesCorts/19-les Corts",8028,24,TRUE,200,1000,TRUE,NA,NA,1756677602,0
201,"C/ NUMÀNCIA, 136","ELECTRICBIKESTATION",41.3878061,2.1344218,55,"C/ NUMÀNCIA, 136","04-LesCorts/19-les Corts",8029,24,TRUE,201,1000,TRUE,NA,NA,1756677602,0
202,"C/ DE LES CORTS, 20","ELECTRICBIKESTATION",41.3854466,2.1288753,52,"C/ DE LES CORTS, 20","04-LesCorts/19-les Corts",8028,27,TRUE,202,1000,TRUE,NA,NA,1756677602,0
203,"AV. DIAGONAL, 668","ELECTRICBIKESTATION",41.3887069,2.1285766,64,"AV. DIAGONAL, 668","04-LesCorts/19-les Corts",8034,33,TRUE,203,1000,TRUE,NA,NA,1756677602,0
204,"AV. DIAGONAL, 672","ELECTRICBIKESTATION",41.3880355,2.1256248,63,"AV. DIAGONAL, 672","04-LesCorts/21-Pedralbes",8034,33,TRUE,204,1000,TRUE,NA,NA,1756677602,0
205,"C/ DE CAN SEGALAR, 4","ELECTRICBIKESTATION",41.3879413310938,2.13059591593856,NA,"C/ DE CAN SEGALAR, 4","04-LesCorts/19-les Corts",8028,37,TRUE,205,1000,TRUE,NA,NA,1756677602,0
206,"AV. DIAGONAL, 650","ELECTRICBIKESTATION",41.3897943,2.1328634,62," AV. DIAGONAL, 650","04-LesCorts/19-les Corts",8017,33,TRUE,206,1000,TRUE,NA,NA,1756677602,0
207,"AV. DIAGONAL, 634","ELECTRICBIKESTATION",41.3908477,2.136579,62,"AV. DIAGONAL, 634","04-LesCorts/19-les Corts",8017,25,TRUE,207,1000,TRUE,NA,NA,1756677602,0
208,"AV. DIAGONAL, 630","ELECTRICBIKESTATION",41.3915195,2.1390667,59,"AV. DIAGONAL, 630","05-Sarrià-StGervasi/26-Sant Gervasi - Galvany",8017,33,TRUE,208,1000,TRUE,NA,NA,1756677602,0
209,"C/ DIPUTACIÓ, 200","ELECTRICBIKESTATION",41.3857425,2.1610515,23,"C/ DIPUTACIÓ, 200","02-Eixample/08-l'Antiga Esquerra de l'Eixample",8011,26,TRUE,209,1000,TRUE,NA,NA,1756677602,0
210,"C/ VILARDELL, 18","ELECTRICBIKESTATION",41.3745238,2.1422556,22,"C/ VILARDELL, 18","03-Sants-Montjuïc/15-Hostafrancs",8014,31,TRUE,210,1000,TRUE,NA,NA,1756677602,0
211,"C/ SANCHO DE ÁVILA, 60-64","ELECTRICBIKESTATION",41.3987543,2.1902116,5,"C/ SANCHO DE ÁVILA, 60-64","10-SantMartí/66-el Parc i la Llacuna del Poblenou",8018,28,TRUE,211,1000,TRUE,NA,NA,1756677602,0
212,"AV. SARRIÀ, 163","ELECTRICBIKESTATION",41.3922355,2.1309272,75,"AV. SARRIÀ, 163","04-LesCorts/19-les Corts",8017,24,TRUE,212,1000,TRUE,NA,NA,1756677602,0
213,"C/ SANTA FE DE NOU MÈXIC, 2","ELECTRICBIKESTATION",41.3935816,2.1345892,70,"C/ SANTA FE DE NOU MÈXIC, 2","05-Sarrià-StGervasi/24-les Tres Torres",8017,33,TRUE,213,1000,TRUE,NA,NA,1756677602,0
214,"C/ JOSÉ DE  AGULLÓ, 9","ELECTRICBIKESTATION",41.3952027,2.1334873,72,"C/ JOSÉ DE  AGULLÓ, 9","05-Sarrià-StGervasi/24-les Tres Torres",8017,25,TRUE,214,1000,TRUE,NA,NA,1756677602,0
215,"C/ GANDUXER, 29","ELECTRICBIKESTATION",41.3939378,2.1380304,65,"C/ GANDUXER, 29","05-Sarrià-StGervasi/26-Sant Gervasi - Galvany",8021,21,TRUE,215,1000,TRUE,NA,NA,1756677602,0
216,"C/ MADRAZO, 131","ELECTRICBIKESTATION",41.3967824,2.1445567,63,"C/ MADRAZO, 131","05-Sarrià-StGervasi/26-Sant Gervasi - Galvany",8021,27,TRUE,216,1000,TRUE,NA,NA,1756677602,0
217,"C/ RECTOR UBACH, 24","ELECTRICBIKESTATION",41.3985735,2.1440826,75,"C/ RECTOR UBACH, 24","05-Sarrià-StGervasi/26-Sant Gervasi - Galvany",8021,27,TRUE,217,1000,TRUE,NA,NA,1756677602,0
218,"C/ CONSELL DE CENT, 566","ELECTRICBIKESTATION",41.4040364,2.183145,17,"C/ CONSELL DE CENT, 566","02-Eixample/06-la Sagrada Família",8013,39,TRUE,218,1000,TRUE,NA,NA,1756677602,0
219,"C/ LAFORJA, 74-76","ELECTRICBIKESTATION",41.3976165,2.1471724,67,"C/ LAFORJA, 74-76","05-Sarrià-StGervasi/26-Sant Gervasi - Galvany",8021,26,TRUE,219,1000,TRUE,NA,NA,1756677602,0
220,"C/ TUSET, 19","ELECTRICBIKESTATION",41.3960982,2.1513154,53,"C/ TUSET, 19","05-Sarrià-StGervasi/26-Sant Gervasi - Galvany",8006,26,TRUE,220,1000,TRUE,NA,NA,1756677602,0
221,"GRAN DE GRÀCIA, 155 (METRO FONTANA)","ELECTRICBIKESTATION",41.4025392,2.1524704,68,"GRAN DE GRÀCIA, 155 (METRO FONTANA)","06-Gràcia/31-la Vila de Gràcia",8012,24,TRUE,221,1000,TRUE,NA,NA,1756677602,0
222,"C/ DEL CANÓ, 1","ELECTRICBIKESTATION",41.4013296,2.1574439,58,"C/ DEL CANÓ, 1","06-Gràcia/31-la Vila de Gràcia",8012,27,TRUE,222,1000,TRUE,NA,NA,1756677602,0
223,"C/ DE BONAVISTA, 14","ELECTRICBIKESTATION",41.3983444,2.1598243,48,"C/ DE BONAVISTA, 14","06-Gràcia/31-la Vila de Gràcia",8012,36,TRUE,223,1000,TRUE,NA,NA,1756677602,0
224,"C / GIRONA, 176","ELECTRICBIKESTATION",41.3999967,2.1644531,40,"C / GIRONA, 176","02-Eixample/07-la Dreta de l'Eixample",8037,26,TRUE,224,1000,TRUE,NA,NA,1756677602,0
225,"C/ VILADOMAT, 200","ELECTRICBIKESTATION",41.3848102114671,2.15080712464522,28,"C/ VILADOMAT, 200","02-Eixample/09-la Nova Esquerra de l'Eixample",8029,25,TRUE,225,1000,TRUE,NA,NA,1756677602,0
226,"C/ MONTMANY, 1","ELECTRICBIKESTATION",41.4035608,2.1609345,52,"C/ MONTMANY, 1","06-Gràcia/31-la Vila de Gràcia",8012,27,TRUE,226,1000,TRUE,NA,NA,1756677602,0
227,"C/ DEL TORRENT DE LES FLORS, 102","ELECTRICBIKESTATION",41.4078456,2.1586704,69,"C/ DEL TORRENT DE LES FLORS, 102","06-Gràcia/31-la Vila de Gràcia",8024,18,TRUE,227,1000,TRUE,NA,NA,1756677602,0
228,"PL. DEL NORD, 5","ELECTRICBIKESTATION",41.4068417,2.1558354,73,"PL. DEL NORD, 5","06-Gràcia/31-la Vila de Gràcia",8024,21,TRUE,228,1000,TRUE,NA,NA,1756677602,0
229,"C/ DE LA SANTACREU, 2 (PL. DE LA VIRREINA)","ELECTRICBIKESTATION",41.4050968,2.1569161,68,"C/ DE LA SANTACREU, 2 (PL. DE LA VIRREINA)","06-Gràcia/31-la Vila de Gràcia",8024,28,TRUE,229,1000,TRUE,NA,NA,1756677602,0
230,"C/ DE NIL FABRA, 16-20","ELECTRICBIKESTATION",41.4059356,2.1517977,80,"C/ DE NIL FABRA, 16-20","06-Gràcia/31-la Vila de Gràcia",8012,26,TRUE,230,1000,TRUE,NA,NA,1756677602,0
231,"C/ PAU ALSINA, 54","ELECTRICBIKESTATION",41.4092005,2.16400285,65,"C/ PAU ALSINA, 54","06-Gràcia/32-el Camp d'en Grassot i Gràcia Nova",8025,23,TRUE,231,1000,TRUE,NA,NA,1756677602,0
232,"C/ PALAUDÀRIES, 2","ELECTRICBIKESTATION",41.3744999703376,2.17302554571611,6,"C/ PALAUDÀRIES, 2","03-Sants-Montjuïc/11-el Poble-sec",8004,27,TRUE,232,1000,TRUE,NA,NA,1756677602,0
233,"C/ NOU DE LA RAMBLA, 164","ELECTRICBIKESTATION",41.3719688,2.1667829,21,"C/ NOU DE LA RAMBLA, 164","03-Sants-Montjuïc/11-el Poble-sec",8004,27,TRUE,233,1000,TRUE,NA,NA,1756677602,0
234,"PG. DE L´EXPOSICIÓ, 38 | BLASCO GARAY","ELECTRICBIKESTATION",41.371532,2.162203,31,"PG. DE L´EXPOSICIÓ, 38 | BLASCO GARAY","03-Sants-Montjuïc/11-el Poble-sec",8004,27,TRUE,234,1000,TRUE,NA,NA,1756677602,0
235,"AV. PARAL.LEL, 98","ELECTRICBIKESTATION",41.3751767,2.1658972,10,"AV. PARAL.LEL, 98","02-Eixample/11-el Poble-sec",8015,21,TRUE,235,1000,TRUE,NA,NA,1756677602,0
236,"AV. PARAL.LEL, 194","ELECTRICBIKESTATION",41.3751161,2.1523091,24,"AV. PARAL.LEL, 194","02-Eixample/10-Sant Antoni",8015,26,TRUE,236,1000,TRUE,NA,NA,1756677602,0
237,"C/ RIUS I TAULET, 4","ELECTRICBIKESTATION",41.3727426,2.1539198,33,"C/ RIUS I TAULET, 4","03-Sants-Montjuïc/11-el Poble-sec",8004,27,TRUE,237,1000,TRUE,NA,NA,1756677602,0
238,"C/ ESPRONCEDA, 298","ELECTRICBIKESTATION",41.4158807,2.1908473,16,"C/ ESPRONCEDA, 298","09-SantAndreu/63-Navas",8027,27,TRUE,238,1000,TRUE,NA,NA,1756677602,0
239,"C/ INDÚSTRIA, 329","ELECTRICBIKESTATION",41.4172922,2.1844769,31,"C/ INDÚSTRIA, 329","09-SantAndreu/63-Navas",8027,35,TRUE,239,1000,TRUE,NA,NA,1756677602,0
240,"C/ JOSEP ESTIVILL, 32","ELECTRICBIKESTATION",41.4175595,2.1877153,23,"C/ JOSEP ESTIVILL, 32","09-SantAndreu/63-Navas",8027,27,TRUE,240,1000,TRUE,NA,NA,1756677602,0
241,"C/ TEODOR LLORENTE, 1","ELECTRICBIKESTATION",41.419178,2.18018,44,"C/ TEODOR LLORENTE, 1","07-Horta-Guinardó/35-el Guinardó",8041,33,TRUE,241,1000,TRUE,NA,NA,1756677602,0
242,"C/ RAMON ALBÓ, 1","ELECTRICBIKESTATION",41.4244527,2.1773157,56,"C/ RAMON ALBÓ, 1","09-SantAndreu/62-el Congrés i els Indians",8027,27,TRUE,242,1000,TRUE,NA,NA,1756677602,0
243,"C/ ALEXANDRE GALÍ, 1-5","ELECTRICBIKESTATION",41.4239719,2.1812399,42,"C/ ALEXANDRE GALÍ, 1-5","09-SantAndreu/62-el Congrés i els Indians",8027,27,TRUE,243,1000,TRUE,NA,NA,1756677602,0
244,"C/ FELIP II, 214","ELECTRICBIKESTATION",41.426925,2.1786224,44,"C/ FELIP II, 214","09-SantAndreu/62-el Congrés i els Indians",8027,27,TRUE,244,1000,TRUE,NA,NA,1756677602,0
245,"LA RAMBLA, 101","ELECTRICBIKESTATION",41.3826647,2.1717083,10,"LA RAMBLA, 101","01-CiutatVella/01-el Raval",8002,27,TRUE,245,1000,TRUE,NA,NA,1756677602,0
246," C/ GARCILASO, 77","ELECTRICBIKESTATION",41.4228449,2.1866363,30,"C/ GARCILASO, 77","09-SantAndreu/61-la Sagrera",8027,18,TRUE,246,1000,TRUE,NA,NA,1756677602,0
247,"C/ FELIPE II, 112","ELECTRICBIKESTATION",41.4219291,2.1849107,32,"C/ FELIPE II, 112","09-SantAndreu/61-la Sagrera",8027,32,TRUE,247,1000,TRUE,NA,NA,1756677602,0
248,"C/ PALÈNCIA, 31","ELECTRICBIKESTATION",41.4182129,2.1904005,18,"C/ PALÈNCIA, 31","09-SantAndreu/61-la Sagrera",8027,27,TRUE,248,1000,TRUE,NA,NA,1756677602,0
249,"C/ ANTILLES, 8","ELECTRICBIKESTATION",41.4250835,2.1872818,21,"C/ ANTILLES, 8","09-SantAndreu/61-la Sagrera",8027,27,TRUE,249,1000,TRUE,NA,NA,1756677602,0
250,"C/ PORTUGAL, 3","ELECTRICBIKESTATION",41.4258248,2.191206,25,"C/ PORTUGAL, 3","09-SantAndreu/61-la Sagrera",8027,27,TRUE,250,1000,TRUE,NA,NA,1756677602,0
251,"C/ CARDENAL TEDESCHINI, 13","ELECTRICBIKESTATION",41.4253643,2.1852073,35,"C/ CARDENAL TEDESCHINI, 13","09-SantAndreu/61-la Sagrera",8027,33,TRUE,251,1000,TRUE,NA,NA,1756677602,0
252,"RAMBLA DE L'ONZE DE SETEMBRE, 31","ELECTRICBIKESTATION",41.4298991,2.1932159,24,"RAMBLA DE L'ONZE DE SETEMBRE, 31","09-SantAndreu/60-Sant Andreu",8030,33,TRUE,252,1000,TRUE,NA,NA,1756677602,0
253,"C/ ONZE DE SETEMBRE, 37-39","ELECTRICBIKESTATION",41.4298614,2.1922011,25,"C/ ONZE DE SETEMBRE, 37-39","09-SantAndreu/60-Sant Andreu",8030,27,TRUE,253,1000,TRUE,NA,NA,1756677602,0
254,"RAMBLA DE L'ONZE DE SETEMBRE, 69","ELECTRICBIKESTATION",41.4299999,2.190246,26,"RAMBLA DE L'ONZE DE SETEMBRE, 69","09-SantAndreu/60-Sant Andreu",8030,26,TRUE,254,1000,TRUE,NA,NA,1756677602,0
255,"C/ IRLANDA, 34","ELECTRICBIKESTATION",41.4315,2.18579,30,"C/ IRLANDA, 34","09-SantAndreu/60-Sant Andreu",8030,15,TRUE,255,1000,TRUE,NA,NA,1756677602,0
256,"C/ MALATS, 28-30","ELECTRICBIKESTATION",41.4361251,2.1894423,25,"C/ MALATS, 28-30","09-SantAndreu/60-Sant Andreu",8030,32,TRUE,256,1000,TRUE,NA,NA,1756677602,0
257,"C/ SANT ADRIÀ, 2-8","ELECTRICBIKESTATION",41.433934,2.1896502,27,"C/ SANT ADRIÀ, 2-8","09-SantAndreu/60-Sant Andreu",8030,24,TRUE,257,1000,TRUE,NA,NA,1756677602,0
258,"C/ FERNANDO PESSOA, 41","ELECTRICBIKESTATION",41.4419866639024,2.19295764171618,23.5,"C/ FERNANDO PESSOA, 41","09-SantAndreu/60-Sant Andreu",8030,27,TRUE,258,1000,TRUE,NA,NA,1756677602,0
259,"C/ DE BARTRINA, 14","ELECTRICBIKESTATION",41.4391174,2.1858025,34,"C/ DE BARTRINA, 14","09-SantAndreu/60-Sant Andreu",8030,24,TRUE,259,1000,TRUE,NA,NA,1756677602,0
260,"CARRER DEL CINCA, 7","ELECTRICBIKESTATION",41.4356895,2.1920873,22,"CARRER DEL CINCA, 7","09-SantAndreu/60-Sant Andreu",8030,27,TRUE,260,1000,TRUE,NA,NA,1756677602,0
261,"C/ VILLARROEL, 39","ELECTRICBIKESTATION",41.3821314,2.1606534,17,"C/ VILLARROEL, 39","02-Eixample/10-Sant Antoni",8011,32,TRUE,261,1000,TRUE,NA,NA,1756677602,0
262,"C/ ENTENÇA, 70","ELECTRICBIKESTATION",41.3790954665734,2.1516210083712,21,"C/ ENTENÇA, 70","02-Eixample/09-la Nova Esquerra de l'Eixample",8015,24,TRUE,262,1000,TRUE,NA,NA,1756677602,0
263,"PG. TORRAS I BAGES, 29","ELECTRICBIKESTATION",41.4378773,2.1910691,23,"PG. TORRAS I BAGES, 29","09-SantAndreu/60-Sant Andreu",8030,20,TRUE,263,1000,TRUE,NA,NA,1756677602,0
264,"C/REPÚBLICA DOMINICANA, 25 (CENTRO COMERCIAL)","ELECTRICBIKESTATION",41.439929,2.1970692,20,"C/REPÚBLICA DOMINICANA, 25 (CENTRO COMERCIAL)","09-SantAndreu/59-el Bon Pastor",8030,32,TRUE,264,1000,TRUE,NA,NA,1756677602,0
265,"C/ CASANOVA, 55","ELECTRICBIKESTATION",41.3847738,2.1592566,23,"C/ CASANOVA, 55","02-Eixample/08-l'Antiga Esquerra de l'Eixample",8011,27,TRUE,265,1000,TRUE,NA,NA,1756677602,0
266,"C/ RIERA D'HORTA, 2","ELECTRICBIKESTATION",41.427591,2.183966,38,"C/ RIERA D'HORTA, 2","09-SantAndreu/62-el Congrés i els Indians",8027,34,TRUE,266,1000,TRUE,NA,NA,1756677602,0
267,"PG. TORRAS I BAGES, 129","ELECTRICBIKESTATION",41.4433647,2.1906302,29,"PG. TORRAS I BAGES, 129","09-SantAndreu/60-Sant Andreu",8030,24,TRUE,267,1000,TRUE,NA,NA,1756677602,0
268,"C/ FERNANDO PESSOA, 72","ELECTRICBIKESTATION",41.4457195,2.1929816,26,"C/ FERNANDO PESSOA, 72","09-SantAndreu/60-Sant Andreu",8030,27,TRUE,268,1000,TRUE,NA,NA,1756677602,0
269,"VIA BARCINO, 121","ELECTRICBIKESTATION",41.448152,2.19294,26,"VIA BARCINO, 121","09-SantAndreu/57-la Trinitat Vella",8033,20,TRUE,269,1000,TRUE,NA,NA,1756677602,0
270,"CRTA. DE RIBES, 77 (TRINITAT VELLA)","ELECTRICBIKESTATION",41.4486328,2.1898372,35,"270 - CRTA. DE RIBES, 77 (TRINITAT VELLA)","09-SantAndreu/57-la Trinitat Vella",8033,27,TRUE,270,1000,TRUE,NA,NA,1756677602,0
271,"VIA DE BÀRCINO, 54","ELECTRICBIKESTATION",41.45137,2.1922985,NA,"VIA DE BÀRCINO, 54","09-SantAndreu/57-la Trinitat Vella",8033,21,TRUE,271,1000,TRUE,NA,NA,1756677602,0
272,"C/ CONCEPCIÓ ARENAL, 281","ELECTRICBIKESTATION",41.4325013,2.1842021,32,"C/ CONCEPCIÓ ARENAL, 281","09-SantAndreu/60-Sant Andreu",8033,27,TRUE,272,1000,TRUE,NA,NA,1756677602,0
273,"AV. MERIDIANA, 404","ELECTRICBIKESTATION",41.4304126,2.1834174,38,"AV. MERIDIANA, 404","09-SantAndreu/60-Sant Andreu",8030,36,TRUE,273,1000,TRUE,NA,NA,1756677602,0
274,"RAMBLA FABRA I PUIG, 67","ELECTRICBIKESTATION",41.4299201,2.1849813,33,"RAMBLA FABRA I PUIG, 67","09-SantAndreu/60-Sant Andreu",8030,32,TRUE,274,1000,TRUE,NA,NA,1756677602,0
275,"AV. RIO DE JANEIRO, 3","ELECTRICBIKESTATION",41.43068,2.1821802,38,"AV. RIO DE JANEIRO, 3","08-NouBarris/45-Porta",8016,32,TRUE,275,1000,TRUE,NA,NA,1756677602,0
276,"PLAÇA ALFONS X EL SAVI / RONDA DEL GUIN","ELECTRICBIKESTATION",41.4121345,2.1652216,88,"PLAÇA ALFONS X EL SAVI / RONDA DEL GUINARDO","07-Horta-Guinardó/33-el Baix Guinardó",8024,27,TRUE,276,1000,TRUE,NA,NA,1756677602,0
277,"TRAVESSERA DE GRÀCIA, 328","ELECTRICBIKESTATION",41.4082107,2.1689962,60,"TRAVESSERA DE GRÀCIA, 328","07-Horta-Guinardó/33-el Baix Guinardó",8025,27,TRUE,277,1000,TRUE,NA,NA,1756677602,0
278,"TRAVESSERA DE GRÀCIA, 368","ELECTRICBIKESTATION",41.4098842,2.1715285,59,"TRAVESSERA DE GRÀCIA, 368","07-Horta-Guinardó/33-el Baix Guinardó",8025,27,TRUE,278,1000,TRUE,NA,NA,1756677602,0
279,"C/ MAS CASANOVAS, 137","ELECTRICBIKESTATION",41.4158995,2.1745567,75,"C/ MAS CASANOVAS, 137","07-Horta-Guinardó/35-el Guinardó",8041,27,TRUE,279,1000,TRUE,NA,NA,1756677602,0
280,"C/ SANT ANTONI Mª CLARET, 290-296","ELECTRICBIKESTATION",41.4138664,2.1777274,49,"C/ SANT ANTONI Mª CLARET, 290-296","07-Horta-Guinardó/35-el Guinardó",8041,27,TRUE,280,1000,TRUE,NA,NA,1756677602,0
281,"C/ D'ESCORNALBOU, 51","ELECTRICBIKESTATION",41.4180789,2.1763994,74,"C/ D'ESCORNALBOU, 51","07-Horta-Guinardó/35-el Guinardó",8041,24,TRUE,281,1000,TRUE,NA,NA,1756677602,0
282,"PG. FONT D´EN- FARGAS, 1","ELECTRICBIKESTATION",41.4275514,2.1659881,75,"PG. FONT D´EN- FARGAS, 1","07-Horta-Guinardó/36-la Font d'en Fargues",8031,27,TRUE,282,1000,TRUE,NA,NA,1756677602,0
283,"C/ FULTON, 1","ELECTRICBIKESTATION",41.4297231,2.1617032,76,"C/ FULTON, 1","07-Horta-Guinardó/43-Horta",8032,20,TRUE,283,1000,TRUE,NA,NA,1756677602,0
284,"AV. DIAGONAL, 652","ELECTRICBIKESTATION",41.389462,2.1314948,63,"AV. DIAGONAL, 652","04-LesCorts/19-les Corts",8034,27,TRUE,284,1000,TRUE,NA,NA,1756677602,0
285,"C/ MALATS, 98-100","ELECTRICBIKESTATION",41.4366708,2.186105,35,"C/ MALATS, 98-100","09-SantAndreu/60-Sant Andreu",8030,15,TRUE,285,1000,TRUE,NA,NA,1756677602,0
286,"C/ BOLÍVIA, 76","ELECTRICBIKESTATION",41.4030225,2.1913538,7,"C/ BOLÍVIA, 76","10-SantMartí/66-el Parc i la Llacuna del Poblenou",8018,18,TRUE,286,1000,TRUE,NA,NA,1756677602,0
287,"GRAN VIA DE LES CORTS CATALANES, 632","ELECTRICBIKESTATION",41.3890626,2.1679313,22,"GRAN VIA DE LES CORTS CATALANES, 632","02-Eixample/07-la Dreta de l'Eixample",8007,16,TRUE,287,1000,TRUE,NA,NA,1756677602,0
288,"PL. VIRREI AMAT","ELECTRICBIKESTATION",41.4296439,2.174444,55,"PL. VIRREI AMAT","08-NouBarris/44-Vilapicina i la Torre Llobeta",8016,32,TRUE,288,1000,TRUE,NA,NA,1756677602,0
289,"C/ MÚRCIA, 64","ELECTRICBIKESTATION",41.4166982,2.1909952,17,"C/ MÚRCIA, 64","09-SantAndreu/63-Navas",8027,27,TRUE,289,1000,TRUE,NA,NA,1756677602,0
290,"PL. DELS JARDINS D'ALFÀBIA, 1","ELECTRICBIKESTATION",41.4373376,2.1740962,66,"PL. DELS JARDINS D'ALFÀBIA, 1","08-NouBarris/45-Porta",8016,17,TRUE,290,1000,TRUE,NA,NA,1756677602,0
291,"C/ CUBELLES, 2","ELECTRICBIKESTATION",41.426078,2.1751572,57,"C/ CUBELLES, 2","08-NouBarris/44-Vilapicina i la Torre Llobeta",8031,27,TRUE,291,1000,TRUE,NA,NA,1756677602,0
292,"C/ AMILCAR, 1","ELECTRICBIKESTATION",41.4300161,2.1720191,61,"C/ AMILCAR, 1","08-NouBarris/44-Vilapicina i la Torre Llobeta",8031,12,TRUE,292,1000,TRUE,NA,NA,1756677602,0
293,"C/ GRANOLLERS, 1","ELECTRICBIKESTATION",41.4283127,2.1629889,78,"C/ GRANOLLERS, 1","07-Horta-Guinardó/43-Horta",8032,24,TRUE,293,1000,TRUE,NA,NA,1756677602,0
294,"SEU DEL DISTRICTE (NOU BARRIS)","ELECTRICBIKESTATION",41.4363473,2.1706752,72,"SEU DEL DISTRICTE (NOU BARRIS)","08-NouBarris/48-la Guineueta",8042,24,TRUE,294,1000,TRUE,NA,NA,1756677602,0
295,"C/ SANT ISCLE, 60","ELECTRICBIKESTATION",41.433384,2.1716309,61,"C/ SANT ISCLE, 60","08-NouBarris/46-el Turó de la Peira",8031,27,TRUE,295,1000,TRUE,NA,NA,1756677602,0
296,"C/ DE ROSSELLÓ I PORCEL, 1 | AV. MERIDIANA","ELECTRICBIKESTATION",41.4364887,2.1841014,41,"C/ DE ROSSELLÓ I PORCEL, 1 | AV. MERIDIANA","08-NouBarris/45-Porta",8016,33,TRUE,296,1000,TRUE,NA,NA,1756677602,0
297,"C/ TURÓ BLAU, 1-3","ELECTRICBIKESTATION",41.4388223,2.1767828,62,"C/ TURÓ BLAU, 1-3","08-NouBarris/52-la Prosperitat",8016,24,TRUE,297,1000,TRUE,NA,NA,1756677602,0
298,"C/ ANDREU NIN, 22","ELECTRICBIKESTATION",41.4347233,2.1817718,41,"C/ ANDREU NIN, 22","08-NouBarris/45-Porta",8016,32,TRUE,298,1000,TRUE,NA,NA,1756677602,0
299,"C/ DE L'ESCULTOR ORDÓÑEZ, 55","ELECTRICBIKESTATION",41.4340849,2.1748267,53,"C/ DE L'ESCULTOR ORDÓÑEZ, 55","08-NouBarris/45-Porta",8016,27,TRUE,299,1000,TRUE,NA,NA,1756677602,0
300,"C/ DE MALADETA, 1","ELECTRICBIKESTATION",41.4315843,2.1769107,44,"C/ DE MALADETA, 1","08-NouBarris/45-Porta",8016,18,TRUE,300,1000,TRUE,NA,NA,1756677602,0
301,"C/ MARIE CURIE, 8-14","ELECTRICBIKESTATION",41.4366871,2.1693134,73,"C/ MARIE CURIE, 8-14","08-NouBarris/48-la Guineueta",8042,27,TRUE,301,1000,TRUE,NA,NA,1756677602,0
302,"C/ CAVALLERS, 41","ELECTRICBIKESTATION",41.3906352,2.111541,111,"C/ CAVALLERS, 41","04-LesCorts/21-Pedralbes",8034,39,TRUE,302,1000,TRUE,NA,NA,1756677602,0
303,"C/ CAVALLERS, 67","ELECTRICBIKESTATION",41.3934324,2.115107,101,"C/ CAVALLERS, 67","04-LesCorts/21-Pedralbes",8034,27,TRUE,303,1000,TRUE,NA,NA,1756677602,0
304,"PG. MANUEL GIRONA, 7","ELECTRICBIKESTATION",41.39038,2.121,78,"PG. MANUEL GIRONA, 7","04-LesCorts/23-Sarrià",8034,26,TRUE,304,1000,TRUE,NA,NA,1756677602,0
305,"AV. DIAGONAL, 680","ELECTRICBIKESTATION",41.3875297,2.1237141,65,"AV. DIAGONAL, 680","04-LesCorts/21-Pedralbes",8034,27,TRUE,305,1000,TRUE,NA,NA,1756677602,0
306,"C/ DOCTOR SALVADOR CARDENAL, 1-5","ELECTRICBIKESTATION",41.3853868,2.122893,60,"C/ DOCTOR SALVADOR CARDENAL, 1-5","04-LesCorts/20-la Maternitat i Sant Ramon",8028,31,TRUE,306,1000,TRUE,NA,NA,1756677602,0
307,"C/ PINTOR RIBALTA | AV. XILE","ELECTRICBIKESTATION",41.3791986,2.1135824,60,"C/ PINTOR RIBALTA | AV. XILE","04-LesCorts/20-la Maternitat i Sant Ramon",8028,32,TRUE,307,1000,TRUE,NA,NA,1756677602,0
308,"C/ CARDENAL REIG, 11","ELECTRICBIKESTATION",41.37684,2.114029,54,"C/ CARDENAL REIG, 11","04-LesCorts/20-la Maternitat i Sant Ramon",8028,27,TRUE,308,1000,TRUE,NA,NA,1756677602,0
309,"C/ SANT RAMON NONAT,  26","ELECTRICBIKESTATION",41.3770199,2.1169828,50,"C/ SANT RAMON NONAT,  26","04-LesCorts/20-la Maternitat i Sant Ramon",8028,22,TRUE,309,1000,TRUE,NA,NA,1756677602,0
310,"C/ JOSEP SAMITIER | AV. JOAN XXIII","ELECTRICBIKESTATION",41.3812111,2.1190863,46,"C/ JOSEP SAMITIER | AV. JOAN XXIII","04-LesCorts/20-la Maternitat i Sant Ramon",8028,27,TRUE,310,1000,TRUE,NA,NA,1756677602,0
311,"C/ GALLEGO, 2","ELECTRICBIKESTATION",41.3785631,2.1202487,43,"C/ GALLEGO, 2","04-LesCorts/20-la Maternitat i Sant Ramon",8028,23,TRUE,311,1000,TRUE,NA,NA,1756677602,0
312,"C/ ARIZALA, 77","ELECTRICBIKESTATION",41.3789061,2.1233038,40,"C/ ARIZALA, 77","04-LesCorts/20-la Maternitat i Sant Ramon",8028,36,TRUE,312,1000,TRUE,NA,NA,1756677602,0
313,"C/ FELIU DE CASANOVA, 1","ELECTRICBIKESTATION",41.3754188,2.1297823,28,"C/ FELIU DE CASANOVA, 1","03-Sants-Montjuïc/17-Sants - Badal",8028,29,TRUE,313,1000,TRUE,NA,NA,1756677602,0
314,"RAMBLA DEL BRASIL, 44","ELECTRICBIKESTATION",41.3783067,2.1297303,35,"RAMBLA DEL BRASIL, 44","03-Sants-Montjuïc/18-Sants",8028,24,TRUE,314,1000,TRUE,NA,NA,1756677602,0
315,"C/ DEL GUINARDÓ, 32-38","ELECTRICBIKESTATION",41.4156285,2.1817876,38,"C/ DEL GUINARDÓ, 32-38","10-SantMartí/64-el Camp de l'Arpa del Clot",8041,27,TRUE,315,1000,TRUE,NA,NA,1756677602,0
316,"C/ CANTÀBRIA, 55","ELECTRICBIKESTATION",41.4224015,2.198071,9,"C/ CANTÀBRIA, 55","10-SantMartí/73-la Verneda i la Pau",8020,26,TRUE,316,1000,TRUE,NA,NA,1756677602,0
317,"RAMBLA DE PRIM, 256","ELECTRICBIKESTATION",41.4256626,2.2008632,11,"RAMBLA DE PRIM, 256","10-SantMartí/73-la Verneda i la Pau",8020,27,TRUE,317,1000,TRUE,NA,NA,1756677602,0
318,"C/ CASTILLEJOS, 388","ELECTRICBIKESTATION",41.412427,2.170592,77,"C/ CASTILLEJOS, 388","07-Horta-Guinardó/33-el Baix Guinardó",8025,32,TRUE,318,1000,TRUE,NA,NA,1756677602,0
319,"C/ SAGUÉS, 1","ELECTRICBIKESTATION",41.3937414,2.1455022,51,"C/ SAGUÉS, 1","05-Sarrià-StGervasi/26-Sant Gervasi - Galvany",8021,31,TRUE,319,1000,TRUE,NA,NA,1756677602,0
320,"C/ MADRAZO, 39","ELECTRICBIKESTATION",41.400305,2.149144,67,"C/ MADRAZO, 39","05-Sarrià-StGervasi/26-Sant Gervasi - Galvany",8006,27,TRUE,320,1000,TRUE,NA,NA,1756677602,0
321,"C/ SANT HERMENEGILD, 30","ELECTRICBIKESTATION",41.4031529,2.1445843,79,"C/ SANT HERMENEGILD, 30","05-Sarrià-StGervasi/27-el Putxet i el Farró",8006,27,TRUE,321,1000,TRUE,NA,NA,1756677602,0
322,"C/ SANTALÓ, 165","ELECTRICBIKESTATION",41.4009,2.13892,106,"C/ SANTALÓ, 165","05-Sarrià-StGervasi/26-Sant Gervasi - Galvany",8021,24,TRUE,322,1000,TRUE,NA,NA,1756677602,0
323,"C/ VALLMAJOR, 13","ELECTRICBIKESTATION",41.3981616,2.1386719,88,"C/ VALLMAJOR, 13","05-Sarrià-StGervasi/26-Sant Gervasi - Galvany",8021,27,TRUE,323,1000,TRUE,NA,NA,1756677602,0
324,"C/ REINA VICTORIA, 31","ELECTRICBIKESTATION",41.3969455,2.136346,80,"C/ REINA VICTORIA, 31","05-Sarrià-StGervasi/26-Sant Gervasi - Galvany",8021,27,TRUE,324,1000,TRUE,NA,NA,1756677602,0
325,"C/ ALT DE GIRONELLA, 13","ELECTRICBIKESTATION",41.3949601,2.1302775,82,"C/ ALT DE GIRONELLA, 13","05-Sarrià-StGervasi/24-les Tres Torres",8017,23,TRUE,325,1000,TRUE,NA,NA,1756677602,0
326,"C/ BALMES, 409","ELECTRICBIKESTATION",41.4074131,2.1381069,111,"C/ BALMES, 409","05-Sarrià-StGervasi/25-Sant Gervasi - la Bonanova",8022,32,TRUE,326,1000,TRUE,NA,NA,1756677602,0
327,"C/ REUS, 23","ELECTRICBIKESTATION",41.4050074,2.134603,114,"C/ REUS, 23","05-Sarrià-StGervasi/25-Sant Gervasi - la Bonanova",8022,24,TRUE,327,1000,TRUE,NA,NA,1756677602,0
328,"C/ ARTESA DE SEGRE, 2","ELECTRICBIKESTATION",41.402988,2.1344691,106,"C/ ARTESA DE SEGRE, 2","05-Sarrià-StGervasi/25-Sant Gervasi - la Bonanova",8022,27,TRUE,328,1000,TRUE,NA,NA,1756677602,0
329,"C/ DE LES ESCOLES PIES, 99","ELECTRICBIKESTATION",41.4029965,2.1283866,121,"C/ DE LES ESCOLES PIES, 99","05-Sarrià-StGervasi/24-les Tres Torres",8017,27,TRUE,329,1000,TRUE,NA,NA,1756677602,0
330,"C/ PAU ALCOVER, 94","ELECTRICBIKESTATION",41.401883,2.131524,108,"C/ PAU ALCOVER, 94","05-Sarrià-StGervasi/24-les Tres Torres",8017,27,TRUE,330,1000,TRUE,NA,NA,1756677602,0
331,"C/ CASTELLNOU, 65","ELECTRICBIKESTATION",41.3970497,2.1279409,95,"C/ CASTELLNOU, 65","05-Sarrià-StGervasi/24-les Tres Torres",8017,31,TRUE,331,1000,TRUE,NA,NA,1756677602,0
332,"C/ DOCTOR ROUX, 86","ELECTRICBIKESTATION",41.3998981,2.1281922,104,"C/ DOCTOR ROUX, 86","05-Sarrià-StGervasi/24-les Tres Torres",8017,27,TRUE,332,1000,TRUE,NA,NA,1756677602,0
333,"PASSATGE DE SENILLOSA, 3-5","ELECTRICBIKESTATION",41.3954723,2.1250451,94,"PASSATGE DE SENILLOSA, 3-5","05-Sarrià-StGervasi/23-Sarrià",8034,27,TRUE,333,1000,TRUE,NA,NA,1756677602,0
334,"PG. BONANOVA, 100","ELECTRICBIKESTATION",41.400793,2.122889,117,"PG. BONANOVA, 100","05-Sarrià-StGervasi/23-Sarrià",8017,26,TRUE,334,1000,TRUE,NA,NA,1756677602,0
335,"C/ SANTA AMÈLIA, 2","ELECTRICBIKESTATION",41.3935355,2.1231228,92,"C/ SANTA AMÈLIA, 2","05-Sarrià-StGervasi/23-Sarrià",8034,27,TRUE,335,1000,TRUE,NA,NA,1756677602,0
336,"AV. JOSEP VICENÇ FOIX, 52","ELECTRICBIKESTATION",41.3948771,2.1205394,96,"AV. JOSEP VICENÇ FOIX, 52","05-Sarrià-StGervasi/23-Sarrià",8034,23,TRUE,336,1000,TRUE,NA,NA,1756677602,0
337,"C/ CARME KARR, 12-14","ELECTRICBIKESTATION",41.3986238,2.1204941,117,"C/ CARME KARR, 12-14","05-Sarrià-StGervasi/23-Sarrià",8034,23,TRUE,337,1000,TRUE,NA,NA,1756677602,0
338,"AV. JOSEP VICENÇ FOIX, 63","ELECTRICBIKESTATION",41.3977227,2.1194557,111,"AV. JOSEP VICENÇ FOIX, 63","05-Sarrià-StGervasi/23-Sarrià",8034,36,TRUE,338,1000,TRUE,NA,NA,1756677602,0
339,"C/ RAMON TURRÓ, 246","ELECTRICBIKESTATION",41.4017084,2.2053803,2,"C/ RAMON TURRÓ, 246","10-SantMartí/68-el Poblenou",8005,27,TRUE,339,1000,TRUE,NA,NA,1756677602,0
340,"C/ SANT ADRIÀ, 113","ELECTRICBIKESTATION",41.4361782,2.2047037,13,"C/ SANT ADRIÀ, 113","09-SantAndreu/59-el Bon Pastor",8030,24,TRUE,340,1000,TRUE,NA,NA,1756677602,0
341,"PG. D'ENRIC SANCHIS, 33","ELECTRICBIKESTATION",41.4339212,2.2062245,11,"PG. D'ENRIC SANCHIS, 33","09-SantAndreu/59-el Bon Pastor",8030,27,TRUE,341,1000,TRUE,NA,NA,1756677602,0
342,"C/ ROC BORONAT, 134","ELECTRICBIKESTATION",41.4034967,2.1936584,5,"C/ ROC BORONAT, 134","10-SantMartí/66-el Parc i la Llacuna del Poblenou",8018,43,TRUE,342,1000,TRUE,NA,NA,1756677602,0
343,"CAMPANA DE LA MAQUINISTA (SAO PAULO I P","ELECTRICBIKESTATION",41.4389609,2.1996179,14,"CAMPANA DE LA MAQUINISTA (SAO PAULO I PL. DE","09-SantAndreu/59-el Bon Pastor",8030,27,TRUE,343,1000,TRUE,NA,NA,1756677602,0
344,"C/ CIUTAT D'ASUNCIÓN, 73 / POTOSÍ","ELECTRICBIKESTATION",41.4431441,2.1996045,16,"C/ CIUTAT D'ASUNCIÓN, 73 / POTOSÍ","09-SantAndreu/58-Baró de Viver",8030,27,TRUE,344,1000,TRUE,NA,NA,1756677602,0
345,"PL. TERESA DE CLARAMUNT/C/ DELS FERROCA","ELECTRICBIKESTATION",41.3631066,2.1398322,10,"PL. TERESA DE CLARAMUNT/C/ DELS FERROCARILS","03-Sants-Montjuïc/13-la Marina de Port",8038,32,TRUE,345,1000,TRUE,NA,NA,1756677602,0
346,"PG. ZONA FRANCA, 182","ELECTRICBIKESTATION",41.360798,2.138931,8,"PG. ZONA FRANCA, 182","03-Sants-Montjuïc/13-la Marina de Port",8038,36,TRUE,346,1000,TRUE,NA,NA,1756677602,0
347,"C/ ALTS FORNS, 77","ELECTRICBIKESTATION",41.3595484,2.1417765,9,"C/ ALTS FORNS, 77","03-Sants-Montjuïc/13-la Marina de Port",8038,32,TRUE,347,1000,TRUE,NA,NA,1756677602,0
348,"JARDINS DE CAN FERRERO/PG.DE LA ZONA FR","ELECTRICBIKESTATION",41.357067,2.141563,7,"JARDINS DE CAN FERRERO/PG.DE LA ZONA FRANCA","03-Sants-Montjuïc/13-la Marina de Port",8038,33,TRUE,348,1000,TRUE,NA,NA,1756677602,0
349,"C/ DE L'ENERGIA, 2 / ALTS FORNS","ELECTRICBIKESTATION",41.3573288,2.1371996,7,"C/ DE L'ENERGIA, 2 / ALTS FORNS","03-Sants-Montjuïc/13-la Marina de Port",8038,31,TRUE,349,1000,TRUE,NA,NA,1756677602,0
350,"C/ LONDRES, 63","ELECTRICBIKESTATION",41.391756,2.148291,NA,"C/ LONDRES, 63","02-Eixample/08-l'Antiga Esquerra de l'Eixample",8036,31,TRUE,350,1000,TRUE,NA,NA,1756677602,0
351,"C/ JANE ADDAMS, 26/ CRTA. DEL PRAT","ELECTRICBIKESTATION",41.3621232,2.1356187,9,"C/ JANE ADDAMS, 26/ CRTA. DEL PRAT","03-Sants-Montjuïc/13-la Marina de Port",8038,33,TRUE,351,1000,TRUE,NA,NA,1756677602,0
352,"C/RADI,10/GRAN VIA DE LES CORTS CATALA","ELECTRICBIKESTATION",41.363279,2.1341586,9,"C/RADI,10/GRAN VIA DE LES CORTS CATALANES","03-Sants-Montjuïc/13-la Marina de Port",8038,28,TRUE,352,1000,TRUE,NA,NA,1756677602,0
353,"C/ MUNNÉ  2-6","ELECTRICBIKESTATION",41.37541,2.1232547,34,"C/ MUNNÉ  2-6","03-Sants-Montjuïc/17-Sants - Badal",8028,31,TRUE,353,1000,TRUE,NA,NA,1756677602,0
354,"RAMBLA DEL BRASIL, 5","ELECTRICBIKESTATION",41.3759419,2.1299539,28,"RAMBLA DEL BRASIL, 5","03-Sants-Montjuïc/17-Sants - Badal",8028,26,TRUE,354,1000,TRUE,NA,NA,1756677602,0
355,"C/ RIERA BLANCA, 123","ELECTRICBIKESTATION",41.371459,2.127854,22,"C/ RIERA BLANCA, 123","03-Sants-Montjuïc/17-Sants - Badal",8028,27,TRUE,355,1000,TRUE,NA,NA,1756677602,0
356,"C/ CAMÈLIES, 73","ELECTRICBIKESTATION",41.4134503,2.1631012,106,"C/ CAMÈLIES, 73","07-Horta-Guinardó/33-el Baix Guinardó",8024,35,TRUE,356,1000,TRUE,NA,NA,1756677602,0
357,"C/ CARDENER, 59","ELECTRICBIKESTATION",41.4105956,2.1579897,87,"C/ CARDENER, 59","06-Gràcia/31-la Vila de Gràcia",8024,27,TRUE,357,1000,TRUE,NA,NA,1756677602,0
358,"C/ GOMBAU, 24","ELECTRICBIKESTATION",41.3872437,2.1793035,5,"C/ GOMBAU, 24","01-CiutatVella/04-Sant Pere, Santa Caterina i la Ribera",8003,26,TRUE,358,1000,TRUE,NA,NA,1756677602,0
359,"C/ MÉNDEZ NÚÑEZ, 16","ELECTRICBIKESTATION",41.3900544,2.1775594,12,"C/ MÉNDEZ NÚÑEZ, 16","01-CiutatVella/04-Sant Pere, Santa Caterina i la Ribera",8003,26,TRUE,359,1000,TRUE,NA,NA,1756677602,0
360,"C/ BAILÉN, 62","ELECTRICBIKESTATION",41.3952527,2.1730023,22,"C/ BAILÉN, 62","02-Eixample/07-la Dreta de l'Eixample",8009,30,TRUE,360,1000,TRUE,NA,NA,1756677602,0
361,"PG. DE COLOM (LES RAMBLES)","ELECTRICBIKESTATION",41.37652,2.17881,5,"PG. DE COLOM (LES RAMBLES)","01-CiutatVella/02-el Barri Gòtic",8039,32,TRUE,361,1000,TRUE,NA,NA,1756677602,0
362,"C/ BAILÉN, 100","ELECTRICBIKESTATION",41.396994,2.1706323,27,"C/ BAILÉN, 100","02-Eixample/07-la Dreta de l'Eixample",8009,32,TRUE,362,1000,TRUE,NA,NA,1756677602,0
363,"C/ BRUC, 20","ELECTRICBIKESTATION",41.3908381,2.1743743,16,"C/ BRUC, 20","02-Eixample/07-la Dreta de l'Eixample",8010,24,TRUE,363,1000,TRUE,NA,NA,1756677602,0
364,"PG. DE GRÀCIA, 61","ELECTRICBIKESTATION",41.393062,2.1633226,32,"PG. DE GRÀCIA, 61","02-Eixample/07-la Dreta de l'Eixample",8007,33,TRUE,364,1000,TRUE,NA,NA,1756677602,0
365,"C/ VILADOMAT, 244","ELECTRICBIKESTATION",41.3875712,2.1469336,39,"C/ VILADOMAT, 244","02-Eixample/09-la Nova Esquerra de l'Eixample",8029,31,TRUE,365,1000,TRUE,NA,NA,1756677602,0
367,"C/ MARQUÈS DE SENTMENAT, 46","ELECTRICBIKESTATION",41.384972,2.1376205,44,"C/ MARQUÈS DE SENTMENAT, 46","04-LesCorts/19-les Corts",8029,31,TRUE,367,1000,TRUE,NA,NA,1756677602,0
368,"C/ DIPUTACIÓ, 373","ELECTRICBIKESTATION",41.3968391,2.1756598,21,"C/ DIPUTACIÓ, 373","02-Eixample/07-la Dreta de l'Eixample",8013,27,TRUE,368,1000,TRUE,NA,NA,1756677602,0
369,"C/ CONSELL DE CENT, 482","ELECTRICBIKESTATION",41.40013,2.1780175,23,"C/ CONSELL DE CENT, 482","02-Eixample/05-el Fort Pienc",8013,27,TRUE,369,1000,TRUE,NA,NA,1756677602,0
370,"C/ SARDENYA, 326","ELECTRICBIKESTATION",41.4039698,2.1729061,37,"C/ SARDENYA, 326","02-Eixample/06-la Sagrada Família",8025,32,TRUE,370,1000,TRUE,NA,NA,1756677602,0
371,"C/ DELS ENAMORATS, 49","ELECTRICBIKESTATION",41.4040525,2.181199,19,"C/ DELS ENAMORATS, 49","02-Eixample/06-la Sagrada Família",8013,36,TRUE,371,1000,TRUE,NA,NA,1756677602,0
372,"C/ RIBES, 77","ELECTRICBIKESTATION",41.4001015,2.1841711,9,"C/ RIBES, 77","02-Eixample/05-el Fort Pienc",8013,27,TRUE,372,1000,TRUE,NA,NA,1756677602,0
373,"AV. PARAL.LEL, 132","ELECTRICBIKESTATION",41.3750995,2.1613897,13,"AV. PARAL.LEL, 132","02-Eixample/10-Sant Antoni",8015,30,TRUE,373,1000,TRUE,NA,NA,1756677602,0
374,"PG. DE GRÀCIA, 89","ELECTRICBIKESTATION",41.3949729,2.1612814,37,"PG. DE GRÀCIA, 89","02-Eixample/07-la Dreta de l'Eixample",8008,33,TRUE,374,1000,TRUE,NA,NA,1756677602,0
375,"WORLD TRADE CENTER","ELECTRICBIKESTATION",41.3720293,2.1804468,3,"WORLD TRADE CENTER","01-CiutatVella/01-el Raval",8039,43,TRUE,375,1000,TRUE,NA,NA,1756677602,0
376,"WORLD  TRADE CENTER","ELECTRICBIKESTATION",41.3718728,2.180302,3,"WORLD  TRADE CENTER","01-CiutatVella/01-el Raval",8039,43,TRUE,376,1000,TRUE,NA,NA,1756677602,0
377,"PL. ICTÍNEO","ELECTRICBIKESTATION",41.3776292,2.1836886,2,"PL. ICTÍNEO","01-CiutatVella/02-el Barri Gòtic",8039,29,TRUE,377,1000,TRUE,NA,NA,1756677602,0
378,"PL. JOAQUIM XIRAU I PALAU, 1","ELECTRICBIKESTATION",41.3785379,2.1767427,5,"PL. JOAQUIM XIRAU I PALAU, 1","01-CiutatVella/02-el Barri Gòtic",8002,21,TRUE,378,1000,TRUE,NA,NA,1756677602,0
379,"AV. JOSEP TARRADELLAS, 27","ELECTRICBIKESTATION",41.3829333,2.1420704,35,"AV. JOSEP TARRADELLAS, 27","03-Sants-Montjuïc/18-Sants",8029,20,TRUE,379,1000,TRUE,NA,NA,1756677602,0
380,"C/ DURAN I BAS, 2","ELECTRICBIKESTATION",41.3854094,2.1740155,11,"C/ DURAN I BAS, 2","01-CiutatVella/02-el Barri Gòtic",8002,24,TRUE,380,1000,TRUE,NA,NA,1756677602,0
381,"C/ AGUSTÍ DURAN I SANPERE, 10","ELECTRICBIKESTATION",41.381635534627,2.16772946686476,NA,"C/ AGUSTÍ DURAN I SANPERE, 10","01-CiutatVella/01-el Raval",8001,40,TRUE,381,1000,TRUE,NA,NA,1756677602,0
382,"C/ LOPE DE VEGA, 79","ELECTRICBIKESTATION",41.4038902,2.2041137,3,"C/ LOPE DE VEGA, 79","10-SantMartí/68-el Poblenou",8005,27,TRUE,382,1000,TRUE,NA,NA,1756677602,0
383,"C/ NUMÀNCIA, 2","ELECTRICBIKESTATION",41.381219,2.141767,32,"C/ NUMÀNCIA, 2","03-Sants-Montjuïc/18-Sants",8029,24,TRUE,383,1000,TRUE,NA,NA,1756677602,0
384,"C/ VILAMARÍ, 85","ELECTRICBIKESTATION",41.3807072,2.1468381,28,"C/ VILAMARÍ, 85","02-Eixample/09-la Nova Esquerra de l'Eixample",8015,25,TRUE,384,1000,TRUE,NA,NA,1756677602,0
385,"C/ CASANOVA, 119","ELECTRICBIKESTATION",41.387888,2.1552902,30,"C/ CASANOVA, 119","02-Eixample/08-l'Antiga Esquerra de l'Eixample",8036,30,TRUE,385,1000,TRUE,NA,NA,1756677602,0
386,"AV. PARAL.LEL 164","ELECTRICBIKESTATION",41.3751866,2.1568773,17,"AV. PARAL.LEL 164","02-Eixample/10-Sant Antoni",8015,18,TRUE,386,1000,TRUE,NA,NA,1756677602,0
387,"C/ NÀPOLS, 125","ELECTRICBIKESTATION",41.3957813,2.1787074,15,"C/ NÀPOLS, 125","02-Eixample/05-el Fort Pienc",8013,32,TRUE,387,1000,TRUE,NA,NA,1756677602,0
388,"C/ RIERA ALTA, 6","ELECTRICBIKESTATION",41.3806411,2.1671611,10,"C/ RIERA ALTA, 6","01-CiutatVella/01-el Raval",8001,35,TRUE,388,1000,TRUE,NA,NA,1756677602,0
389,"RECINTE PARC DE LA CIUTADELLA","ELECTRICBIKESTATION",41.3873901,2.1875446,4,"RECINTE PARC DE LA CIUTADELLA","01-CiutatVella/04-Sant Pere, Santa Caterina i la Ribera",8003,27,TRUE,389,1000,TRUE,NA,NA,1756677602,0
390,"C/ COMERÇ, 36","ELECTRICBIKESTATION",41.3869612,2.1820169,5,"C/ COMERÇ, 36","01-CiutatVella/04-Sant Pere, Santa Caterina i la Ribera",8003,25,TRUE,390,1000,TRUE,NA,NA,1756677602,0
391,"C/ GRAN DE LA SAGRERA, 74","ELECTRICBIKESTATION",41.4230551,2.1913753,22,"C/ GRAN DE LA SAGRERA, 74","09-SantAndreu/61-la Sagrera",8027,27,TRUE,391,1000,TRUE,NA,NA,1756677602,0
392,"C/ RAMON TURRÓ, 4","ELECTRICBIKESTATION",41.3905303,2.1906339,5,"C/ RAMON TURRÓ, 4","10-SantMartí/67-la Vila Olímpica del Poblenou",8005,19,TRUE,392,1000,TRUE,NA,NA,1756677602,0
393,"C/ LLACUNA, 86","ELECTRICBIKESTATION",41.4022657,2.1976297,3,"C/ LLACUNA, 86","10-SantMartí/68-el Poblenou",8005,32,TRUE,393,1000,TRUE,NA,NA,1756677602,0
394,"C/ DIPUTACIÓ, 226","ELECTRICBIKESTATION",41.3873057,2.1631263,25,"C/ DIPUTACIÓ, 226","02-Eixample/08-l'Antiga Esquerra de l'Eixample",8007,26,TRUE,394,1000,TRUE,NA,NA,1756677602,0
395,"PL. CATALUNYA, 22","ELECTRICBIKESTATION",41.3860607,2.1702467,15,"PL. CATALUNYA, 22","02-Eixample/02-el Barri Gòtic",8002,33,TRUE,395,1000,TRUE,NA,NA,1756677602,0
396,"C/ JOAN MIRÓ, 2-12","ELECTRICBIKESTATION",41.3890253,2.1968267,5,"C/ JOAN MIRÓ, 2-12","10-SantMartí/67-la Vila Olímpica del Poblenou",8005,32,TRUE,396,1000,TRUE,NA,NA,1756677602,0
397,"AV. LITORAL (PG MARÍTIM DEL PORT OLÍMPI","ELECTRICBIKESTATION",41.3889129,2.1993105,6,"AV. LITORAL (PG MARÍTIM DEL PORT OLÍMPIC)","10-SantMartí/67-la Vila Olímpica del Poblenou",8005,27,TRUE,397,1000,TRUE,NA,NA,1756677602,0
398,"PG. MARÍTIM DE LA BARCELONETA/ANDREA DÒ","ELECTRICBIKESTATION",41.380955,2.1934636,4,"PG. MARÍTIM DE LA BARCELONETA/ANDREA DÒRIA","01-CiutatVella/03-la Barceloneta",8003,35,TRUE,398,1000,TRUE,NA,NA,1756677602,0
399,"C/ PAVIA, 3","ELECTRICBIKESTATION",41.3734706,2.1332694,23,"C/ PAVIA, 3","03-Sants-Montjuïc/18-Sants",8028,27,TRUE,399,1000,TRUE,NA,NA,1756677602,0
400,"MOLL ORIENTAL","ELECTRICBIKESTATION",41.3694508,2.1879597,3,"MOLL ORIENTAL","01-CiutatVella/03-la Barceloneta",8039,44,TRUE,400,1000,TRUE,NA,NA,1756677602,0
401,"PLA DE PALAU","ELECTRICBIKESTATION",41.382418,2.183723,4,"PLA DE PALAU","01-CiutatVella/02-el Barri Gòtic",8002,24,TRUE,401,1000,TRUE,NA,NA,1756677602,0
402,"PG. DE COLOM (VIA LAIETANA)","ELECTRICBIKESTATION",41.380628,2.1821917,4,"PG. DE COLOM (VIA LAIETANA)","01-CiutatVella/02-el Barri Gòtic",8002,31,TRUE,402,1000,TRUE,NA,NA,1756677602,0
403,"C/ VALLESPIR, 49","ELECTRICBIKESTATION",41.3796421,2.1368202,32,"C/ VALLESPIR, 49","03-Sants-Montjuïc/18-Sants",8014,22,TRUE,403,1000,TRUE,NA,NA,1756677602,0
404,"C/ JUAN GRIS, 28","ELECTRICBIKESTATION",41.3653426,2.1331357,11,"C/ JUAN GRIS, 28","03-Sants-Montjuïc/16-la Bordeta",8014,32,TRUE,404,1000,TRUE,NA,NA,1756677602,0
405,"C/ COMTE BORRELL, 198","ELECTRICBIKESTATION",41.3854003,2.1521802,28,"C/ COMTE BORRELL, 198","02-Eixample/09-la Nova Esquerra de l'Eixample",8029,26,TRUE,405,1000,TRUE,NA,NA,1756677602,0
406,"GRAN VIA DE LES CORTS CATALANES, 592","ELECTRICBIKESTATION",41.3863747,2.1646697,21,"GRAN VIA DE LES CORTS CATALANES, 592","02-Eixample/07-la Dreta de l'Eixample",8007,33,TRUE,406,1000,TRUE,NA,NA,1756677602,0
408,"C/ RAMON TRIAS FARGAS, 23","ELECTRICBIKESTATION",41.3889972,2.1923283,5,"C/ RAMON TRIAS FARGAS, 23","10-SantMartí/67-la Vila Olímpica del Poblenou",8005,39,TRUE,408,1000,TRUE,NA,NA,1756677602,0
409,"C/ JOAN D'ÀUSTRIA, 31B","ELECTRICBIKESTATION",41.392384,2.1925059,5,"C/ JOAN D'ÀUSTRIA, 31B","10-SantMartí/67-la Vila Olímpica del Poblenou",8005,27,TRUE,409,1000,TRUE,NA,NA,1756677602,0
410,"PG.DE COLOM (LES RAMBLES)","ELECTRICBIKESTATION",41.376433,2.17871,5,"PG.DE COLOM (LES RAMBLES)","01-CiutatVella/02-el Barri Gòtic",8039,38,TRUE,410,1000,TRUE,NA,NA,1756677602,0
411,"C/ JOSEP PLA, 67","ELECTRICBIKESTATION",41.411381,2.2122054,4,"C/ JOSEP PLA, 67","10-SantMartí/69-Diagonal Mar i el Front Marítim del Poblenou",8019,24,TRUE,411,1000,TRUE,NA,NA,1756677602,0
412,"PL. URQUINAONA, 3","ELECTRICBIKESTATION",41.3893094,2.1727457,17,"PL. URQUINAONA, 3","02-Eixample/07-la Dreta de l'Eixample",8010,27,TRUE,412,1000,TRUE,NA,NA,1756677602,0
413,"C/ BRUC, 66","ELECTRICBIKESTATION",41.393489,2.1707419,24,"C/ BRUC, 66","02-Eixample/07-la Dreta de l'Eixample",8009,32,TRUE,413,1000,TRUE,NA,NA,1756677602,0
414,"C/ CASP, 67","ELECTRICBIKESTATION",41.3937234,2.1764275,16,"C/ CASP, 67","02-Eixample/07-la Dreta de l'Eixample",8010,33,TRUE,414,1000,TRUE,NA,NA,1756677602,0
415,"RAMBLA DEL RAVAL, 13","ELECTRICBIKESTATION",41.3793558,2.1689592,8,"RAMBLA DEL RAVAL, 13","01-CiutatVella/01-el Raval",8001,25,TRUE,415,1000,TRUE,NA,NA,1756677602,0
416,"RAMBLA DEL RAVAL, 20","ELECTRICBIKESTATION",41.3781065,2.1696744,6,"RAMBLA DEL RAVAL, 20","01-CiutatVella/01-el Raval",8001,26,TRUE,416,1000,TRUE,NA,NA,1756677602,0
417,"C/ VILLAR, 2","ELECTRICBIKESTATION",41.4164824,2.1801094,46,"C/ VILLAR, 2","07-Horta-Guinardó/35-el Guinardó",8041,32,TRUE,417,1000,TRUE,NA,NA,1756677602,0
418,"PG. DE LLUíS COMPANYS (ARC DE TRIOMF)","ELECTRICBIKESTATION",41.391062,2.1801142,10,"PG. DE LLUíS COMPANYS (ARC DE TRIOMF)","01-CiutatVella/04-Sant Pere, Santa Caterina i la Ribera",8018,27,TRUE,418,1000,TRUE,NA,NA,1756677602,0
419,"PG. DE LLUIS COMPANYS (ARC DE TRIOMF )","ELECTRICBIKESTATION",41.391313,2.1808391,10,"PG. DE LLUIS COMPANYS (ARC DE TRIOMF)","01-CiutatVella/04-Sant Pere, Santa Caterina i la Ribera",8018,33,TRUE,419,1000,TRUE,NA,NA,1756677602,0
420,"GRAN VIA DE LES CORTS CATALANES, 368","ELECTRICBIKESTATION",41.3743329,2.1479385,24,"GRAN VIA DE LES CORTS CATALANES, 368","03-Sants-Montjuïc/11-el Poble-sec",8010,27,TRUE,420,1000,TRUE,NA,NA,1756677602,0
421,"C/ VALLESPIR, 13","ELECTRICBIKESTATION",41.378118,2.1378667,30,"C/ VALLESPIR, 13","03-Sants-Montjuïc/18-Sants",8014,25,TRUE,421,1000,TRUE,NA,NA,1756677602,0
422,"C/ JORDI GIRONA, 29","ELECTRICBIKESTATION",41.3881175,2.1154135,82,"C/ JORDI GIRONA, 29","04-LesCorts/21-Pedralbes",8034,44,TRUE,422,1000,TRUE,NA,NA,1756677602,0
423,"C/ HONDURAS, 32-34","ELECTRICBIKESTATION",41.4202459,2.1894852,22,"C/ HONDURAS, 32-34","09-SantAndreu/61-la Sagrera",8027,32,TRUE,423,1000,TRUE,NA,NA,1756677602,0
424,"PG. MARÍTIM DE LA BARCELONETA, 6","ELECTRICBIKESTATION",41.3795862,2.1925198,7,"PG. MARÍTIM DE LA BARCELONETA,6","01-CiutatVella/03-la Barceloneta",8003,27,TRUE,424,1000,TRUE,NA,NA,1756677602,0
425,"C/ DE CERVELLÓ, 5","ELECTRICBIKESTATION",41.3765618,2.1748621,5,"C/ DE CERVELLÓ, 5","01-CiutatVella/01-el Raval",8001,24,TRUE,425,1000,TRUE,NA,NA,1756677602,0
426,"C/ DE RIBES, 59 B","ELECTRICBIKESTATION",41.39828,2.1830315,12,"C/ DE RIBES, 59 B","02-Eixample/05-el Fort Pienc",8013,33,TRUE,426,1000,TRUE,NA,NA,1756677602,0
427,"C/ DE SANT PAU, 119/ RONDA SANT PAU","ELECTRICBIKESTATION",41.3754047,2.1680021,9,"C/ DE SANT PAU, 119/ RONDA SANT PAU","01-CiutatVella/01-el Raval",8001,26,TRUE,427,1000,TRUE,NA,NA,1756677602,0
428,"C/ PUJADES, 103","ELECTRICBIKESTATION",41.3983902,2.1960799,3,"C/ PUJADES, 103","10-SantMartí/68-el Poblenou",8005,33,TRUE,428,1000,TRUE,NA,NA,1756677602,0
429,"C/ GRAN CAPITÀ, 9","ELECTRICBIKESTATION",41.3881262,2.1091535,105,"C/ GRAN CAPITÀ, 9","04-LesCorts/21-Pedralbes",8034,28,TRUE,429,1000,TRUE,NA,NA,1756677602,0
430," C/ ALFAMBRA, 2 | AV. DIAGONAL","ELECTRICBIKESTATION",41.385641,2.113096,77,"C/ ALFAMBRA, 2 | AV. DIAGONAL","04-LesCorts/21-Pedralbes",8034,27,TRUE,430,1000,TRUE,NA,NA,1756677602,0
431,"AV. JOAN XXIII, 17","ELECTRICBIKESTATION",41.383467,2.122175,53,"AV. JOAN XXIII, 17","04-LesCorts/20-la Maternitat i Sant Ramon",8028,20,TRUE,431,1000,TRUE,NA,NA,1756677602,0
432,"C/ MARTÍ I FRANQUÈS, 1","ELECTRICBIKESTATION",41.3847061,2.1170751,63,"C/ MARTÍ I FRANQUÈS, 1","04-LesCorts/20-la Maternitat i Sant Ramon",8028,28,TRUE,432,1000,TRUE,NA,NA,1756677602,0
433,"C/ J. MAYNARD KEYNES, 2|AV. DGNAL.","ELECTRICBIKESTATION",41.3862258,2.1168609,70,"C/ J. MAYNARD KEYNES, 2|AV. DGNAL.","04-LesCorts/21-Pedralbes",8034,53,TRUE,433,1000,TRUE,NA,NA,1756677602,0
434,"C/ ROGER, 24","ELECTRICBIKESTATION",41.3767538,2.1269152,34,"C/ ROGER, 24","03-Sants-Montjuïc/17-Sants - Badal",8028,27,TRUE,434,1000,TRUE,NA,NA,1756677602,0
435,"AV. DOCTOR MARAÑON, 25 | PAU GARGALLO","ELECTRICBIKESTATION",41.383585,2.112186,64,"AV. DOCTOR MARAÑON, 25 |PAU GARGALLO","04-LesCorts/20-la Maternitat i Sant Ramon",8028,28,TRUE,435,1000,TRUE,NA,NA,1756677602,0
436,"PG. ZONA FRANCA, 54","ELECTRICBIKESTATION",41.3545425,2.1433038,6,"PG. ZONA FRANCA, 54","03-Sants-Montjuïc/12-la Marina del Prat Vermell",8038,19,TRUE,436,1000,TRUE,NA,NA,1756677602,0
437,"PG. ZONA FRANCA, 9","ELECTRICBIKESTATION",41.3513237,2.1450958,5,"PG. ZONA FRANCA, 9","03-Sants-Montjuïc/12-la Marina del Prat Vermell",8038,36,TRUE,437,1000,TRUE,NA,NA,1756677602,0
438,"C/ NÀPOLS, 183","ELECTRICBIKESTATION",41.3981669,2.1754896,22,"C/ NÀPOLS, 183","02-Eixample/07-la Dreta de l'Eixample",8013,27,TRUE,438,1000,TRUE,NA,NA,1756677602,0
439,"RBLA. BADAL, 73 | C/ CONSTITUCIÓ","ELECTRICBIKESTATION",41.3685394,2.1328403,14,"RBLA. BADAL, 73 | C/ CONSTITUCIÓ","03-Sants-Montjuïc/16-la Bordeta",8014,17,TRUE,439,1000,TRUE,NA,NA,1756677602,0
440,"C/ SELVA DE MAR, 230","ELECTRICBIKESTATION",41.417694,2.1976864,9,"C/ SELVA DE MAR, 230","10-SantMartí/72-Sant Martí de Provençals",8020,27,TRUE,440,1000,TRUE,NA,NA,1756677602,0
441,"C/ WATT, 2","ELECTRICBIKESTATION",41.3754426,2.1398409,25,"C/ WATT, 2","03-Sants-Montjuïc/18-Sants",8014,18,TRUE,441,1000,TRUE,NA,NA,1756677602,0
442,"C/ MINERIA, 30","ELECTRICBIKESTATION",41.3649272,2.138599,11,"C/ MINERIA, 30","03-Sants-Montjuïc/13-la Marina de Port",8038,18,TRUE,442,1000,TRUE,NA,NA,1756677602,0
443,"C/ CASANOVA, 139","ELECTRICBIKESTATION",41.3887127,2.1542277,33,"C/ CASANOVA, 139","02-Eixample/08-l'Antiga Esquerra de l'Eixample",8036,32,TRUE,443,1000,TRUE,NA,NA,1756677602,0
444,"C/ LLEIDA, 40","ELECTRICBIKESTATION",41.3717304,2.1554047,33,"C/ LLEIDA, 40","03-Sants-Montjuïc/11-el Poble-sec",8004,27,TRUE,444,1000,TRUE,NA,NA,1756677602,0
445,"C/ VILAMARÍ, 2","ELECTRICBIKESTATION",41.3755016,2.154004,21,"C/ VILAMARÍ, 2","02-Eixample/10-Sant Antoni",8015,24,TRUE,445,1000,TRUE,NA,NA,1756677602,0
446,"PG. JOAN DE BORBÓ, 42","ELECTRICBIKESTATION",41.3779974,2.1884228,4,"PG. JOAN DE BORBÓ, 42","01-CiutatVella/03-la Barceloneta",8003,15,TRUE,446,1000,TRUE,NA,NA,1756677602,0
447,"C/ ALMOGÀVERS, 63","ELECTRICBIKESTATION",41.3943033,2.1860256,10,"C/ ALMOGÀVERS, 63","02-Eixample/05-el Fort Pienc",8018,27,TRUE,447,1000,TRUE,NA,NA,1756677602,0
448,"C/ RAMÓN TURRÓ, 160","ELECTRICBIKESTATION",41.3972809,2.1997869,3,"C/ RAMÓN TURRÓ, 160","10-SantMartí/68-el Poblenou",8005,27,TRUE,448,1000,TRUE,NA,NA,1756677602,0
449,"C/ BOLIVIA, 120","ELECTRICBIKESTATION",41.4058109,2.1949461,5,"C/ BOLIVIA, 120","10-SantMartí/71-Provençals del Poblenou",8018,27,TRUE,449,1000,TRUE,NA,NA,1756677602,0
450,"C/ CRISTOBAL DE MOURA, 84","ELECTRICBIKESTATION",41.410712,2.2061691,3,"C/ CRISTOBAL DE MOURA, 84","10-SantMartí/71-Provençals del Poblenou",8019,27,TRUE,450,1000,TRUE,NA,NA,1756677602,0
451,"C/ PALLARS, 504","ELECTRICBIKESTATION",41.4140598,2.2150487,4,"C/ PALLARS, 504","10-SantMartí/70-el Besòs i el Maresme",8019,24,TRUE,451,1000,TRUE,NA,NA,1756677602,0
452,"GRAN VIA DE LES CORTS CATALANES, 1157 (D)","ELECTRICBIKESTATION",41.4194972,2.20934,8,"GRAN VIA DE LES CORTS CATALANES, 1157 (D)","10-SantMartí/73-la Verneda i la Pau",8020,54,TRUE,452,1000,TRUE,NA,NA,1756677602,0
454,"C/ SARDENYA, 402","ELECTRICBIKESTATION",41.4072349,2.1684799,56,"C/ SARDENYA, 402","07-Horta-Guinardó/33-el Baix Guinardó",8025,26,TRUE,454,1000,TRUE,NA,NA,1756677602,0
456,"C/ MÚRCIA, 1","ELECTRICBIKESTATION",41.4143392,2.1874539,22,"C/ MÚRCIA, 1","10-SantMartí/65-el Clot",8026,21,TRUE,456,1000,TRUE,NA,NA,1756677602,0
457,"C/ GRANADELLA, 10-19 | C/ SAS","ELECTRICBIKESTATION",41.4383117,2.2039823,12,"C/ GRANADELLA, 10-19 | C/ SAS","09-SantAndreu/59-el Bon Pastor",8030,18,TRUE,457,1000,TRUE,NA,NA,1756677602,0
458,"C/ TUCUMÁN, 21","ELECTRICBIKESTATION",41.4457962,2.2010422,17,"C/ TUCUMÁN, 21","09-SantAndreu/59-el Bon Pastor",8030,24,TRUE,458,1000,TRUE,NA,NA,1756677602,0
459,"PG. SANTA COLOMA, 105","ELECTRICBIKESTATION",41.4479402,2.1976757,24,"PG. SANTA COLOMA, 105","09-SantAndreu/57-la Trinitat Vella",8030,39,TRUE,459,1000,TRUE,NA,NA,1756677602,0
460,"C/ MIREIA, 28","ELECTRICBIKESTATION",41.4513863,2.1894717,56,"C/ MIREIA, 28","09-SantAndreu/57-la Trinitat Vella",8033,15,TRUE,460,1000,TRUE,NA,NA,1756677602,0
461,"AV. RIO DE JANEIRO, 118","ELECTRICBIKESTATION",41.442489,2.185727,43,"AV. RIO DE JANEIRO, 118","08-NouBarris/52-la Prosperitat",8016,28,TRUE,461,1000,TRUE,NA,NA,1756677602,0
462,"C/ PALAMÓS, 33","ELECTRICBIKESTATION",41.446923,2.184857,61,"C/ PALAMÓS, 33","08-NouBarris/53-la Trinitat Nova",8033,28,TRUE,462,1000,TRUE,NA,NA,1756677602,0
463,"C/ PEDROSA, 24","ELECTRICBIKESTATION",41.4490679,2.1833801,68,"C/ PEDROSA, 24","08-NouBarris/53-la Trinitat Nova",8033,24,TRUE,463,1000,TRUE,NA,NA,1756677602,0
464,"AV. RIO DE JANEIRO, 96","ELECTRICBIKESTATION",41.439692,2.182335,47,"AV. RIO DE JANEIRO, 96","08-NouBarris/52-la Prosperitat",8016,24,TRUE,464,1000,TRUE,NA,NA,1756677602,0
465,"C/ ROSSELLÓ, 261","ELECTRICBIKESTATION",41.3954094,2.1599427,41,"C/ ROSSELLÓ, 261","02-Eixample/07-la Dreta de l'Eixample",8008,27,TRUE,465,1000,TRUE,NA,NA,1756677602,0
466,"C/ PABLO IGLESIAS, 21","ELECTRICBIKESTATION",41.443387,2.1813051,63,"C/ PABLO IGLESIAS, 21","08-NouBarris/52-la Prosperitat",8016,30,TRUE,466,1000,TRUE,NA,NA,1756677602,0
467,"PL. JESÚS CARRASCO","ELECTRICBIKESTATION",41.4450463,2.176726,93,"PL. JESÚS CARRASCO","08-NouBarris/51-Verdun",8042,20,TRUE,467,1000,TRUE,NA,NA,1756677602,0
468,"C/ NOU BARRIS, 23","ELECTRICBIKESTATION",41.4480464,2.1775154,107,"C/ NOU BARRIS, 23","08-NouBarris/50-les Roquetes",8042,18,TRUE,468,1000,TRUE,NA,NA,1756677602,0
469,"C/ SANT FRANCESC XAVIER, 1","ELECTRICBIKESTATION",41.4417001,2.1781553,72,"C/ SANT FRANCESC XAVIER, 1","08-NouBarris/52-la Prosperitat",8016,12,TRUE,469,1000,TRUE,NA,NA,1756677602,0
470,"C/ GÒNGORA, 23","ELECTRICBIKESTATION",41.4432762,2.1746238,93,"C/ GÒNGORA, 23","08-NouBarris/51-Verdun",8042,24,TRUE,470,1000,TRUE,NA,NA,1756677602,0
471,"PG. VALLDAURA, 171","ELECTRICBIKESTATION",41.4389014,2.1715576,78,"PG. VALLDAURA, 171","08-NouBarris/48-la Guineueta",8042,24,TRUE,471,1000,TRUE,NA,NA,1756677602,0
472,"VIA FAVÈNCIA, 186","ELECTRICBIKESTATION",41.4427374,2.170393,105,"VIA FAVÈNCIA, 186","08-NouBarris/48-la Guineueta",8042,23,TRUE,472,1000,TRUE,NA,NA,1756677602,0
473,"PG. FABRA I PUIG, 449","ELECTRICBIKESTATION",41.4388644,2.1657506,94,"PG. FABRA I PUIG, 449","08-NouBarris/48-la Guineueta",8042,21,TRUE,473,1000,TRUE,NA,NA,1756677602,0
474,"VIA FAVÈNCIA, 47","ELECTRICBIKESTATION",41.4418604,2.1664224,102,"VIA FAVÈNCIA, 47","08-NouBarris/49-Canyelles",8042,24,TRUE,474,1000,TRUE,NA,NA,1756677602,0
475,"C/ CAMPO FLORIDO, 66","ELECTRICBIKESTATION",41.4216738,2.1799878,46,"C/ CAMPO FLORIDO, 66","09-SantAndreu/62-el Congrés i els Indians",8027,19,TRUE,475,1000,TRUE,NA,NA,1756677602,0
476,"C/ PERIODISTES, 9","ELECTRICBIKESTATION",41.422037,2.174401,80,"C/ PERIODISTES, 9","07-Horta-Guinardó/35-el Guinardó",8032,18,TRUE,476,1000,TRUE,NA,NA,1756677602,0
477,"C/ AMILCAR, 78","ELECTRICBIKESTATION",41.4260751,2.1722534,69,"C/ AMILCAR, 78","07-Horta-Guinardó/36-la Font d'en Fargues",8032,26,TRUE,477,1000,TRUE,NA,NA,1756677602,0
478,"C/ ESCULTOR LLIMONA, 7","ELECTRICBIKESTATION",41.4276076,2.1697582,65,"C/ ESCULTOR LLIMONA, 7","08-NouBarris/44-Vilapicina i la Torre Llobeta",8031,30,TRUE,478,1000,TRUE,NA,NA,1756677602,0
479,"PG. FABRA I PUIG, 344","ELECTRICBIKESTATION",41.430623,2.1671068,73,"PG. FABRA I PUIG, 344","08-NouBarris/46-el Turó de la Peira",8031,18,TRUE,479,1000,TRUE,NA,NA,1756677602,0
480,"PG. FABRA I PUIG, 385","ELECTRICBIKESTATION",41.4333259,2.1629258,92,"PG. FABRA I PUIG, 385","07-Horta-Guinardó/43-Horta",8031,28,TRUE,480,1000,TRUE,NA,NA,1756677602,0
481,"PG. FABRA I PUIG, 411","ELECTRICBIKESTATION",41.4357978,2.163872,89,"PG. FABRA I PUIG, 411","07-Horta-Guinardó/43-Horta",8031,27,TRUE,481,1000,TRUE,NA,NA,1756677602,0
482,"PG. UNIVERSAL, 29 | C/ DOCTOR LETAMENDI","ELECTRICBIKESTATION",41.4372022,2.1620235,95,"PG. UNIVERSAL, 29 | C/ DOCTOR LETAMENDI","07-Horta-Guinardó/43-Horta",8042,22,TRUE,482,1000,TRUE,NA,NA,1756677602,0
483,"BAIXADA DE LA PLANA, 35","ELECTRICBIKESTATION",41.4294833044993,2.15908110912321,NA,"BAIXADA DE LA PLANA, 35","07-Horta-Guinardó/43-Horta",8032,32,TRUE,483,1000,TRUE,NA,NA,1756677602,0
484,"C/ EDUARD TODA, 33 | C/ DOCTOR LETAMENDI","ELECTRICBIKESTATION",41.4345997,2.1585268,104,"C/ EDUARD TODA, 33 | C/ DOCTOR LETAMENDI","07-Horta-Guinardó/43-Horta",8031,27,TRUE,484,1000,TRUE,NA,NA,1756677602,0
485,"PG. VALLDAURA, 26","ELECTRICBIKESTATION",41.4374904,2.1565742,121,"PG. VALLDAURA, 26","07-Horta-Guinardó/43-Horta",8031,27,TRUE,485,1000,TRUE,NA,NA,1756677602,0
486,"C/ PORTO, 35 | AV. ESTATUT DE CATALUNYA","ELECTRICBIKESTATION",41.4306102,2.1564551,81,"C/ PORTO, 35 | AV. ESTATUT DE CATALUNYA","07-Horta-Guinardó/43-Horta",8032,28,TRUE,486,1000,TRUE,NA,NA,1756677602,0
487,"C/ LISBOA, 128","ELECTRICBIKESTATION",41.4267638,2.1521909,98,"C/ LISBOA, 128","07-Horta-Guinardó/42-la Clota",8032,27,TRUE,487,1000,TRUE,NA,NA,1756677602,0
488,"AV. CAN MARCET, 36","ELECTRICBIKESTATION",41.4347859,2.147904,132,"AV. CAN MARCET, 36","07-Horta-Guinardó/41-la Vall d'Hebron",8035,27,TRUE,488,1000,TRUE,NA,NA,1756677602,0
489,"C/ JORGE MANRIQUE, 15","ELECTRICBIKESTATION",41.4312335,2.1499103,119,"C/ JORGE MANRIQUE, 15","07-Horta-Guinardó/41-la Vall d'Hebron",8035,27,TRUE,489,1000,TRUE,NA,NA,1756677602,0
490,"PG. VALL D'HEBRÓN, 168","ELECTRICBIKESTATION",41.4280668,2.1443777,150,"PG. VALL D'HEBRÓN, 168","07-Horta-Guinardó/41-la Vall d'Hebron",8035,49,TRUE,490,1000,TRUE,NA,NA,1756677602,0
491,"C/ PARE MARIANA, 24","ELECTRICBIKESTATION",41.4306689,2.1456449,125,"C/ PARE MARIANA, 24","07-Horta-Guinardó/41-la Vall d'Hebron",8035,27,TRUE,491,1000,TRUE,NA,NA,1756677602,0
492,"PL. TETUAN","ELECTRICBIKESTATION",41.3943454,2.1751709,18,"PL. TETUAN","02-Eixample/07-la Dreta de l'Eixample",8010,23,TRUE,492,1000,TRUE,NA,NA,1756677602,0
493,"PG. VALL D'HEBRÓN, 80","ELECTRICBIKESTATION",41.419965,2.1401823,166,"PG. VALL D'HEBRÓN, 80","06-Gràcia/28-Vallcarca i els Penitents",8023,24,TRUE,493,1000,TRUE,NA,NA,1756677602,0
494,"RBLA. CATALUNYA, 33 - C/ DIPUTACIÓ","ELECTRICBIKESTATION",41.3896967,2.1652199,25,"RBLA. CATALUNYA, 33 - C/ DIPUTACIÓ","02-Eixample/07-la Dreta de l'Eixample",8007,24,TRUE,494,1000,TRUE,NA,NA,1756677602,0
495,"C/ DIPUTACIÓ, 22","ELECTRICBIKESTATION",41.377846,2.150523,24,"C/ DIPUTACIÓ, 22","02-Eixample/09-la Nova Esquerra de l'Eixample",8015,21,TRUE,495,1000,TRUE,NA,NA,1756677602,0
496,"C/ PROVENÇA,  445","ELECTRICBIKESTATION",41.4048623,2.174799,33,"C/ PROVENÇA, 445","02-Eixample/06-la Sagrada Família",8025,18,TRUE,496,1000,TRUE,NA,NA,1756677602,0
497,"PTGE. MALUQUER, 16","ELECTRICBIKESTATION",41.4095489,2.1360313,124,"PTGE. MALUQUER, 16","05-Sarrià-StGervasi/25-Sant Gervasi - la Bonanova",8022,27,TRUE,497,1000,TRUE,NA,NA,1756677602,0
498,"C/ ESTEVE TERRADAS, 42","ELECTRICBIKESTATION",41.4144967,2.1402433,145,"C/ ESTEVE TERRADAS, 42","06-Gràcia/28-Vallcarca i els Penitents",8023,26,TRUE,498,1000,TRUE,NA,NA,1756677602,0
499,"AV. VALLCARCA, 196","ELECTRICBIKESTATION",41.4160558,2.1421504,127,"AV. VALLCARCA, 196","06-Gràcia/28-Vallcarca i els Penitents",8023,27,TRUE,499,1000,TRUE,NA,NA,1756677602,0
500,"C/ ARGENTERA, 23","ELECTRICBIKESTATION",41.4117633,2.1453424,101,"C/ ARGENTERA, 23","06-Gràcia/28-Vallcarca i els Penitents",8023,23,TRUE,500,1000,TRUE,NA,NA,1756677602,0
501,"C/ ELISA, 1","ELECTRICBIKESTATION",41.4052698,2.1420204,95,"C/ ELISA, 1","05-Sarrià-StGervasi/27-el Putxet i el Farró",8023,16,TRUE,501,1000,TRUE,NA,NA,1756677602,0
502,"AV. VALLCARCA, 11","ELECTRICBIKESTATION",41.4074444,2.1492066,88,"AV. VALLCARCA, 11","06-Gràcia/28-Vallcarca i els Penitents",8023,19,TRUE,502,1000,TRUE,NA,NA,1756677602,0
503,"C/ MAIGNON, 31-41","ELECTRICBIKESTATION",41.4095926,2.1524953,105,"C/ MAIGNON, 31-41","06-Gràcia/30-la Salut",8024,30,TRUE,503,1000,TRUE,NA,NA,1756677602,0
504,"C/ MASSENS, 76","ELECTRICBIKESTATION",41.4092333,2.1557747,87,"C/ MASSENS, 76","06-Gràcia/31-la Vila de Gràcia",8024,28,TRUE,504,1000,TRUE,NA,NA,1756677602,0
505,"C/ CAMÈLIES, 78","ELECTRICBIKESTATION",41.4145614,2.1658677,118,"C/ CAMÈLIES, 78","07-Horta-Guinardó/33-el Baix Guinardó",8024,27,TRUE,505,1000,TRUE,NA,NA,1756677602,0
506,"C/ GARRIGA I ROCA, 2","ELECTRICBIKESTATION",41.4191957,2.1718497,107,"C/ GARRIGA I ROCA, 2","07-Horta-Guinardó/35-el Guinardó",8041,15,TRUE,506,1000,TRUE,NA,NA,1756677602,0
507,"C/ SARDENYA, 494","ELECTRICBIKESTATION",41.4107641,2.1640965,81,"C/ SARDENYA, 494","07-Horta-Guinardó/33-el Baix Guinardó",8024,23,TRUE,507,1000,TRUE,NA,NA,1756677602,0
508,"C/ SARDENYA, 465","ELECTRICBIKESTATION",41.4090922,2.1656378,70,"C/ SARDENYA, 465","06-Gràcia/32-el Camp d'en Grassot i Gràcia Nova",8025,26,TRUE,508,1000,TRUE,NA,NA,1756677602,0
509,"C/ TORRENT DE L'OLLA, 11","ELECTRICBIKESTATION",41.3989713,2.1606736,46,"C/ TORRENT DE L'OLLA, 11","06-Gràcia/31-la Vila de Gràcia",8012,32,TRUE,509,1000,TRUE,NA,NA,1756677602,0
510,"C/ GRAN DE GRÀCIA, 37","ELECTRICBIKESTATION",41.3989151,2.1564253,55,"C/ GRAN DE GRÀCIA, 37","06-Gràcia/31-la Vila de Gràcia",8012,27,TRUE,510,1000,TRUE,NA,NA,1756677602,0
511,"C/ GRAN DE GRÀCIA, 91","ELECTRICBIKESTATION",41.4006862,2.1543317,61,"C/ GRAN DE GRÀCIA, 91","06-Gràcia/31-la Vila de Gràcia",8012,20,TRUE,511,1000,TRUE,NA,NA,1756677602,0
512,"C/ D'ALACANT, 12","ELECTRICBIKESTATION",41.4000778,2.1326911,96,"C/ D'ALACANT, 12","05-Sarrià-StGervasi/24-les Tres Torres",8017,27,TRUE,512,1000,TRUE,NA,NA,1756677602,0
513,"VIA AUGUSTA, 317","ELECTRICBIKESTATION",41.399017,2.124329,111,"VIA AUGUSTA, 317","05-Sarrià-StGervasi/24-les Tres Torres",8017,28,TRUE,513,1000,TRUE,NA,NA,1756677602,0
514,"C/ ARAGÓ, 614","ELECTRICBIKESTATION",41.4095069,2.1885055,16,"C/ ARAGÓ, 614","10-SantMartí/65-el Clot",8018,24,TRUE,514,1000,TRUE,NA,NA,1756677602,0
515,"C/ SANT ADRIÀ, 43","ELECTRICBIKESTATION",41.4352071,2.1948002,19,"C/ SANT ADRIÀ, 43","09-SantAndreu/59-el Bon Pastor",8030,24,TRUE,515,1000,TRUE,NA,NA,1756677602,0
516,"C/ SANT ADRIÀ, 88","ELECTRICBIKESTATION",41.4354601,2.2001569,15,"C/ SANT ADRIÀ, 88","09-SantAndreu/59-el Bon Pastor",8030,21,TRUE,516,1000,TRUE,NA,NA,1756677602,0
517,"AV. RASOS DE PEGUERA, 10","ELECTRICBIKESTATION",41.462095,2.178959,44,"AV. RASOS DE PEGUERA, 10","08-NouBarris/55-Ciutat Meridiana",8033,20,TRUE,517,1000,TRUE,NA,NA,1756677602,0
518,"C/ LLOBREGÓS, 115","ELECTRICBIKESTATION",41.4246885,2.1570492,112,"C/ LLOBREGÓS, 115","07-Horta-Guinardó/37-el Carmel",8032,27,TRUE,518,1000,TRUE,NA,NA,1756677602,0
519,"C/ PEDRELL, 52","ELECTRICBIKESTATION",41.4246548,2.166289,110,"C/ PEDRELL, 52","07-Horta-Guinardó/36-la Font d'en Fargues",8032,24,TRUE,519,1000,TRUE,NA,NA,1756677602,0
526,"C/ TARONGERS | AV. MIRAMAR (TELEFÈRIC)","ELECTRICBIKESTATION",41.3683855,2.1645038,93,"C/ TARONGERS | AV. MIRAMAR (TELEFÈRIC)","03-Sants-Montjuïc/11-el Poble-sec",8038,27,TRUE,526,1000,TRUE,NA,NA,1756677602,0
527,"PG. OLIMPIC, 8","ELECTRICBIKESTATION",41.3619729005392,2.15432161045075,NA,"PG. OLIMPIC, 8","03-Sants-Montjuïc/11-el Poble-sec",8038,36,TRUE,527,1000,TRUE,NA,NA,1756677602,0
537,"AV. ESTADI, 12","ELECTRICBIKESTATION",41.3653602,2.1476099,75,"AV. ESTADI, 12","03-Sants-Montjuïc/11-el Poble-sec",8038,40,TRUE,523,1000,TRUE,NA,NA,1756677602,0
538,"AV. ESTADI, 38","ELECTRICBIKESTATION",41.3663147,2.1522059,86,"AV. ESTADI, 38","03-Sants-Montjuïc/11-el Poble-sec",8038,24,TRUE,522,1000,TRUE,NA,NA,1756677602,0
539,"C/ FRANÇA XICA, 4","ELECTRICBIKESTATION",41.3721749,2.1602153,26,"C/ FRANÇA XICA, 4","03-Sants-Montjuïc/11-el Poble-sec",8004,16,TRUE,525,1,TRUE,NA,NA,1756677602,0
540,"C/ MANDONI, 6","ELECTRICBIKESTATION",41.3693483,2.1426008,18,"C/ MANDONI, 6","03-Sants-Montjuïc/14-la Font de la Guatlla",8004,20,TRUE,521,1,TRUE,NA,NA,1756677602,0
541,"C/ MARBRE, 2","ELECTRICBIKESTATION",41.3614158,2.1476169,28,"C/ MARBRE, 2","03-Sants-Montjuïc/13-la Marina de Port",8038,28,TRUE,524,1000,TRUE,NA,NA,1756677602,0
542,"Copa América Barcelona - 542","VALET",41.3745380911102,2.18921691326618,NA,"Copa América Barcelona 2024","",NA,1,FALSE,9000,1,TRUE,NA,FALSE,1756677602,0
543,"Copa América Barcelona - 543","VALET",41.3838298564072,2.19137099384841,NA,"Copa América Barcelona 2024","",NA,1,FALSE,9001,1,TRUE,NA,FALSE,1756677602,0
544,"C/ MONTFAR, 1","ELECTRICBIKESTATION",41.37049,2.148729,NA,"C/ MONTFAR, 1","03-Sants-Montjuïc/14-la Font de la Guatlla",8004,24,TRUE,520,1000,TRUE,NA,NA,1756677602,0
547,"C/ MALLORCA, 194 (xamfrà)","ELECTRICBIKESTATION",41.38997,2.15772,33,"C/ MALLORCA, 194 (xamfrà)","02-Eixample/08-l'Antiga Esquerra de l'Eixample",8036,23,TRUE,547,1000,TRUE,NA,NA,1756677602,0
553,"VIA AUGUSTA, 68","ELECTRICBIKESTATION",41.4005123,2.1518158,61,"VIA AUGUSTA, 68","06-Gràcia/31-la Vila de Gràcia",8006,32,TRUE,553,1000,TRUE,NA,NA,1756677602,0
554,"C/ AVENIR, 35","ELECTRICBIKESTATION",41.3957844,2.1468644,58,"C/ AVENIR, 35","05-Sarrià-StGervasi/26-Sant Gervasi - Galvany",8021,23,TRUE,554,999,TRUE,NA,NA,1756677602,0
558,"RBLA MUNTANYA, 49","ELECTRICBIKESTATION",41.4209497,2.1768396,62,"RBLA MUNTANYA, 49","07-Horta-Guinardó/35-el Guinardó",8041,36,TRUE,558,1000,TRUE,NA,NA,1756677602,0
561,"C/ MANILA, 53","ELECTRICBIKESTATION",41.3900749643978,2.12649638895492,69.4,"C/ MANILA, 53","04-LesCorts/21-Pedralbes",8034,24,TRUE,561,1000,TRUE,NA,NA,1756677602,0
563,"C/ ENTENÇA, 301","ELECTRICBIKESTATION",41.38952,2.13862,54,"C/ ENTENÇA, 301","04-LesCorts/19-les Corts",8029,24,TRUE,563,1000,TRUE,NA,NA,1756677602,0
564,"C/ CARRERA, 1","ELECTRICBIKESTATION",41.3744342365138,2.17486130472679,NA,"C/ CARRERA, 1","03-Sants-Montjuïc/11-el Poble-sec",8004,28,TRUE,564,1000,TRUE,NA,NA,1756677602,0
565,"C/ FRA JUNÍPER SERRA, 53 | C/ SANTANDER","ELECTRICBIKESTATION",41.4321492376238,2.20548960446323,NA,"C/ FRA JUNÍPER SERRA, 53 | C/ SANTANDER","09-SantAndreu/59-el Bon Pastor",8020,28,TRUE,565,1000,TRUE,NA,NA,1756677602,0
566,"C/ CRISTÓBAL DE MOURA, 163 (xamfrà)","ELECTRICBIKESTATION",41.4135108,2.2093559,9.98,"C/ CRISTÓBAL DE MOURA, 163 (xamfrà)","10-SantMartí/71-Provençals del Poblenou",8019,17,TRUE,566,1000,TRUE,NA,NA,1756677602,0
567,"C/ RAMON TURRÓ, 182 (xamfrà)","ELECTRICBIKESTATION",41.39816,2.20085,3.66,"C/ RAMON TURRÓ, 182 (xamfrà)","10-SantMartí/68-el Poblenou",8005,23,TRUE,567,1000,TRUE,NA,NA,1756677602,0
568,"C/ ROMÁN MACAYA, 8","ELECTRICBIKESTATION",41.4134658326881,2.13520478647346,154.72,"C/ ROMÁN MACAYA, 8","05-Sarrià-StGervasi/25-Sant Gervasi - la Bonanova",8022,24,TRUE,568,1000,TRUE,NA,NA,1756677602,0
569,"C/ QUATRE CAMINS, 46","ELECTRICBIKESTATION",41.410472,2.131204,151,"C/ QUATRE CAMINS, 46","05-Sarrià-StGervasi/25-Sant Gervasi - la Bonanova",8022,28,TRUE,569,1000,TRUE,NA,NA,1756677602,0
572,"AV. CAN MARCET, 3","ELECTRICBIKESTATION",41.4341809929127,2.15187841563274,115,"AV. CAN MARCET, 3","07-Horta-Guinardó/41-la Vall d'Hebron",8035,24,TRUE,572,999,TRUE,NA,NA,1756677602,0
573," AV. MARTÍ CODOLAR, 2 | COLL I ALENTORN","ELECTRICBIKESTATION",41.4249916795074,2.14819656044664,122.88," AV. MARTÍ CODOLAR, 2 | COLL I ALENTORN","07-Horta-Guinardó/41-la Vall d'Hebron",8035,20,TRUE,573,1000,TRUE,NA,NA,1756677602,0
577,"PTGE. CALAFELL, 3","ELECTRICBIKESTATION",41.4237747,2.1546161,129.15,"PTGE. CALAFELL, 3","07-Horta-Guinardó/37-el Carmel",8032,23,TRUE,577,1000,TRUE,NA,NA,1756677602,0
581,"AV. JORDÀ, 18","ELECTRICBIKESTATION",41.426778,2.138417,184,"AV. JORDÀ, 18","07-Horta-Guinardó/39-Sant Genís dels Agudells",8035,28,TRUE,581,1000,TRUE,NA,NA,1756677602,0
582,"C/ JUDEA, 1","ELECTRICBIKESTATION",41.4250608907384,2.14117169130441,164.88,"C/ JUDEA, 1","07-Horta-Guinardó/39-Sant Genís dels Agudells",8035,31,TRUE,582,1000,TRUE,NA,NA,1756677602,0
595,"C/ BRUC, 88","ELECTRICBIKESTATION",41.394576,2.169295,NA,"C/ BRUC, 88","02-Eixample/07-la Dreta de l'Eixample",8009,16,TRUE,529,1000,TRUE,NA,NA,1756677602,0
596,"C/ DIPUTACIÓ, 303","ELECTRICBIKESTATION",41.392639960504,2.1696469558197,NA,"C/ DIPUTACIÓ, 303","02-Eixample/07-la Dreta de l'Eixample",8009,23,TRUE,530,1000,TRUE,NA,NA,1756677602,0
597,"C/ PROVENÇA, 310","ELECTRICBIKESTATION",41.3959653,2.1635462,0,"C/ PROVENÇA, 310","",NA,28,TRUE,531,1000,TRUE,NA,NA,1756677602,0
598,"C/ BRUC, 103 (xamfrà)","ELECTRICBIKESTATION",41.395821,2.16728,31,"C/ BRUC, 103 (xamfrà)","02-Eixample/07-la Dreta de l'Eixample",8009,23,TRUE,532,1000,TRUE,NA,NA,1756677602,0
599,"C/ VALÈNCIA, 312 (xamfrà)","ELECTRICBIKESTATION",41.3950976,2.1666929,31.79,"C/ VALÈNCIA, 312 (xamfrà)","02-Eixample/07-la Dreta de l'Eixample",8009,23,TRUE,533,1000,TRUE,NA,NA,1756677602,0
600,"C/ VALÈNCIA, 237","ELECTRICBIKESTATION",41.39187,2.16202,32,"C/ VALÈNCIA, 237","02-Eixample/07-la Dreta de l'Eixample",8007,24,TRUE,534,1000,TRUE,NA,NA,1756677602,0
602,"C/ ROSSELLÓ, 497 (xamfrà)","ELECTRICBIKESTATION",41.4081139,2.176757,37.11,"C/ ROSSELLÓ, 497 (xamfrà)","02-Eixample/06-la Sagrada Família",8025,20,TRUE,536,1000,TRUE,NA,NA,1756677602,0
603,"C/ CÒRSEGA, 612 (xamfrà)","ELECTRICBIKESTATION",41.4093189006091,2.17657691610016,40.65,"C/ CÒRSEGA, 612 (xamfrà)","02-Eixample/06-la Sagrada Família",8025,24,TRUE,537,1000,TRUE,NA,NA,1756677602,0
604,"C/ CÒRSEGA, 578","ELECTRICBIKESTATION",41.4079467,2.1748603,NA,"C/ CÒRSEGA, 578","02-Eixample/06-la Sagrada Família",8025,28,TRUE,538,1000,TRUE,NA,NA,1756677602,0
608,"C/ PAMPLONA, 116 (xamfrà)","ELECTRICBIKESTATION",41.3990872310746,2.18839414292221,4.4,"C/ PAMPLONA, 116 (xamfrà)","10-SantMartí/66-el Parc i la Llacuna del Poblenou",8018,24,TRUE,542,1000,TRUE,NA,NA,1756677602,0
609,"C/ ÀVILA, 94","ELECTRICBIKESTATION",41.3984589,2.1937281,4.76,"C/ ÀVILA, 94","10-SantMartí/66-el Parc i la Llacuna del Poblenou",8018,24,TRUE,543,1000,TRUE,NA,NA,1756677602,0
610,"C/ ÀVILA, 102","ELECTRICBIKESTATION",41.3990190831577,2.1928972716948,4.64,"C/ ÀVILA, 102","10-SantMartí/66-el Parc i la Llacuna del Poblenou",8018,27,TRUE,544,1000,TRUE,NA,NA,1756677602,0