Academic Year,University,Unique Identifier,Code,Degree,Center,Ambit Code
2024-2025,University of Almería,Universidad De Almería 125504,125504,ADMINISTRACIÓN Y DIRECCIÓN DE EMPRESAS,FACULTAD CIENCIAS ECONÓMICAS Y EMPRESARIALES,SYJ
2024-2025,University of Almería,Universidad De Almería 125601,125601,ADMINISTRACIÓN Y DIRECCIÓN DE EMPRESAS + DERECHO,FACULTAD CIENCIAS ECONÓMICAS Y EMPRESARIALES,SYJ
2024-2025,University of Almería,Universidad De Almería 126702,126702,BIOTECNOLOGÍA,FACULTAD DE CIENCIAS EXPERIMENTALES,C
2024-2025,University of Almería,Universidad De Almería 127005,127005,CIENCIAS AMBIENTALES,FACULTAD DE CIENCIAS EXPERIMENTALES,C
2024-2025,University of Almería,Universidad De Almería 127501,127501,CIENCIAS DE LA ACTIVIDAD FÍSICA Y DEL DEPORTE,FACULTAD DE CIENCIAS DE LA EDUCACIÓN,SYJ
2024-2025,University of Almería,Universidad De Almería 129509,129509,DERECHO,FACULTAD DE DERECHO,SYJ
2024-2025,University of Almería,Universidad De Almería 129606,129606,DERECHO + GESTIÓN Y ADM. PUB.,FACULTAD DE DERECHO,SYJ
2024-2025,University of Almería,Universidad De Almería 130005,130005,ECONOMÍA,FACULTAD CIENCIAS ECONÓMICAS Y EMPRESARIALES,SYJ
2024-2025,University of Almería,Universidad De Almería 130102,130102,ECONOMÍA + MATEMÁTICAS,FACULTAD DE CIENCIAS EXPERIMENTALES,SIN
2024-2025,University of Almería,Universidad De Almería 145505,145505,EDUCACIÓN INFANTIL,FACULTAD DE CIENCIAS DE LA EDUCACIÓN,SYJ
2024-2025,University of Almería,Universidad De Almería 146509,146509,EDUCACIÓN PRIMARIA,FACULTAD DE CIENCIAS DE LA EDUCACIÓN,SYJ
2024-2025,University of Almería,Universidad De Almería 146800,146800,EDUCACIÓN PRIMARIA + EDUCACIÓN INFANTIL,FACULTAD DE CIENCIAS DE LA EDUCACIÓN,SYJ
2024-2025,University of Almería,Universidad De Almería 102200,102200,EDUCACIÓN SOCIAL,FACULTAD DE CIENCIAS DE LA EDUCACIÓN,SYJ
2024-2025,University of Almería,Universidad De Almería 102502,102502,ENFERMERÍA,FACULTAD DE CIENCIAS DE LA SALUD,SD
2024-2025,University of Almería,Universidad De Almería 134506,134506,ESTUDIOS INGLESES,FACULTAD DE HUMANIDADES,AYH
2024-2025,University of Almería,Universidad De Almería 134700,134700,ESTUDIOS INGLESES + FILOLOGÍA HISPÁNICA,FACULTAD DE HUMANIDADES,AYH
2024-2025,University of Almería,Universidad De Almería 134001,134001,FILOLOGÍA HISPÁNICA,FACULTAD DE HUMANIDADES,AYH
2024-2025,University of Almería,Universidad De Almería 102006,102006,FINANZAS Y CONTABILIDAD,FACULTAD CIENCIAS ECONÓMICAS Y EMPRESARIALES,SYJ
2024-2025,University of Almería,Universidad De Almería 103506,103506,FISIOTERAPIA,FACULTAD DE CIENCIAS DE LA SALUD,SD
2024-2025,University of Almería,Universidad De Almería 104003,104003,GESTIÓN Y ADMINISTRACIÓN PÚBLICA,FACULTAD DE DERECHO,SYJ
2024-2025,University of Almería,Universidad De Almería 137507,137507,HISTORIA,FACULTAD DE HUMANIDADES,AYH
2024-2025,University of Almería,Universidad De Almería 137701,137701,HISTORIA + HUMANIDADES,FACULTAD DE HUMANIDADES,AYH
2024-2025,University of Almería,Universidad De Almería 138500,138500,HUMANIDADES,FACULTAD DE HUMANIDADES,AYH
2024-2025,University of Almería,Universidad De Almería 122007,122007,INGENIERÍA AGRÍCOLA,ESCUELA SUPERIOR DE INGENIERÍA,IYA
2024-2025,University of Almería,Universidad De Almería 112508,112508,INGENIERÍA ELÉCTRICA,ESCUELA SUPERIOR DE INGENIERÍA,IYA
2024-2025,University of Almería,Universidad De Almería 113005,113005,INGENIERÍA ELECTRÓNICA INDUSTRIAL Y AUTOMÁTICA,ESCUELA SUPERIOR DE INGENIERÍA,IYA
2024-2025,University of Almería,Universidad De Almería 123507,123507,INGENIERÍA INFORMÁTICA,ESCUELA SUPERIOR DE INGENIERÍA,IYA
2024-2025,University of Almería,Universidad De Almería 113501,113501,INGENIERÍA MECÁNICA,ESCUELA SUPERIOR DE INGENIERÍA,IYA
2024-2025,University of Almería,Universidad De Almería 113609,113609,INGENIERÍA MECÁNICA + INGENIERÍA ELECTRÓNICA INDUSTRIAL Y AUTOMÁTICA,ESCUELA SUPERIOR DE INGENIERÍA,IYA
2024-2025,University of Almería,Universidad De Almería 114009,114009,INGENIERÍA QUÍMICA INDUSTRIAL,ESCUELA SUPERIOR DE INGENIERÍA,IYA
2024-2025,University of Almería,Universidad De Almería 149003,149003,MARKETING E INVESTIGACIÓN DE MERCADOS,FACULTAD CIENCIAS ECONÓMICAS Y EMPRESARIALES,SYJ
2024-2025,University of Almería,Universidad De Almería 139008,139008,MATEMÁTICAS,FACULTAD DE CIENCIAS EXPERIMENTALES,C
2024-2025,University of Almería,Universidad De Almería 139504,139504,MEDICINA,FACULTAD DE CIENCIAS DE LA SALUD,SD
2024-2025,University of Almería,Universidad De Almería 141500,141500,PSICOLOGÍA,FACULTAD DE PSICOLOGÍA,SD
2024-2025,University of Almería,Universidad De Almería 142504,142504,QUÍMICA,FACULTAD DE CIENCIAS EXPERIMENTALES,C
2024-2025,University of Almería,Universidad De Almería 108008,108008,RELACIONES LABORALES Y RECURSOS HUMANOS,FACULTAD DE DERECHO,SYJ
2024-2025,University of Almería,Universidad De Almería 108519,108519,TRABAJO SOCIAL,FACULTAD DE PSICOLOGÍA,SYJ
2024-2025,University of Almería,Universidad De Almería 108706,108706,TURISMO,FACULTAD CIENCIAS ECONÓMICAS Y EMPRESARIALES,SYJ
2024-2025,University of Cádiz,Universidad De Cádiz 225517,225517,ADMINISTRACIÓN Y DIRECCIÓN DE EMPRESAS,FAC. CIENCIAS. ECON. Y EMP. (SEDE JEREZ),SYJ
2024-2025,University of Cádiz,Universidad De Cádiz 225502,225502,ADMINISTRACIÓN Y DIRECCIÓN DE EMPRESAS,FACULTAD DE CIENCIAS ECONÓMICAS Y EMPRESARIALES,SYJ
2024-2025,University of Cádiz,Universidad De Cádiz 225521,225521,ADMINISTRACIÓN Y DIRECCIÓN DE EMPRESAS,FAC. CC. ECONÓMICAS Y EMPRESARIALES (SEDE ALGECIRAS),SYJ
2024-2025,University of Cádiz,Universidad De Cádiz 225614,225614,ADMINISTRACIÓN Y DIRECCIÓN DE EMPRESAS + DERECHO,FAC. CIENCIAS. ECON. Y EMP. (SEDE JEREZ),SYJ
2024-2025,University of Cádiz,Universidad De Cádiz 225901,225901,ADMINISTRACIÓN Y DIRECCIÓN DE EMPRESAS + FINANZAS Y CONTABILIDAD,FACULTAD DE CIENCIAS ECONÓMICAS Y EMPRESARIALES,SYJ
2024-2025,University of Cádiz,Universidad De Cádiz 224207,224207,ARQUITECTURA NAVAL E INGENIERÍA MARÍTIMA,ESCUELA DE INGENIERÍA NAVAL Y OCEÁNICA,IYA
2024-2025,University of Cádiz,Universidad De Cádiz 226700,226700,BIOTECNOLOGÍA,FACULTAD DE CIENCIAS,C
2024-2025,University of Cádiz,Universidad De Cádiz 227003,227003,CIENCIAS AMBIENTALES,FACULTAD DE CIENCIAS DEL MAR Y AMBIENTALES,C
2024-2025,University of Cádiz,Universidad De Cádiz 227100,227100,CIENCIAS AMBIENTALES + CIENCIAS DEL MAR,FACULTAD DE CIENCIAS DEL MAR Y AMBIENTALES,C
2024-2025,University of Cádiz,Universidad De Cádiz 227501,227501,CIENCIAS DE LA ACTIVIDAD FÍSICA Y DEL DEPORTE,FACULTAD DE CIENCIAS DE LA EDUCACIÓN,SYJ
2024-2025,University of Cádiz,Universidad De Cádiz 228007,228007,CIENCIAS DEL MAR,FACULTAD DE CIENCIAS DEL MAR Y AMBIENTALES,C
2024-2025,University of Cádiz,Universidad De Cádiz 228104,228104,CIENCIAS DEL MAR + CIENCIAS AMBIENTALES,FACULTAD DE CIENCIAS DEL MAR Y AMBIENTALES,C
2024-2025,University of Cádiz,Universidad De Cádiz 292801,292801,CRIMINOLOGÍA Y SEGURIDAD,FACULTAD DE DERECHO,SYJ
2024-2025,University of Cádiz,Universidad De Cádiz 229507,229507,DERECHO,FACULTAD DE DERECHO,SYJ
2024-2025,University of Cádiz,Universidad De Cádiz 229511,229511,DERECHO,FACULTAD DE DERECHO (SEDE ALGECIRAS),SYJ
2024-2025,University of Cádiz,Universidad De Cádiz 292909,292909,DERECHO + CRIMINOLOGÍA Y SEGURIDAD,FACULTAD DE DERECHO,SYJ
2024-2025,University of Cádiz,Universidad De Cádiz 229906,229906,DERECHO + RELACIONES LABORALES Y RECURSOS HUMANOS,FACULTAD DE DERECHO (SEDE ALGECIRAS),SYJ
2024-2025,University of Cádiz,Universidad De Cádiz 245503,245503,EDUCACIÓN INFANTIL,FACULTAD DE CIENCIAS DE LA EDUCACIÓN,SYJ
2024-2025,University of Cádiz,Universidad De Cádiz 245518,245518,EDUCACIÓN INFANTIL,CENTRO MAGISTERIO VIRGEN DE EUROPA (ADSCRITO) (LA LÍNEA),SYJ
2024-2025,University of Cádiz,Universidad De Cádiz 246507,246507,EDUCACIÓN PRIMARIA,FACULTAD DE CIENCIAS DE LA EDUCACIÓN,SYJ
2024-2025,University of Cádiz,Universidad De Cádiz 246511,246511,EDUCACIÓN PRIMARIA,CENTRO MAGISTERIO VIRGEN DE EUROPA (ADSCRITO) (LA LÍNEA),SYJ
2024-2025,University of Cádiz,Universidad De Cádiz 202549,202549,ENFERMERÍA,CENTRO UNIVERSITARIO DE ENFERMERÍA SALUS INFIRMORUM (ADS),SD
2024-2025,University of Cádiz,Universidad De Cádiz 202515,202515,ENFERMERÍA,FACULTAD DE ENFERMERÍA (ALGECIRAS),SD
2024-2025,University of Cádiz,Universidad De Cádiz 202500,202500,ENFERMERÍA,FACULTAD DE ENFERMERÍA Y FISIOTERAPIA,SD
2024-2025,University of Cádiz,Universidad De Cádiz 202534,202534,ENFERMERÍA,FACULTAD DE ENFERMERÍA Y FISIOTERAPIA (JEREZ),SD
2024-2025,University of Cádiz,Universidad De Cádiz 297001,297001,ENOLOGÍA,FACULTAD DE CIENCIAS,C
2024-2025,University of Cádiz,Universidad De Cádiz 231503,231503,ESTUDIOS ÁRABES E ISLÁMICOS,FACULTAD DE FILOSOFÍA Y LETRAS,AYH
2024-2025,University of Cádiz,Universidad De Cádiz 231600,231600,ESTUDIOS ÁRABES E ISLÁMICOS + ESTUDIOS INGLESES,FACULTAD DE FILOSOFÍA Y LETRAS,AYH
2024-2025,University of Cádiz,Universidad De Cádiz 233004,233004,ESTUDIOS FRANCESES,FACULTAD DE FILOSOFÍA Y LETRAS,AYH
2024-2025,University of Cádiz,Universidad De Cádiz 233101,233101,ESTUDIOS FRANCESES + ESTUDIOS INGLESES,FACULTAD DE FILOSOFÍA Y LETRAS,AYH
2024-2025,University of Cádiz,Universidad De Cádiz 234504,234504,ESTUDIOS INGLESES,FACULTAD DE FILOSOFÍA Y LETRAS,AYH
2024-2025,University of Cádiz,Universidad De Cádiz 232000,232000,FILOLOGÍA CLÁSICA,FACULTAD DE FILOSOFÍA Y LETRAS,AYH
2024-2025,University of Cádiz,Universidad De Cádiz 232108,232108,FILOLOGÍA CLÁSICA + ESTUDIOS INGLESES,FACULTAD DE FILOSOFÍA Y LETRAS,AYH
2024-2025,University of Cádiz,Universidad De Cádiz 234008,234008,FILOLOGÍA HISPÁNICA,FACULTAD DE FILOSOFÍA Y LETRAS,AYH
2024-2025,University of Cádiz,Universidad De Cádiz 234105,234105,FILOLOGÍA HISPÁNICA + ESTUDIOS INGLESES,FACULTAD DE FILOSOFÍA Y LETRAS,AYH
2024-2025,University of Cádiz,Universidad De Cádiz 202004,202004,FINANZAS Y CONTABILIDAD,FACULTAD DE CIENCIAS ECONÓMICAS Y EMPRESARIALES,SYJ
2024-2025,University of Cádiz,Universidad De Cádiz 202101,202101,FINANZAS Y CONTABILIDAD + RELACIONES LABORALES Y RECURSOS HUMANOS,FACULTAD DE CIENCIAS ECONÓMICAS Y EMPRESARIALES,SYJ
2024-2025,University of Cádiz,Universidad De Cádiz 203504,203504,FISIOTERAPIA,FACULTAD DE ENFERMERÍA Y FISIOTERAPIA,SD
2024-2025,University of Cádiz,Universidad De Cádiz 204016,204016,GESTIÓN Y ADMINISTRACIÓN PÚBLICA,FACULTAD DE CIENCIAS SOCIALES Y DE LA COMUNICACIÓN (JEREZ),SYJ
2024-2025,University of Cádiz,Universidad De Cádiz 237505,237505,HISTORIA,FACULTAD DE FILOSOFÍA Y LETRAS,AYH
2024-2025,University of Cádiz,Universidad De Cádiz 238509,238509,HUMANIDADES,FACULTAD DE FILOSOFÍA Y LETRAS,AYH
2024-2025,University of Cádiz,Universidad De Cádiz 221702,221702,INGENIERÍA AEROESPACIAL,ESCUELA SUPERIOR DE INGENIERÍA,IYA
2024-2025,University of Cádiz,Universidad De Cádiz 222501,222501,INGENIERÍA CIVIL,ESCUELA TÉCNICA SUPERIOR DE INGENIERÍA DE ALGECIRAS ETSIA,IYA
2024-2025,University of Cádiz,Universidad De Cádiz 212525,212525,INGENIERÍA ELÉCTRICA,ESCUELA TÉCNICA SUPERIOR DE INGENIERÍA DE ALGECIRAS ETSIA,IYA
2024-2025,University of Cádiz,Universidad De Cádiz 212506,212506,INGENIERÍA ELÉCTRICA,ESCUELA SUPERIOR DE INGENIERÍA,IYA
2024-2025,University of Cádiz,Universidad De Cádiz 212721,212721,INGENIERÍA ELÉCTRICA + ING. ELECTRÓNICA INDUSTRIAL,ESCUELA SUPERIOR DE INGENIERÍA,IYA
2024-2025,University of Cádiz,Universidad De Cádiz 213022,213022,INGENIERÍA ELECTRÓNICA INDUSTRIAL,ESCUELA TÉCNICA SUPERIOR DE INGENIERÍA DE ALGECIRAS ETSIA,IYA
2024-2025,University of Cádiz,Universidad De Cádiz 213003,213003,INGENIERÍA ELECTRÓNICA INDUSTRIAL,ESCUELA SUPERIOR DE INGENIERÍA,IYA
2024-2025,University of Cádiz,Universidad De Cádiz 211200,211200,INGENIERÍA EN DISEÑO INDUSTRIAL Y DESARROLLO DEL PRODUCTO,ESCUELA SUPERIOR DE INGENIERÍA,IYA
2024-2025,University of Cádiz,Universidad De Cádiz 223013,223013,INGENIERÍA EN TECNOLOGÍAS INDUSTRIALES,ESCUELA TÉCNICA SUPERIOR DE INGENIERÍA DE ALGECIRAS ETSIA,IYA
2024-2025,University of Cádiz,Universidad De Cádiz 223009,223009,INGENIERÍA EN TECNOLOGÍAS INDUSTRIALES,ESCUELA SUPERIOR DE INGENIERÍA,IYA
2024-2025,University of Cádiz,Universidad De Cádiz 223505,223505,INGENIERÍA INFORMÁTICA,ESCUELA SUPERIOR DE INGENIERÍA,IYA
2024-2025,University of Cádiz,Universidad De Cádiz 213501,213501,INGENIERÍA MECÁNICA,ESCUELA SUPERIOR DE INGENIERÍA,IYA
2024-2025,University of Cádiz,Universidad De Cádiz 213529,213529,INGENIERÍA MECÁNICA,ESCUELA TÉCNICA SUPERIOR DE INGENIERÍA DE ALGECIRAS ETSIA,IYA
2024-2025,University of Cádiz,Universidad De Cádiz 212808,212808,INGENIERÍA MECÁNICA + INGENIERÍA ELÉCTRICA,ESCUELA SUPERIOR DE INGENIERÍA,IYA
2024-2025,University of Cádiz,Universidad De Cádiz 211308,211308,INGENIERÍA MECÁNICA + INGENIERÍA EN DISEÑO INDUSTRIAL Y DESARROLLO DEL PRODUCTO,ESCUELA SUPERIOR DE INGENIERÍA,IYA
2024-2025,University of Cádiz,Universidad De Cádiz 224509,224509,INGENIERÍA QUÍMICA,FACULTAD DE CIENCIAS,IYA
2024-2025,University of Cádiz,Universidad De Cádiz 224606,224606,INGENIERÍA QUÍMICA + BIOTECNOLOGÍA,FACULTAD DE CIENCIAS,SIN
2024-2025,University of Cádiz,Universidad De Cádiz 294507,294507,INGENIERÍA RADIOELECTRÓNICA,"ESCUELA DE INGENIERÍAS MARINA, NAÚTICA Y RADIOELÉCTRICA",IYA
2024-2025,University of Cádiz,Universidad De Cádiz 295004,295004,LINGÜÍSTICA Y LENGUAS APLICADAS,FACULTAD DE FILOSOFÍA Y LETRAS,AYH
2024-2025,University of Cádiz,Universidad De Cádiz 295104,295104,LINGÜÍSTICA Y LENGUAS APLICADAS + ESTUDIOS INGLESES,FACULTAD DE FILOSOFÍA Y LETRAS,AYH
2024-2025,University of Cádiz,Universidad De Cádiz 293007,293007,MARINA,"ESCUELA DE INGENIERÍAS MARINA, NAÚTICA Y RADIOELÉCTRICA",IYA
2024-2025,University of Cádiz,Universidad De Cádiz 249109,249109,MARKETING E INVESTIG. DE MERCADOS+TURISMO,FACULTAD DE CIENCIAS SOCIALES Y DE LA COMUNICACIÓN (JEREZ),SYJ
2024-2025,University of Cádiz,Universidad De Cádiz 249001,249001,MARKETING E INVESTIGACIÓN DE MERCADOS,FACULTAD DE CIENCIAS SOCIALES Y DE LA COMUNICACIÓN (JEREZ),SYJ
2024-2025,University of Cádiz,Universidad De Cádiz 239006,239006,MATEMÁTICAS,FACULTAD DE CIENCIAS,C
2024-2025,University of Cádiz,Universidad De Cádiz 239103,239103,MATEMÁTICAS + INGENIERÍA INFORMÁTICA,FACULTAD DE CIENCIAS,SIN
2024-2025,University of Cádiz,Universidad De Cádiz 239502,239502,MEDICINA,FACULTAD DE MEDICINA,SD
2024-2025,University of Cádiz,Universidad De Cádiz 293503,293503,NÁUTICA Y TRANSPORTE MARÍTIMO,"ESCUELA DE INGENIERÍAS MARINA, NAÚTICA Y RADIOELÉCTRICA",IYA
2024-2025,University of Cádiz,Universidad De Cádiz 241509,241509,PSICOLOGÍA,FACULTAD DE CIENCIAS DE LA EDUCACIÓN,SD
2024-2025,University of Cádiz,Universidad De Cádiz 242006,242006,PUBLICIDAD Y RELACIONES PÚBLICAS,FACULTAD DE CIENCIAS SOCIALES Y DE LA COMUNICACIÓN (JEREZ),SYJ
2024-2025,University of Cádiz,Universidad De Cádiz 242200,242200,PUBLICIDAD Y RELACIONES PÚBLICAS + MARKETING E INVESTIGACIÓN DE MERCADOS,FACULTAD DE CIENCIAS SOCIALES Y DE LA COMUNICACIÓN (JEREZ),SYJ
2024-2025,University of Cádiz,Universidad De Cádiz 242103,242103,PUBLICIDAD Y RELACIONES PÚBLICAS + TURISMO,FACULTAD DE CIENCIAS SOCIALES Y DE LA COMUNICACIÓN (JEREZ),SYJ
2024-2025,University of Cádiz,Universidad De Cádiz 242502,242502,QUÍMICA,FACULTAD DE CIENCIAS,C
2024-2025,University of Cádiz,Universidad De Cádiz 242804,242804,QUÍMICA + ENOLOGÍA,FACULTAD DE CIENCIAS,C
2024-2025,University of Cádiz,Universidad De Cádiz 208010,208010,RELACIONES LABORALES Y RECURSOS HUMANOS,FACULTAD DE CIENCIAS DEL TRABAJO (ALG),SYJ
2024-2025,University of Cádiz,Universidad De Cádiz 208006,208006,RELACIONES LABORALES Y RECURSOS HUMANOS,FACULTAD DE CIENCIAS DEL TRABAJO,SYJ
2024-2025,University of Cádiz,Universidad De Cádiz 208502,208502,TRABAJO SOCIAL,FACULTAD DE CIENCIAS DEL TRABAJO (SEDE JEREZ),SYJ
2024-2025,University of Cádiz,Universidad De Cádiz 208730,208730,TURISMO,FACULTAD DE CIENCIAS SOCIALES Y DE LA COMUNICACIÓN (JEREZ),SYJ
2024-2025,University of Córdoba,Universidad De Córdoba 325515,325515,ADMINISTRACIÓN Y DIRECCIÓN DE EMPRESAS,FACULTAD DE DERECHO Y CC. ECON. Y EMPRES.,SYJ
2024-2025,University of Córdoba,Universidad De Córdoba 325608,325608,ADMINISTRACIÓN Y DIRECCIÓN DE EMPRESAS + DERECHO,FACULTAD DE DERECHO Y CC. ECON. Y EMPRES.,SYJ
2024-2025,University of Córdoba,Universidad De Córdoba 326504,326504,BIOLOGÍA,FACULTAD DE CIENCIAS,C
2024-2025,University of Córdoba,Universidad De Córdoba 392001,392001,BIOQUÍMICA,FACULTAD DE CIENCIAS,C
2024-2025,University of Córdoba,Universidad De Córdoba 326709,326709,BIOTECNOLOGÍA,FACULTAD DE CIENCIAS,C
2024-2025,University of Córdoba,Universidad De Córdoba 392508,392508,CIENCIA Y TECNOLOGÍA DE LOS ALIMENTOS,FACULTAD DE VETERINARIA,C
2024-2025,University of Córdoba,Universidad De Córdoba 327001,327001,CIENCIAS AMBIENTALES,FACULTAD DE CIENCIAS,C
2024-2025,University of Córdoba,Universidad De Córdoba 354007,354007,CINE Y CULTURA,FACULTAD DE FILOSOFÍA Y LETRAS,AYH
2024-2025,University of Córdoba,Universidad De Córdoba 354011,354011,CINE Y CULTURA (modalidad no presencial),FACULTAD DE FILOSOFÍA Y LETRAS,AYH
2024-2025,University of Córdoba,Universidad De Córdoba 329505,329505,DERECHO,FACULTAD DE DERECHO Y CC. ECON. Y EMPRES.,SYJ
2024-2025,University of Córdoba,Universidad De Córdoba 345501,345501,EDUCACIÓN INFANTIL,FACULTAD DE CIENCIAS DE LA EDUCACIÓN,SYJ
2024-2025,University of Córdoba,Universidad De Córdoba 345516,345516,EDUCACIÓN INFANTIL,CENTRO MAGISTERIO SAGRADO CORAZÓN (ADS),SYJ
2024-2025,University of Córdoba,Universidad De Córdoba 346511,346511,EDUCACIÓN PRIMARIA,CENTRO MAGISTERIO SAGRADO CORAZÓN (ADS),SYJ
2024-2025,University of Córdoba,Universidad De Córdoba 346505,346505,EDUCACIÓN PRIMARIA,FACULTAD DE CIENCIAS DE LA EDUCACIÓN,SYJ
2024-2025,University of Córdoba,Universidad De Córdoba 346524,346524,EDUCACIÓN PRIMARIA (ITINERARIO BILINGÜE),FACULTAD DE CIENCIAS DE LA EDUCACIÓN,SYJ
2024-2025,University of Córdoba,Universidad De Córdoba 347100,347100,EDUCACIÓN PRIMARIA (ITINERARIO BILINGÜE) + ESTUDIOS INGLESES,FACULTAD DE FILOSOFÍA Y LETRAS,SIN
2024-2025,University of Córdoba,Universidad De Córdoba 302207,302207,EDUCACIÓN SOCIAL,FACULTAD DE CIENCIAS DE LA EDUCACIÓN,SYJ
2024-2025,University of Córdoba,Universidad De Córdoba 302509,302509,ENFERMERÍA,FACULTAD DE MEDICINA Y ENFERMERÍA,SD
2024-2025,University of Córdoba,Universidad De Córdoba 397001,397001,ENOLOGÍA,E.T.S. INGENIERÍA AGRONÓMICA Y DE MONTES,C
2024-2025,University of Córdoba,Universidad De Córdoba 397107,397107,ENOLOGÍA + INGENIERÍA AGROALIMENTARIA Y DEL MEDIO RURAL,E.T.S. INGENIERÍA AGRONÓMICA Y DE MONTES,SIN
2024-2025,University of Córdoba,Universidad De Córdoba 334502,334502,ESTUDIOS INGLESES,FACULTAD DE FILOSOFÍA Y LETRAS,AYH
2024-2025,University of Córdoba,Universidad De Córdoba 334006,334006,FILOLOGÍA HISPÁNICA,FACULTAD DE FILOSOFÍA Y LETRAS,AYH
2024-2025,University of Córdoba,Universidad De Córdoba 336003,336003,FÍSICA,FACULTAD DE CIENCIAS,C
2024-2025,University of Córdoba,Universidad De Córdoba 303502,303502,FISIOTERAPIA,FACULTAD DE MEDICINA Y ENFERMERÍA,SD
2024-2025,University of Córdoba,Universidad De Córdoba 303517,303517,FISIOTERAPIA,"FISIDEC - FISIOTERAPIA, INVESTIGACIÓN Y DEPORTE DE CÓRDOBA (ADS)",SD
2024-2025,University of Córdoba,Universidad De Córdoba 349506,349506,GESTIÓN CULTURAL,FACULTAD DE FILOSOFÍA Y LETRAS,AYH
2024-2025,University of Córdoba,Universidad De Córdoba 337503,337503,HISTORIA,FACULTAD DE FILOSOFÍA Y LETRAS,AYH
2024-2025,University of Córdoba,Universidad De Córdoba 337600,337600,HISTORIA + HISTORIA DEL ARTE,FACULTAD DE FILOSOFÍA Y LETRAS,AYH
2024-2025,University of Córdoba,Universidad De Córdoba 338000,338000,HISTORIA DEL ARTE,FACULTAD DE FILOSOFÍA Y LETRAS,AYH
2024-2025,University of Córdoba,Universidad De Córdoba 322003,322003,INGENIERÍA AGROALIMENTARIA Y DEL MEDIO RURAL,E.T.S. INGENIERÍA AGRONÓMICA Y DE MONTES,IYA
2024-2025,University of Córdoba,Universidad De Córdoba 322500,322500,INGENIERÍA CIVIL,ESCUELA POLITÉCNICA SUPERIOR DE BELMEZ,IYA
2024-2025,University of Córdoba,Universidad De Córdoba 322607,322607,INGENIERÍA CIVIL + ADMINISTRACIÓN Y DIRECCIÓN DE EMPRESAS,ESCUELA POLITÉCNICA SUPERIOR DE BELMEZ,SIN
2024-2025,University of Córdoba,Universidad De Córdoba 322704,322704,INGENIERÍA CIVIL + INGENIERÍA DE LA ENERGÍA Y RECURSOS MINERALES,ESCUELA POLITÉCNICA SUPERIOR DE BELMEZ,IYA
2024-2025,University of Córdoba,Universidad De Córdoba 322514,322514,INGENIERÍA CIVIL (VIRTUAL),ESCUELA POLITÉCNICA SUPERIOR DE BELMEZ,IYA
2024-2025,University of Córdoba,Universidad De Córdoba 323708,323708,INGENIERÍA DE LA ENERGÍA Y RECURSOS MINERALES,ESCUELA POLITÉCNICA SUPERIOR DE BELMEZ,IYA
2024-2025,University of Córdoba,Universidad De Córdoba 323805,323805,INGENIERÍA DE LA ENERGÍA Y RECURSOS MINERALES + ING. ELÉCTRICA,ESCUELA POLITÉCNICA SUPERIOR DE BELMEZ,IYA
2024-2025,University of Córdoba,Universidad De Córdoba 312504,312504,INGENIERÍA ELÉCTRICA,ESCUELA POLITÉCNICA SUPERIOR DE CÓRDOBA,IYA
2024-2025,University of Córdoba,Universidad De Córdoba 313001,313001,INGENIERÍA ELECTRÓNICA INDUSTRIAL,ESCUELA POLITÉCNICA SUPERIOR DE CÓRDOBA,IYA
2024-2025,University of Córdoba,Universidad De Córdoba 324000,324000,INGENIERÍA FORESTAL,E.T.S. INGENIERÍA AGRONÓMICA Y DE MONTES,IYA
2024-2025,University of Córdoba,Universidad De Córdoba 322101,322101,INGENIERÍA FORESTAL + INGENIERÍA AGROALIMENTARIA Y DEL MEDIO RURAL,E.T.S. INGENIERÍA AGRONÓMICA Y DE MONTES,IYA
2024-2025,University of Córdoba,Universidad De Córdoba 323503,323503,INGENIERÍA INFORMÁTICA,ESCUELA POLITÉCNICA SUPERIOR DE CÓRDOBA,IYA
2024-2025,University of Córdoba,Universidad De Córdoba 313508,313508,INGENIERÍA MECÁNICA,ESCUELA POLITÉCNICA SUPERIOR DE CÓRDOBA,IYA
2024-2025,University of Córdoba,Universidad De Córdoba 339500,339500,MEDICINA,FACULTAD DE MEDICINA Y ENFERMERÍA,SD
2024-2025,University of Córdoba,Universidad De Córdoba 341507,341507,PSICOLOGÍA,FACULTAD DE CIENCIAS DE LA EDUCACIÓN,SD
2024-2025,University of Córdoba,Universidad De Córdoba 342500,342500,QUÍMICA,FACULTAD DE CIENCIAS,C
2024-2025,University of Córdoba,Universidad De Córdoba 308004,308004,RELACIONES LABORALES Y RECURSOS HUMANOS,FACULTAD DE CIENCIAS DEL TRABAJO,SYJ
2024-2025,University of Córdoba,Universidad De Córdoba 343202,343202,TRADUCCIÓN E INTERPRETACIÓN FRANCÉS,FACULTAD DE FILOSOFÍA Y LETRAS,AYH
2024-2025,University of Córdoba,Universidad De Córdoba 334308,334308,TRADUCCIÓN E INTERPRETACIÓN FRANCÉS + FILOLOGÍA HISPÁNICA,FACULTAD DE FILOSOFÍA Y LETRAS,AYH
2024-2025,University of Córdoba,Universidad De Córdoba 343301,343301,TRADUCCIÓN E INTERPRETACIÓN INGLÉS,FACULTAD DE FILOSOFÍA Y LETRAS,AYH
2024-2025,University of Córdoba,Universidad De Córdoba 334804,334804,TRADUCCIÓN E INTERPRETACIÓN INGLÉS + ESTUDIOS INGLESES,FACULTAD DE FILOSOFÍA Y LETRAS,AYH
2024-2025,University of Córdoba,Universidad De Córdoba 334405,334405,TRADUCCIÓN E INTERPRETACIÓN INGLÉS + FILOLOGÍA HISPÁNICA,FACULTAD DE FILOSOFÍA Y LETRAS,AYH
2024-2025,University of Córdoba,Universidad De Córdoba 308705,308705,TURISMO,FACULTAD DE CIENCIAS DEL TRABAJO,SYJ
2024-2025,University of Córdoba,Universidad De Córdoba 308900,308900,TURISMO + TRADUCCIÓN E INTERPRETACIÓN INGLÉS,FACULTAD DE CIENCIAS DEL TRABAJO,SIN
2024-2025,University of Córdoba,Universidad De Córdoba 308901,308901,TURISMO (ITINERARIO BILINGÜE),FACULTAD DE CIENCIAS DEL TRABAJO,SYJ
2024-2025,University of Córdoba,Universidad De Córdoba 343504,343504,VETERINARIA,FACULTAD DE VETERINARIA,SD
2024-2025,University of Granada,Universidad De Granada 425513,425513,ADMINISTRACIÓN Y DIRECCIÓN DE EMPRESAS,FACULTAD DE CIENCIAS SOCIALES Y JURÍDICAS (MELILLA),SYJ
2024-2025,University of Granada,Universidad De Granada 425528,425528,ADMINISTRACIÓN Y DIRECCIÓN DE EMPRESAS,"FACULTAD DE EDUCACIÓN, ECONOMÍA Y TECNOLOGÍA (CEUTA)",SYJ
2024-2025,University of Granada,Universidad De Granada 425509,425509,ADMINISTRACIÓN Y DIRECCIÓN DE EMPRESAS,F. CIENCIAS ECONÓMICAS Y EMPRESARIALES,SYJ
2024-2025,University of Granada,Universidad De Granada 425610,425610,ADMINISTRACIÓN Y DIRECCIÓN DE EMPRESAS + DERECHO,FACULTAD DE CIENCIAS SOCIALES Y JURÍDICAS (MELILLA),SYJ
2024-2025,University of Granada,Universidad De Granada 425606,425606,ADMINISTRACIÓN Y DIRECCIÓN DE EMPRESAS + DERECHO,F. CIENCIAS ECONÓMICAS Y EMPRESARIALES-F. DERECHO,SYJ
2024-2025,University of Granada,Universidad De Granada 491502,491502,ANTROPOLOGIA SOCIAL Y CULTURAL,FACULTAD DE FILOSOFÍA Y LETRAS,SYJ
2024-2025,University of Granada,Universidad De Granada 453001,453001,ARQUEOLOGÍA,FACULTAD DE FILOSOFÍA Y LETRAS,AYH
2024-2025,University of Granada,Universidad De Granada 426006,426006,BELLAS ARTES,FACULTAD DE BELLAS ARTES,AYH
2024-2025,University of Granada,Universidad De Granada 426502,426502,BIOLOGÍA,FACULTAD DE CIENCIAS,C
2024-2025,University of Granada,Universidad De Granada 492001,492001,BIOQUÍMICA,FACULTAD DE CIENCIAS,C
2024-2025,University of Granada,Universidad De Granada 426707,426707,BIOTECNOLOGÍA,FACULTAD DE CIENCIAS,C
2024-2025,University of Granada,Universidad De Granada 492506,492506,CIENCIA Y TECNOLOGÍA DE LOS ALIMENTOS,FACULTAD DE FARMACIA,C
2024-2025,University of Granada,Universidad De Granada 427001,427001,CIENCIAS AMBIENTALES,FACULTAD DE CIENCIAS,C
2024-2025,University of Granada,Universidad De Granada 427506,427506,CIENCIAS DE LA ACTIVIDAD FÍSICA Y DEL DEPORTE,FACULTAD DE CIENCIAS DEL DEPORTE,SYJ
2024-2025,University of Granada,Universidad De Granada 427603,427603,CIENCIAS DE LA ACTIVIDAD FÍSICA Y DEL DEPORTE + EDUCACIÓN PRIMARIA,FACULTAD DE CIENCIAS DE LA EDUCACIÓN Y DEL DEPORTE (MELILLA),SYJ
2024-2025,University of Granada,Universidad De Granada 428501,428501,CIENCIAS POLÍTICAS Y DE LA ADMINISTRACIÓN,F. DE CIENCIAS POLÍTICAS Y SOCIOLOGÍA,SYJ
2024-2025,University of Granada,Universidad De Granada 428704,428704,CIENCIAS POLÍTICAS Y DE LA ADMINISTRACIÓN + DERECHO,F. DE CIENCIAS POLÍTICAS Y SOCIOLOGÍA Y FACULTAD DE DERECHO,SYJ
2024-2025,University of Granada,Universidad De Granada 499102,499102,CIENCIAS POLÍTICAS Y DE LA ADMINISTRACIÓN + SOCIOLOGÍA,F. DE CIENCIAS POLÍTICAS Y SOCIOLOGÍA,SYJ
2024-2025,University of Granada,Universidad De Granada 428607,428607,CIENCIAS POLÍTICAS Y DE LA ADMINISTRACIÓN (GR) + PERIODISMO (MA),F. DE CIENCIAS POLÍTICAS Y SOCIOLOGÍA,SYJ
2024-2025,University of Granada,Universidad De Granada 429007,429007,COMUNICACIÓN AUDIOVISUAL,FACULTAD DE COMUNICACIÓN Y DOCUMENTACIÓN,SYJ
2024-2025,University of Granada,Universidad De Granada 426200,426200,CONSERVACIÓN Y RESTAURACIÓN DE BIENES CULTURALES,FACULTAD DE BELLAS ARTES,AYH
2024-2025,University of Granada,Universidad De Granada 492603,492603,CRIMINOLOGÍA,FACULTAD DE DERECHO,SYJ
2024-2025,University of Granada,Universidad De Granada 429503,429503,DERECHO,FACULTAD DE DERECHO,SYJ
2024-2025,University of Granada,Universidad De Granada 430001,430001,ECONOMÍA,F. CIENCIAS ECONÓMICAS Y EMPRESARIALES,SYJ
2024-2025,University of Granada,Universidad De Granada 430014,430014,ECONOMÍA BILINGÜE,F. CIENCIAS ECONÓMICAS Y EMPRESARIALES,SYJ
2024-2025,University of Granada,Universidad De Granada 401007,401007,EDIFICACIÓN,ESCUELA TÉCNICA SUPERIOR DE INGENIERÍA DE EDIFICACIÓN,IYA
2024-2025,University of Granada,Universidad De Granada 401104,401104,EDIFICACIÓN + ADMINISTRACIÓN Y DIRECCIÓN DE EMPRESAS,ESCUELA TÉCNICA SUPERIOR DE INGENIERÍA DE EDIFICACIÓN Y FAC. CC. ECONÓMICAS Y EMPRESARIALES,SIN
2024-2025,University of Granada,Universidad De Granada 445501,445501,EDUCACIÓN INFANTIL,FACULTAD DE CIENCIAS DE LA EDUCACIÓN,SYJ
2024-2025,University of Granada,Universidad De Granada 445533,445533,EDUCACIÓN INFANTIL,FACULTAD DE CIENCIAS DE LA EDUCACIÓN Y DEL DEPORTE (MELILLA),SYJ
2024-2025,University of Granada,Universidad De Granada 445529,445529,EDUCACIÓN INFANTIL,"FACULTAD DE EDUCACIÓN, ECONOMÍA Y TECNOLOGÍA (CEUTA)",SYJ
2024-2025,University of Granada,Universidad De Granada 445514,445514,EDUCACIÓN INFANTIL,CENTRO DE MAGISTERIO LA INMACULADA (ADS),SYJ
2024-2025,University of Granada,Universidad De Granada 446537,446537,EDUCACIÓN PRIMARIA,FACULTAD DE CIENCIAS DE LA EDUCACIÓN Y DEL DEPORTE (MELILLA),SYJ
2024-2025,University of Granada,Universidad De Granada 446522,446522,EDUCACIÓN PRIMARIA,"FACULTAD DE EDUCACIÓN, ECONOMÍA Y TECNOLOGÍA (CEUTA)",SYJ
2024-2025,University of Granada,Universidad De Granada 446518,446518,EDUCACIÓN PRIMARIA,CENTRO DE MAGISTERIO LA INMACULADA (ADS),SYJ
2024-2025,University of Granada,Universidad De Granada 446503,446503,EDUCACIÓN PRIMARIA,FACULTAD DE CIENCIAS DE LA EDUCACIÓN,SYJ
2024-2025,University of Granada,Universidad De Granada 446600,446600,EDUCACIÓN PRIMARIA + ESTUDIOS FRANCESES,F. CIENCIAS DE LA EDUCACIÓN Y F. FILOSOFÍA Y LETRAS,SIN
2024-2025,University of Granada,Universidad De Granada 446708,446708,EDUCACIÓN PRIMARIA + ESTUDIOS INGLESES,F. CIENCIAS DE LA EDUCACIÓN Y F. FILOSOFÍA Y LETRAS,SIN
2024-2025,University of Granada,Universidad De Granada 446541,446541,EDUCACIÓN PRIMARIA (FORMACIÓN BILINGÜE),FACULTAD DE CIENCIAS DE LA EDUCACIÓN,SYJ
2024-2025,University of Granada,Universidad De Granada 402224,402224,EDUCACIÓN SOCIAL,FACULTAD DE CIENCIAS DE LA EDUCACIÓN Y DEL DEPORTE (MELILLA),SYJ
2024-2025,University of Granada,Universidad De Granada 402205,402205,EDUCACIÓN SOCIAL,FACULTAD DE CIENCIAS DE LA EDUCACIÓN,SYJ
2024-2025,University of Granada,Universidad De Granada 402211,402211,EDUCACIÓN SOCIAL,"FACULTAD DE EDUCACIÓN, ECONOMÍA Y TECNOLOGÍA (CEUTA)",SYJ
2024-2025,University of Granada,Universidad De Granada 402530,402530,ENFERMERÍA,FACULTAD DE CIENCIAS DE LA SALUD (MELILLA),SD
2024-2025,University of Granada,Universidad De Granada 402526,402526,ENFERMERÍA,FACULTAD DE CIENCIAS DE LA SALUD (CEUTA),SD
2024-2025,University of Granada,Universidad De Granada 402507,402507,ENFERMERÍA,FACULTAD DE CIENCIAS DE LA SALUD,SD
2024-2025,University of Granada,Universidad De Granada 403004,403004,ESTADÍSTICA,FACULTAD DE CIENCIAS,C
2024-2025,University of Granada,Universidad De Granada 431501,431501,ESTUDIOS ÁRABES E ISLÁMICOS,FACULTAD DE FILOSOFÍA Y LETRAS,AYH
2024-2025,University of Granada,Universidad De Granada 400501,400501,ESTUDIOS DE ARQUITECTURA,E.T.S. DE ARQUITECTURA,IYA
2024-2025,University of Granada,Universidad De Granada 433000,433000,ESTUDIOS FRANCESES,FACULTAD DE FILOSOFÍA Y LETRAS,AYH
2024-2025,University of Granada,Universidad De Granada 434500,434500,ESTUDIOS INGLESES,FACULTAD DE FILOSOFÍA Y LETRAS,AYH
2024-2025,University of Granada,Universidad De Granada 434705,434705,ESTUDIOS INGLESES + FILOLOGÍA HISPÁNICA,FACULTAD DE FILOSOFÍA Y LETRAS,AYH
2024-2025,University of Granada,Universidad De Granada 430506,430506,FARMACIA,FACULTAD DE FARMACIA,SD
2024-2025,University of Granada,Universidad De Granada 430700,430700,FARMACIA + NUTRICIÓN HUMANA Y DIETÉTICA,FACULTAD DE FARMACIA,SD
2024-2025,University of Granada,Universidad De Granada 432007,432007,FILOLOGÍA CLÁSICA,FACULTAD DE FILOSOFÍA Y LETRAS,AYH
2024-2025,University of Granada,Universidad De Granada 434004,434004,FILOLOGÍA HISPÁNICA,FACULTAD DE FILOSOFÍA Y LETRAS,AYH
2024-2025,University of Granada,Universidad De Granada 435504,435504,FILOSOFÍA,FACULTAD DE FILOSOFÍA Y LETRAS,AYH
2024-2025,University of Granada,Universidad De Granada 402000,402000,FINANZAS Y CONTABILIDAD,F. CIENCIAS ECONÓMICAS Y EMPRESARIALES,SYJ
2024-2025,University of Granada,Universidad De Granada 436001,436001,FÍSICA,FACULTAD DE CIENCIAS,C
2024-2025,University of Granada,Universidad De Granada 403500,403500,FISIOTERAPIA,FACULTAD DE CIENCIAS DE LA SALUD,SD
2024-2025,University of Granada,Universidad De Granada 403515,403515,FISIOTERAPIA,FACULTAD DE CIENCIAS DE LA SALUD (MELILLA),SD
2024-2025,University of Granada,Universidad De Granada 436702,436702,GEOGRAFÍA Y GESTIÓN DEL TERRITORIO,FACULTAD DE FILOSOFÍA Y LETRAS,SYJ
2024-2025,University of Granada,Universidad De Granada 437005,437005,GEOLOGÍA,FACULTAD DE CIENCIAS,C
2024-2025,University of Granada,Universidad De Granada 437501,437501,HISTORIA,FACULTAD DE FILOSOFÍA Y LETRAS,AYH
2024-2025,University of Granada,Universidad De Granada 438009,438009,HISTORIA DEL ARTE,FACULTAD DE FILOSOFÍA Y LETRAS,AYH
2024-2025,University of Granada,Universidad De Granada 499005,499005,HISTORIA Y CIENCIAS DE LA MÚSICA,FACULTAD DE FILOSOFÍA Y LETRAS,AYH
2024-2025,University of Granada,Universidad De Granada 401503,401503,INFORMACIÓN Y DOCUMENTACIÓN,FACULTAD DE COMUNICACIÓN Y DOCUMENTACIÓN,SYJ
2024-2025,University of Granada,Universidad De Granada 422605,422605,INGENIERÍA CIVIL + ADMINISTRACIÓN Y DIRECCIÓN DE EMPRESAS,"E.T.S. DE INGENIERÍA DE CAMINOS, CANALES Y PUERTOS Y FAC. CC. ECONÓMICAS Y EMPRESARIALES",SIN
2024-2025,University of Granada,Universidad De Granada 422512,422512,"INGENIERÍA CIVIL (PARS con Máster Universitario en Ingeniería de Caminos, Canales y Puertos)","E.T.S. DE INGENIERÍA DE CAMINOS, CANALES Y PUERTOS",IYA
2024-2025,University of Granada,Universidad De Granada 425002,425002,INGENIERÍA DE TECNOLOGÍAS DE TELECOMUNICACIÓN (PARS con Máster Univ. en Ing. de Telecomunicación),E.T.S. DE INGENIERÍAS INFORMÁTICA Y DE TELECOMUNICACIÓN,IYA
2024-2025,University of Granada,Universidad De Granada 412901,412901,INGENIERÍA ELECTRÓNICA INDUSTRIAL,FACULTAD DE CIENCIAS,IYA
2024-2025,University of Granada,Universidad De Granada 423609,423609,INGENIERÍA INFORMÁTICA + ADMINISTRACIÓN Y DIRECCIÓN DE EMPRESAS,E.T.S. DE INGENIERÍAS INFORMÁTICA Y DE TELECOMUNICACIÓN Y FAC. CC. ECONÓMICAS Y EMPRESARIALES,SIN
2024-2025,University of Granada,Universidad De Granada 423404,423404,INGENIERÍA INFORMÁTICA + MATEMÁTICAS,FACULTAD DE CIENCIAS Y E.T.S. INGENIERÍAS INFORMÁTICAS Y DE TELECOMUNICACIÓN,SIN
2024-2025,University of Granada,Universidad De Granada 423516,423516,INGENIERÍA INFORMÁTICA (PARS con Máster Universitario en Ingeniería Informática),"FACULTAD DE EDUCACIÓN, ECONOMÍA Y TECNOLOGÍA (CEUTA)",IYA
2024-2025,University of Granada,Universidad De Granada 423501,423501,INGENIERÍA INFORMÁTICA (PARS con Máster Universitario en Ingeniería Informática),E.T.S. DE INGENIERÍAS INFORMÁTICA Y DE TELECOMUNICACIÓN,IYA
2024-2025,University of Granada,Universidad De Granada 424505,424505,INGENIERÍA QUÍMICA (PARS con Máster Universitario en Ingeniería Química),FACULTAD DE CIENCIAS,IYA
2024-2025,University of Granada,Universidad De Granada 432503,432503,LENGUAS MODERNAS Y SUS LITERATURAS,FACULTAD DE FILOSOFÍA Y LETRAS,AYH
2024-2025,University of Granada,Universidad De Granada 498508,498508,LITERATURAS COMPARADAS,FACULTAD DE FILOSOFÍA Y LETRAS,AYH
2024-2025,University of Granada,Universidad De Granada 405001,405001,LOGOPEDIA,FACULTAD DE PSICOLOGÍA,SD
2024-2025,University of Granada,Universidad De Granada 449008,449008,MARKETING E INVESTIGACIÓN DE MERCADOS,F. CIENCIAS ECONÓMICAS Y EMPRESARIALES,SYJ
2024-2025,University of Granada,Universidad De Granada 439002,439002,MATEMÁTICAS,FACULTAD DE CIENCIAS,C
2024-2025,University of Granada,Universidad De Granada 439401,439401,MATEMÁTICAS + FÍSICA,FACULTAD DE CIENCIAS,C
2024-2025,University of Granada,Universidad De Granada 439509,439509,MEDICINA,FACULTAD DE MEDICINA,SD
2024-2025,University of Granada,Universidad De Granada 406201,406201,NUTRICIÓN HUMANA Y DIETÉTICA,FACULTAD DE FARMACIA,SD
2024-2025,University of Granada,Universidad De Granada 406307,406307,NUTRICIÓN HUMANA Y DIETÉTICA + CIENCIA Y TECNOLOGÍA DE LOS ALIMENTOS,FACULTAD DE FARMACIA,SIN
2024-2025,University of Granada,Universidad De Granada 440005,440005,ODONTOLOGÍA,FACULTAD DE ODONTOLOGÍA,SD
2024-2025,University of Granada,Universidad De Granada 406501,406501,ÓPTICA Y OPTOMETRÍA,FACULTAD DE CIENCIAS,C
2024-2025,University of Granada,Universidad De Granada 440501,440501,PEDAGOGÍA,FACULTAD DE CIENCIAS DE LA EDUCACIÓN,SYJ
2024-2025,University of Granada,Universidad De Granada 441505,441505,PSICOLOGÍA,FACULTAD DE PSICOLOGÍA,SD
2024-2025,University of Granada,Universidad De Granada 442509,442509,QUÍMICA,FACULTAD DE CIENCIAS,C
2024-2025,University of Granada,Universidad De Granada 408017,408017,RELACIONES LABORALES Y RECURSOS HUMANOS,FACULTAD DE CIENCIAS SOCIALES Y JURÍDICAS (MELILLA),SYJ
2024-2025,University of Granada,Universidad De Granada 408002,408002,RELACIONES LABORALES Y RECURSOS HUMANOS,FACULTAD DE RELACIONES LABORALES Y RECURSOS HUMANOS,SYJ
2024-2025,University of Granada,Universidad De Granada 442703,442703,SOCIOLOGÍA,F. DE CIENCIAS POLÍTICAS Y SOCIOLOGÍA,SYJ
2024-2025,University of Granada,Universidad De Granada 408207,408207,TERAPIA OCUPACIONAL,FACULTAD DE CIENCIAS DE LA SALUD,SD
2024-2025,University of Granada,Universidad De Granada 408509,408509,TRABAJO SOCIAL,FACULTAD DE TRABAJO SOCIAL,SYJ
2024-2025,University of Granada,Universidad De Granada 443103,443103,TRADUCCIÓN E INTERPRETACIÓN ALEMÁN,F. TRADUCCIÓN E INTERPRETACIÓN,AYH
2024-2025,University of Granada,Universidad De Granada 455203,455203,TRADUCCIÓN E INTERPRETACIÓN ALEMÁN + TURISMO,F. TRADUCCIÓN E INTERPRETACIÓN Y F. CC. ECONÓMICAS Y EMPRESARIALES,SIN
2024-2025,University of Granada,Universidad De Granada 443405,443405,TRADUCCIÓN E INTERPRETACIÓN ÁRABE,F. TRADUCCIÓN E INTERPRETACIÓN,AYH
2024-2025,University of Granada,Universidad De Granada 443200,443200,TRADUCCIÓN E INTERPRETACIÓN FRANCÉS,F. TRADUCCIÓN E INTERPRETACIÓN,AYH
2024-2025,University of Granada,Universidad De Granada 455106,455106,TRADUCCIÓN E INTERPRETACIÓN FRANCÉS + TURISMO,F. TRADUCCIÓN E INTERPRETACIÓN Y F. CC. ECONÓMICAS Y EMPRESARIALES,SIN
2024-2025,University of Granada,Universidad De Granada 443308,443308,TRADUCCIÓN E INTERPRETACIÓN INGLÉS,F. TRADUCCIÓN E INTERPRETACIÓN,AYH
2024-2025,University of Granada,Universidad De Granada 455009,455009,TRADUCCIÓN E INTERPRETACIÓN INGLÉS + TURISMO,F. TRADUCCIÓN E INTERPRETACIÓN Y F. CC. ECONÓMICAS Y EMPRESARIALES,SIN
2024-2025,University of Granada,Universidad De Granada 408703,408703,TURISMO,F. CIENCIAS ECONÓMICAS Y EMPRESARIALES,SYJ
2024-2025,University of Huelva,Universidad De Huelva 525507,525507,ADMINISTRACIÓN Y DIRECCIÓN DE EMPRESAS,FACULTAD DE CIENCIAS EMPRESARIALES,SYJ
2024-2025,University of Huelva,Universidad De Huelva 525604,525604,ADMINISTRACIÓN Y DIRECCIÓN DE EMPRESAS + DERECHO,FACULTAD DE CIENCIAS EMPRESARIALES,SYJ
2024-2025,University of Huelva,Universidad De Huelva 525906,525906,ADMINISTRACIÓN Y DIRECCIÓN DE EMPRESAS + FINANZAS Y CONTABILIDAD,FACULTAD DE CIENCIAS EMPRESARIALES,SYJ
2024-2025,University of Huelva,Universidad De Huelva 525809,525809,ADMINISTRACIÓN Y DIRECCIÓN DE EMPRESAS + TURISMO,FACULTAD DE CIENCIAS EMPRESARIALES,SYJ
2024-2025,University of Huelva,Universidad De Huelva 527008,527008,CIENCIAS AMBIENTALES,FACULTAD DE CIENCIAS EXPERIMENTALES,C
2024-2025,University of Huelva,Universidad De Huelva 527105,527105,CIENCIAS AMBIENTALES + INGENIERÍA FORESTAL Y DEL MEDIO NATURAL,FACULTAD DE CIENCIAS EXPERIMENTALES,SIN
2024-2025,University of Huelva,Universidad De Huelva 527504,527504,CIENCIAS DE LA ACTIVIDAD FÍSICA Y DEL DEPORTE,"FACULTAD DE CIENCIAS DE LA EDUCACIÓN, PSICOLOGÍA Y CIENCIAS DEL DEPORTE",SYJ
2024-2025,University of Huelva,Universidad De Huelva 529501,529501,DERECHO,FACULTAD DE DERECHO,SYJ
2024-2025,University of Huelva,Universidad De Huelva 545508,545508,EDUCACIÓN INFANTIL,"FACULTAD DE CIENCIAS DE LA EDUCACIÓN, PSICOLOGÍA Y CIENCIAS DEL DEPORTE",SYJ
2024-2025,University of Huelva,Universidad De Huelva 546501,546501,EDUCACIÓN PRIMARIA,"FACULTAD DE CIENCIAS DE LA EDUCACIÓN, PSICOLOGÍA Y CIENCIAS DEL DEPORTE",SYJ
2024-2025,University of Huelva,Universidad De Huelva 502203,502203,EDUCACIÓN SOCIAL,"FACULTAD DE CIENCIAS DE LA EDUCACIÓN, PSICOLOGÍA Y CIENCIAS DEL DEPORTE",SYJ
2024-2025,University of Huelva,Universidad De Huelva 502505,502505,ENFERMERÍA,FACULTAD DE ENFERMERÍA,SD
2024-2025,University of Huelva,Universidad De Huelva 534509,534509,ESTUDIOS INGLESES,FACULTAD DE HUMANIDADES,AYH
2024-2025,University of Huelva,Universidad De Huelva 534703,534703,ESTUDIOS INGLESES + FILOLOGÍA HISPÁNICA,FACULTAD DE HUMANIDADES,AYH
2024-2025,University of Huelva,Universidad De Huelva 534002,534002,FILOLOGÍA HISPÁNICA,FACULTAD DE HUMANIDADES,AYH
2024-2025,University of Huelva,Universidad De Huelva 502009,502009,FINANZAS Y CONTABILIDAD,FACULTAD DE CIENCIAS EMPRESARIALES,SYJ
2024-2025,University of Huelva,Universidad De Huelva 537003,537003,GEOLOGÍA,FACULTAD DE CIENCIAS EXPERIMENTALES,C
2024-2025,University of Huelva,Universidad De Huelva 537208,537208,GEOLOGÍA + CIENCIAS AMBIENTALES,FACULTAD DE CIENCIAS EXPERIMENTALES,C
2024-2025,University of Huelva,Universidad De Huelva 549502,549502,GESTIÓN CULTURAL (Modalidad virtual) *renovación de la acreditación pendiente*,FACULTAD DE HUMANIDADES,AYH
2024-2025,University of Huelva,Universidad De Huelva 537501,537501,HISTORIA,FACULTAD DE HUMANIDADES,AYH
2024-2025,University of Huelva,Universidad De Huelva 538503,538503,HUMANIDADES,FACULTAD DE HUMANIDADES,AYH
2024-2025,University of Huelva,Universidad De Huelva 522001,522001,INGENIERÍA AGRÍCOLA,ESCUELA TÉCNICA SUPERIOR DE INGENIERÍA,IYA
2024-2025,University of Huelva,Universidad De Huelva 512500,512500,INGENIERÍA ELÉCTRICA,ESCUELA TÉCNICA SUPERIOR DE INGENIERÍA,IYA
2024-2025,University of Huelva,Universidad De Huelva 512608,512608,INGENIERÍA ELÉCTRICA + INGENIERÍA ENERGÉTICA,ESCUELA TÉCNICA SUPERIOR DE INGENIERÍA,IYA
2024-2025,University of Huelva,Universidad De Huelva 513008,513008,INGENIERÍA ELECTRÓNICA INDUSTRIAL,ESCUELA TÉCNICA SUPERIOR DE INGENIERÍA,IYA
2024-2025,University of Huelva,Universidad De Huelva 513601,513601,INGENIERÍA ELECTRÓNICA INDUSTRIAL + INGENIERÍA MECÁNICA,ESCUELA TÉCNICA SUPERIOR DE INGENIERÍA,IYA
2024-2025,University of Huelva,Universidad De Huelva 517002,517002,INGENIERÍA EN EXPLOTACIÓN DE MINAS Y RECURSOS ENERGETICOS,ESCUELA TÉCNICA SUPERIOR DE INGENIERÍA,IYA
2024-2025,University of Huelva,Universidad De Huelva 516904,516904,INGENIERÍA ENERGÉTICA,ESCUELA TÉCNICA SUPERIOR DE INGENIERÍA,IYA
2024-2025,University of Huelva,Universidad De Huelva 524007,524007,INGENIERÍA FORESTAL Y DEL MEDIO NATURAL,ESCUELA TÉCNICA SUPERIOR DE INGENIERÍA,IYA
2024-2025,University of Huelva,Universidad De Huelva 523501,523501,INGENIERÍA INFORMÁTICA,ESCUELA TÉCNICA SUPERIOR DE INGENIERÍA,IYA
2024-2025,University of Huelva,Universidad De Huelva 513504,513504,INGENIERÍA MECÁNICA,ESCUELA TÉCNICA SUPERIOR DE INGENIERÍA,IYA
2024-2025,University of Huelva,Universidad De Huelva 513709,513709,INGENIERIA MECÁNICA + INGENIERÍA EN EXPLOTACIÓN DE MINAS Y RECURSOS ENERGETICOS,ESCUELA TÉCNICA SUPERIOR DE INGENIERÍA,IYA
2024-2025,University of Huelva,Universidad De Huelva 514001,514001,INGENIERÍA QUÍMICA INDUSTRIAL,ESCUELA TÉCNICA SUPERIOR DE INGENIERÍA,IYA
2024-2025,University of Huelva,Universidad De Huelva 539507,539507,MEDICINA,FACULTAD DE ENFERMERÍA,SD
2024-2025,University of Huelva,Universidad De Huelva 541503,541503,PSICOLOGÍA,"FACULTAD DE CIENCIAS DE LA EDUCACIÓN, PSICOLOGÍA Y CIENCIAS DEL DEPORTE",SD
2024-2025,University of Huelva,Universidad De Huelva 542507,542507,QUÍMICA,FACULTAD DE CIENCIAS EXPERIMENTALES,C
2024-2025,University of Huelva,Universidad De Huelva 508000,508000,RELACIONES LABORALES Y RECURSOS HUMANOS,FACULTAD DE CIENCIAS DEL TRABAJO,SYJ
2024-2025,University of Huelva,Universidad De Huelva 508015,508015,RELACIONES LABORALES Y RECURSOS HUMANOS - SEMIPRESENCIAL,FACULTAD DE CIENCIAS DEL TRABAJO,SYJ
2024-2025,University of Huelva,Universidad De Huelva 508507,508507,TRABAJO SOCIAL,FACULTAD DE TRABAJO SOCIAL,SYJ
2024-2025,University of Huelva,Universidad De Huelva 508701,508701,TURISMO,FACULTAD DE CIENCIAS EMPRESARIALES,SYJ
2024-2025,University of Jaén,Universidad De Jaén 625505,625505,ADMINISTRACIÓN Y DIRECCIÓN DE EMPRESAS,FACULTAD CIENCIAS SOCIALES Y JURÍDICAS,SYJ
2024-2025,University of Jaén,Universidad De Jaén 625602,625602,ADMINISTRACIÓN Y DIRECCIÓN DE EMPRESAS + DERECHO,FACULTAD CIENCIAS SOCIALES Y JURÍDICAS,SYJ
2024-2025,University of Jaén,Universidad De Jaén 625904,625904,ADMINISTRACIÓN Y DIRECCIÓN DE EMPRESAS + FINANZAS Y CONTABILIDAD,FACULTAD CIENCIAS SOCIALES Y JURÍDICAS,SYJ
2024-2025,University of Jaén,Universidad De Jaén 625511,625511,ADMINISTRACIÓN Y DIRECCIÓN DE EMPRESAS (grupo inglés),FACULTAD CIENCIAS SOCIALES Y JURÍDICAS,SYJ
2024-2025,University of Jaén,Universidad De Jaén 653008,653008,ARQUEOLOGÍA,F. HUMANIDADES Y CIENCIAS DE LA EDUCACIÓN,AYH
2024-2025,University of Jaén,Universidad De Jaén 626509,626509,BIOLOGÍA,FACULTAD DE CIENCIAS EXPERIMENTALES,C
2024-2025,University of Jaén,Universidad De Jaén 627006,627006,CIENCIAS AMBIENTALES,FACULTAD DE CIENCIAS EXPERIMENTALES,C
2024-2025,University of Jaén,Universidad De Jaén 629501,629501,DERECHO,FACULTAD CIENCIAS SOCIALES Y JURÍDICAS,SYJ
2024-2025,University of Jaén,Universidad De Jaén 645510,645510,EDUCACIÓN INFANTIL,CENTRO DE PROFESORADO SAGRADA FAMILIA (ADS) (ÚBEDA),SYJ
2024-2025,University of Jaén,Universidad De Jaén 645506,645506,EDUCACIÓN INFANTIL,F. HUMANIDADES Y CIENCIAS DE LA EDUCACIÓN,SYJ
2024-2025,University of Jaén,Universidad De Jaén 646514,646514,EDUCACIÓN PRIMARIA,CENTRO DE PROFESORADO SAGRADA FAMILIA (ADS) (ÚBEDA),SYJ
2024-2025,University of Jaén,Universidad De Jaén 646501,646501,EDUCACIÓN PRIMARIA,F. HUMANIDADES Y CIENCIAS DE LA EDUCACIÓN,SYJ
2024-2025,University of Jaén,Universidad De Jaén 602201,602201,EDUCACIÓN SOCIAL,F. HUMANIDADES Y CIENCIAS DE LA EDUCACIÓN,SYJ
2024-2025,University of Jaén,Universidad De Jaén 602503,602503,ENFERMERÍA,FACULTAD DE CIENCIAS DE LA SALUD,SD
2024-2025,University of Jaén,Universidad De Jaén 603000,603000,ESTADÍSTICA Y EMPRESA,FACULTAD CIENCIAS SOCIALES Y JURÍDICAS,SYJ
2024-2025,University of Jaén,Universidad De Jaén 634507,634507,ESTUDIOS INGLESES,F. HUMANIDADES Y CIENCIAS DE LA EDUCACIÓN,AYH
2024-2025,University of Jaén,Universidad De Jaén 634000,634000,FILOLOGÍA HISPÁNICA,F. HUMANIDADES Y CIENCIAS DE LA EDUCACIÓN,AYH
2024-2025,University of Jaén,Universidad De Jaén 602007,602007,FINANZAS Y CONTABILIDAD,FACULTAD CIENCIAS SOCIALES Y JURÍDICAS,SYJ
2024-2025,University of Jaén,Universidad De Jaén 603507,603507,FISIOTERAPIA,FACULTAD DE CIENCIAS DE LA SALUD,SD
2024-2025,University of Jaén,Universidad De Jaén 636806,636806,GEOGRAFÍA E HISTORIA,F. HUMANIDADES Y CIENCIAS DE LA EDUCACIÓN,AYH
2024-2025,University of Jaén,Universidad De Jaén 636800,636800,GEOGRAFÍA E HISTORIA + HISTORIA DEL ARTE,F. HUMANIDADES Y CIENCIAS DE LA EDUCACIÓN,AYH
2024-2025,University of Jaén,Universidad De Jaén 604004,604004,GESTIÓN Y ADMINISTRACIÓN PÚBLICA,FACULTAD CIENCIAS SOCIALES Y JURÍDICAS,SYJ
2024-2025,University of Jaén,Universidad De Jaén 638005,638005,HISTORIA DEL ARTE,F. HUMANIDADES Y CIENCIAS DE LA EDUCACIÓN,AYH
2024-2025,University of Jaén,Universidad De Jaén 622504,622504,INGENIERÍA CIVIL,E. POLITÉCNICA SUPERIOR DE LINARES,IYA
2024-2025,University of Jaén,Universidad De Jaén 622806,622806,INGENIERÍA CIVIL + INGENIERÍA EN TECNOLOGÍAS MINERAS,E. POLITÉCNICA SUPERIOR DE LINARES,IYA
2024-2025,University of Jaén,Universidad De Jaén 695503,695503,INGENIERÍA DE ORGANIZACIÓN INDUSTRIAL,E. POLITÉCNICA SUPERIOR,IYA
2024-2025,University of Jaén,Universidad De Jaén 617000,617000,INGENIERÍA DE RECURSOS ENERGÉTICOS,E. POLITÉCNICA SUPERIOR DE LINARES,IYA
2024-2025,University of Jaén,Universidad De Jaén 625009,625009,INGENIERÍA DE TECNOLOGÍAS DE TELECOMUNICACIÓN,E. POLITÉCNICA SUPERIOR DE LINARES,IYA
2024-2025,University of Jaén,Universidad De Jaén 623702,623702,INGENIERÍA DE TECNOLOGÍAS MINERAS,E. POLITÉCNICA SUPERIOR DE LINARES,IYA
2024-2025,University of Jaén,Universidad De Jaén 612513,612513,INGENIERÍA ELÉCTRICA,E. POLITÉCNICA SUPERIOR DE LINARES,IYA
2024-2025,University of Jaén,Universidad De Jaén 612509,612509,INGENIERÍA ELÉCTRICA,E. POLITÉCNICA SUPERIOR,IYA
2024-2025,University of Jaén,Universidad De Jaén 612703,612703,INGENIERÍA ELÉCTRICA + ING. ELECTRÓNICA INDUSTRIAL,E. POLITÉCNICA SUPERIOR,IYA
2024-2025,University of Jaén,Universidad De Jaén 612815,612815,INGENIERÍA ELÉCTRICA + INGENIERÍA MECÁNICA,E. POLITÉCNICA SUPERIOR DE LINARES,IYA
2024-2025,University of Jaén,Universidad De Jaén 612800,612800,INGENIERÍA ELÉCTRICA + INGENIERÍA MECÁNICA,E. POLITÉCNICA SUPERIOR,IYA
2024-2025,University of Jaén,Universidad De Jaén 613006,613006,INGENIERÍA ELECTRÓNICA INDUSTRIAL,E. POLITÉCNICA SUPERIOR,IYA
2024-2025,University of Jaén,Universidad De Jaén 613103,613103,INGENIERÍA ELECTRÓNICA INDUSTRIAL + INGENIERÍA MECÁNICA,E. POLITÉCNICA SUPERIOR,IYA
2024-2025,University of Jaén,Universidad De Jaén 617108,617108,INGENIERÍA EN RECURSOS ENERGÉTICOS + INGENIERÍA EN QUÍMICA INDUSTRIAL,E. POLITÉCNICA SUPERIOR DE LINARES,IYA
2024-2025,University of Jaén,Universidad De Jaén 621500,621500,INGENIERÍA GEOMÁTICA Y TOPOGRÁFICA,E. POLITÉCNICA SUPERIOR,IYA
2024-2025,University of Jaén,Universidad De Jaén 623508,623508,INGENIERÍA INFORMÁTICA,E. POLITÉCNICA SUPERIOR,IYA
2024-2025,University of Jaén,Universidad De Jaén 613502,613502,INGENIERÍA MECÁNICA,E. POLITÉCNICA SUPERIOR,IYA
2024-2025,University of Jaén,Universidad De Jaén 613517,613517,INGENIERÍA MECÁNICA,E. POLITÉCNICA SUPERIOR DE LINARES,IYA
2024-2025,University of Jaén,Universidad De Jaén 613804,613804,INGENIERÍA MECÁNICA + INGENIERÍA DE ORGANIZACIÓN INDUSTRIAL,E. POLITÉCNICA SUPERIOR,IYA
2024-2025,University of Jaén,Universidad De Jaén 614001,614001,INGENIERÍA QUÍMICA INDUSTRIAL,E. POLITÉCNICA SUPERIOR DE LINARES,IYA
2024-2025,University of Jaén,Universidad De Jaén 621004,621004,INGENIERÍA TELEMÁTICA,E. POLITÉCNICA SUPERIOR DE LINARES,IYA
2024-2025,University of Jaén,Universidad De Jaén 621101,621101,INGENIERÍA TELEMÁTICA + INGENIERÍA DE TECNOLOGÍAS DE TELECOMUNICACIÓN,E. POLITÉCNICA SUPERIOR DE LINARES,IYA
2024-2025,University of Jaén,Universidad De Jaén 639505,639505,MEDICINA,FACULTAD DE CIENCIAS DE LA SALUD,SD
2024-2025,University of Jaén,Universidad De Jaén 641501,641501,PSICOLOGÍA,F. HUMANIDADES Y CIENCIAS DE LA EDUCACIÓN,SD
2024-2025,University of Jaén,Universidad De Jaén 642505,642505,QUÍMICA,FACULTAD DE CIENCIAS EXPERIMENTALES,C
2024-2025,University of Jaén,Universidad De Jaén 608009,608009,RELACIONES LABORALES Y RECURSOS HUMANOS,FACULTAD CIENCIAS SOCIALES Y JURÍDICAS,SYJ
2024-2025,University of Jaén,Universidad De Jaén 608505,608505,TRABAJO SOCIAL,FACULTAD DE TRABAJO SOCIAL,SYJ
2024-2025,University of Jaén,Universidad De Jaén 608701,608701,TURISMO,FACULTAD CIENCIAS SOCIALES Y JURÍDICAS,SYJ
2024-2025,Universidad de Málaga,Universidad De Málaga 725503,725503,ADMINISTRACIÓN Y DIRECCIÓN DE EMPRESAS,FACULTAD DE CIENCIAS ECONÓMICAS Y EMPRESARIALES,SYJ
2024-2025,Universidad de Málaga,Universidad De Málaga 725600,725600,ADMINISTRACIÓN Y DIRECCIÓN DE EMPRESAS + DERECHO,FACULTAD DE CIENCIAS ECONÓMICAS Y EMPRESARIALES,SYJ
2024-2025,Universidad de Málaga,Universidad De Málaga 726000,726000,BELLAS ARTES,FACULTAD DE BELLAS ARTES,AYH
2024-2025,Universidad de Málaga,Universidad De Málaga 726507,726507,BIOLOGÍA,FACULTAD DE CIENCIAS,C
2024-2025,Universidad de Málaga,Universidad De Málaga 792004,792004,BIOQUÍMICA,FACULTAD DE CIENCIAS,C
2024-2025,Universidad de Málaga,Universidad De Málaga 796009,796009,CIBERSEGURIDAD E INTELIGENCIA ARTIFICIAL,ESCUELA TÉCNICA SUPERIOR DE INGENIERÍA INFORMÁTICA,IYA
2024-2025,Universidad de Málaga,Universidad De Málaga 727004,727004,CIENCIAS AMBIENTALES,FACULTAD DE CIENCIAS,C
2024-2025,Universidad de Málaga,Universidad De Málaga 727500,727500,CIENCIAS DE LA ACTIVIDAD FÍSICA Y DEL DEPORTE (ENSEÑANZA BILINGÜE),FACULTAD CIENCIAS DE LA EDUCACIÓN,SYJ
2024-2025,Universidad de Málaga,Universidad De Málaga 756007,756007,CIENCIAS GASTRONÓMICAS Y GESTIÓN HOTELERA,FACULTAD DE TURISMO,SYJ
2024-2025,Universidad de Málaga,Universidad De Málaga 728616,728616,CIENCIAS POLÍTICAS Y DE LA ADMINISTRACIÓN (GR) + PERIODISMO (MA),FACULTAD CIENCIAS DE LA COMUNICACIÓN,SYJ
2024-2025,Universidad de Málaga,Universidad De Málaga 729001,729001,COMUNICACIÓN AUDIOVISUAL,FACULTAD CIENCIAS DE LA COMUNICACIÓN,SYJ
2024-2025,Universidad de Málaga,Universidad De Málaga 792608,792608,CRIMINOLOGÍA,FACULTAD DE DERECHO,SYJ
2024-2025,Universidad de Málaga,Universidad De Málaga 729508,729508,DERECHO,FACULTAD DE DERECHO,SYJ
2024-2025,Universidad de Málaga,Universidad De Málaga 751505,751505,DERECHO + CRIMINOLOGÍA,FACULTAD DE DERECHO,SYJ
2024-2025,Universidad de Málaga,Universidad De Málaga 730004,730004,ECONOMÍA,FACULTAD DE CIENCIAS ECONÓMICAS Y EMPRESARIALES,SYJ
2024-2025,Universidad de Málaga,Universidad De Málaga 725708,725708,ECONOMÍA + ADMINISTRACIÓN Y DIRECCIÓN EMPRESAS (FORMACIÓN BILINGÜE),FACULTAD DE CIENCIAS ECONÓMICAS Y EMPRESARIALES,SYJ
2024-2025,Universidad de Málaga,Universidad De Málaga 745504,745504,EDUCACIÓN INFANTIL,FACULTAD CIENCIAS DE LA EDUCACIÓN,SYJ
2024-2025,Universidad de Málaga,Universidad De Málaga 745519,745519,EDUCACIÓN INFANTIL,CENTRO MAGISTERIO MARÍA INMACULADA (ADS) (ANTEQUERA),SYJ
2024-2025,Universidad de Málaga,Universidad De Málaga 746508,746508,EDUCACIÓN PRIMARIA,FACULTAD CIENCIAS DE LA EDUCACIÓN,SYJ
2024-2025,Universidad de Málaga,Universidad De Málaga 746512,746512,EDUCACIÓN PRIMARIA,CENTRO MAGISTERIO MARÍA INMACULADA (ADS) (ANTEQUERA),SYJ
2024-2025,Universidad de Málaga,Universidad De Málaga 746702,746702,EDUCACIÓN PRIMARIA (MENCIÓN LENGUA EXTRANJERA-INGLES) + ESTUDIOS INGLESES,FACULTAD DE FILOSOFÍA Y LETRAS,SIN
2024-2025,Universidad de Málaga,Universidad De Málaga 702201,702201,EDUCACIÓN SOCIAL,FACULTAD CIENCIAS DE LA EDUCACIÓN,SYJ
2024-2025,Universidad de Málaga,Universidad De Málaga 702501,702501,ENFERMERÍA,FACULTAD DE CIENCIAS DE LA SALUD,SD
2024-2025,Universidad de Málaga,Universidad De Málaga 702516,702516,ENFERMERÍA,CENTRO ENFERMERÍA VIRGEN DE LA PAZ (ADS) (RONDA),SD
2024-2025,Universidad de Málaga,Universidad De Málaga 750501,750501,ESTUDIOS DE ASIA ORIENTAL,FACULTAD DE ESTUDIOS SOCIALES Y DEL TRABAJO,AYH
2024-2025,Universidad de Málaga,Universidad De Málaga 734505,734505,ESTUDIOS INGLESES,FACULTAD DE FILOSOFÍA Y LETRAS,AYH
2024-2025,Universidad de Málaga,Universidad De Málaga 734301,734301,"ESTUDIOS TRANSCULTURALES EUROPEOS: LENGUAS, CULTURAS, INTERACCIONES",FACULTAD DE FILOSOFÍA Y LETRAS,AYH
2024-2025,Universidad de Málaga,Universidad De Málaga 732001,732001,FILOLOGÍA CLÁSICA,FACULTAD DE FILOSOFÍA Y LETRAS,AYH
2024-2025,Universidad de Málaga,Universidad De Málaga 734009,734009,FILOLOGÍA HISPÁNICA,FACULTAD DE FILOSOFÍA Y LETRAS,AYH
2024-2025,Universidad de Málaga,Universidad De Málaga 735509,735509,FILOSOFÍA,FACULTAD DE FILOSOFÍA Y LETRAS,AYH
2024-2025,Universidad de Málaga,Universidad De Málaga 702005,702005,FINANZAS Y CONTABILIDAD,FACULTAD DE CIENCIAS ECONÓMICAS Y EMPRESARIALES,SYJ
2024-2025,Universidad de Málaga,Universidad De Málaga 725902,725902,FINANZAS Y CONTABILIDAD + ADMINISTRACIÓN Y DIRECCIÓN DE EMPRESAS,FACULTAD DE CIENCIAS ECONÓMICAS Y EMPRESARIALES,SYJ
2024-2025,Universidad de Málaga,Universidad De Málaga 703505,703505,FISIOTERAPIA,FACULTAD DE CIENCIAS DE LA SALUD,SD
2024-2025,Universidad de Málaga,Universidad De Málaga 700519,700519,FUNDAMENTOS DE ARQUITECTURA,E.T.S. ARQUITECTURA,IYA
2024-2025,Universidad de Málaga,Universidad De Málaga 736707,736707,GEOGRAFÍA Y GESTIÓN DEL TERRITORIO,FACULTAD DE FILOSOFÍA Y LETRAS,SYJ
2024-2025,Universidad de Málaga,Universidad De Málaga 736308,736308,GEOGRAFÍA Y GESTIÓN DEL TERRITORIO + HISTORIA,FACULTAD DE FILOSOFÍA Y LETRAS,SIN
2024-2025,Universidad de Málaga,Universidad De Málaga 704002,704002,GESTIÓN Y ADMINISTRACIÓN PÚBLICA,FACULTAD DE MARKETING Y GESTIÓN,SYJ
2024-2025,Universidad de Málaga,Universidad De Málaga 737506,737506,HISTORIA,FACULTAD DE FILOSOFÍA Y LETRAS,AYH
2024-2025,Universidad de Málaga,Universidad De Málaga 738003,738003,HISTORIA DEL ARTE,FACULTAD DE FILOSOFÍA Y LETRAS,AYH
2024-2025,Universidad de Málaga,Universidad De Málaga 716803,716803,INGENIERÍA DE LA ENERGÍA,ESCUELA DE INGENIERÍAS INDUSTRIALES,IYA
2024-2025,Universidad de Málaga,Universidad De Málaga 750005,750005,INGENIERÍA DE LA SALUD,ESCUELA TÉCNICA SUPERIOR DE INGENIERÍA INFORMÁTICA,IYA
2024-2025,Universidad de Málaga,Universidad De Málaga 795501,795501,INGENIERÍA DE ORGANIZACIÓN INDUSTRIAL,ESCUELA DE INGENIERÍAS INDUSTRIALES,IYA
2024-2025,Universidad de Málaga,Universidad De Málaga 720009,720009,INGENIERÍA DE SISTEMAS DE TELECOMUNICACIÓN,ESCUELA TÉCNICA SUPERIOR DE INGENIERÍA DE TELECOMUNICACIÓN,IYA
2024-2025,Universidad de Málaga,Universidad De Málaga 714504,714504,INGENIERÍA DE SOFTWARE,ESCUELA TÉCNICA SUPERIOR DE INGENIERÍA INFORMÁTICA,IYA
2024-2025,Universidad de Málaga,Universidad De Málaga 720505,720505,INGENIERÍA DE SONIDO E IMAGEN,ESCUELA TÉCNICA SUPERIOR DE INGENIERÍA DE TELECOMUNICACIÓN,IYA
2024-2025,Universidad de Málaga,Universidad De Málaga 725104,725104,INGENIERÍA DE TECNOLOGÍAS DE TELECOMUNICACIÓN + MATEMÁTICAS,ESCUELA TÉCNICA SUPERIOR DE INGENIERÍA DE TELECOMUNICACIÓN,SIN
2024-2025,Universidad de Málaga,Universidad De Málaga 725007,725007,INGENIERÍA DE TECNOLOGÍAS DE TELECOMUNICACIÓN (PARS Máster en Ingeniería de Telecomunicación),ESCUELA TÉCNICA SUPERIOR DE INGENIERÍA DE TELECOMUNICACIÓN,IYA
2024-2025,Universidad de Málaga,Universidad De Málaga 712507,712507,INGENIERÍA ELÉCTRICA,ESCUELA DE INGENIERÍAS INDUSTRIALES,IYA
2024-2025,Universidad de Málaga,Universidad De Málaga 712809,712809,INGENIERÍA ELÉCTRICA + INGENIERÍA MECÁNICA,ESCUELA DE INGENIERÍAS INDUSTRIALES,IYA
2024-2025,Universidad de Málaga,Universidad De Málaga 719502,719502,INGENIERÍA ELECTRÓNICA DE TELECOMUNICACIÓN,ESCUELA TÉCNICA SUPERIOR DE INGENIERÍA DE TELECOMUNICACIÓN,IYA
2024-2025,Universidad de Málaga,Universidad De Málaga 713004,713004,INGENIERÍA ELECTRÓNICA INDUSTRIAL,ESCUELA DE INGENIERÍAS INDUSTRIALES,IYA
2024-2025,Universidad de Málaga,Universidad De Málaga 712701,712701,INGENIERÍA ELECTRÓNICA INDUSTRIAL + INGENIERÍA ELÉCTRICA,ESCUELA DE INGENIERÍAS INDUSTRIALES,IYA
2024-2025,Universidad de Málaga,Universidad De Málaga 713019,713019,"INGENIERÍA ELECTRÓNICA, ROBÓTICA Y MECATRÓNICA",ESCUELA DE INGENIERÍAS INDUSTRIALES,IYA
2024-2025,Universidad de Málaga,Universidad De Málaga 711201,711201,INGENIERÍA EN DISEÑO INDUSTRIAL Y DESARROLLO DEL PRODUCTO,ESCUELA DE INGENIERÍAS INDUSTRIALES,IYA
2024-2025,Universidad de Málaga,Universidad De Málaga 723001,723001,INGENIERÍA EN TECNOLOGÍAS INDUSTRIALES (PARS con el Máster en Ingeniería Industrial),ESCUELA DE INGENIERÍAS INDUSTRIALES,IYA
2024-2025,Universidad de Málaga,Universidad De Málaga 723506,723506,INGENIERÍA INFORMÁTICA,ESCUELA TÉCNICA SUPERIOR DE INGENIERÍA INFORMÁTICA,IYA
2024-2025,Universidad de Málaga,Universidad De Málaga 713500,713500,INGENIERÍA MECÁNICA,ESCUELA DE INGENIERÍAS INDUSTRIALES,IYA
2024-2025,Universidad de Málaga,Universidad De Málaga 711309,711309,INGENIERÍA MECÁNICA + INGENIERÍA EN DISEÑO INDUSTRIAL Y DESARROLLO DEL PRODUCTO,ESCUELA DE INGENIERÍAS INDUSTRIALES,IYA
2024-2025,Universidad de Málaga,Universidad De Málaga 724501,724501,INGENIERÍA QUÍMICA,FACULTAD DE CIENCIAS,IYA
2024-2025,Universidad de Málaga,Universidad De Málaga 721002,721002,INGENIERÍA TELEMÁTICA,ESCUELA TÉCNICA SUPERIOR DE INGENIERÍA DE TELECOMUNICACIÓN,IYA
2024-2025,Universidad de Málaga,Universidad De Málaga 705006,705006,LOGOPEDIA,FACULTAD DE PSICOLOGÍA Y LOGOPEDIA,SD
2024-2025,Universidad de Málaga,Universidad De Málaga 749002,749002,MARKETING E INVESTIGACIÓN DE MERCADOS,FACULTAD DE MARKETING Y GESTIÓN,SYJ
2024-2025,Universidad de Málaga,Universidad De Málaga 739007,739007,MATEMÁTICAS,FACULTAD DE CIENCIAS,C
2024-2025,Universidad de Málaga,Universidad De Málaga 723409,723409,MATEMÁTICAS + INGENIERÍA INFORMÁTICA,ESCUELA TÉCNICA SUPERIOR DE INGENIERÍA INFORMÁTICA,SIN
2024-2025,Universidad de Málaga,Universidad De Málaga 739503,739503,MEDICINA,FACULTAD DE MEDICINA,SD
2024-2025,Universidad de Málaga,Universidad De Málaga 740506,740506,PEDAGOGÍA,FACULTAD CIENCIAS DE LA EDUCACIÓN,SYJ
2024-2025,Universidad de Málaga,Universidad De Málaga 741003,741003,PERIODISMO,FACULTAD CIENCIAS DE LA COMUNICACIÓN,SYJ
2024-2025,Universidad de Málaga,Universidad De Málaga 707003,707003,PODOLOGÍA,FACULTAD DE CIENCIAS DE LA SALUD,SD
2024-2025,Universidad de Málaga,Universidad De Málaga 741501,741501,PSICOLOGÍA,FACULTAD DE PSICOLOGÍA Y LOGOPEDIA,SD
2024-2025,Universidad de Málaga,Universidad De Málaga 705103,705103,PSICOLOGÍA + LOGOPEDIA,FACULTAD DE PSICOLOGÍA Y LOGOPEDIA,SD
2024-2025,Universidad de Málaga,Universidad De Málaga 742007,742007,PUBLICIDAD Y RELACIONES PÚBLICAS,FACULTAD CIENCIAS DE LA COMUNICACIÓN,SYJ
2024-2025,Universidad de Málaga,Universidad De Málaga 742503,742503,QUÍMICA,FACULTAD DE CIENCIAS,C
2024-2025,Universidad de Málaga,Universidad De Málaga 708007,708007,RELACIONES LABORALES Y RECURSOS HUMANOS,FACULTAD DE ESTUDIOS SOCIALES Y DEL TRABAJO,SYJ
2024-2025,Universidad de Málaga,Universidad De Málaga 708201,708201,TERAPIA OCUPACIONAL,FACULTAD DE CIENCIAS DE LA SALUD,SD
2024-2025,Universidad de Málaga,Universidad De Málaga 708518,708518,TRABAJO SOCIAL,FACULTAD DE ESTUDIOS SOCIALES Y DEL TRABAJO,SYJ
2024-2025,Universidad de Málaga,Universidad De Málaga 743205,743205,TRADUCCIÓN E INTERPRETACIÓN FRANCÉS,FACULTAD DE FILOSOFÍA Y LETRAS,AYH
2024-2025,Universidad de Málaga,Universidad De Málaga 743302,743302,TRADUCCIÓN E INTERPRETACIÓN INGLÉS,FACULTAD DE FILOSOFÍA Y LETRAS,AYH
2024-2025,Universidad de Málaga,Universidad De Málaga 708708,708708,TURISMO,FACULTAD DE TURISMO,SYJ
2024-2025,Universidad de Málaga,Universidad De Málaga 742104,742104,TURISMO + PUBLICIDAD Y RELACIONES PÚBLICAS,FACULTAD CIENCIAS DE LA COMUNICACIÓN,SYJ
2024-2025,Universidad de Málaga,Universidad De Málaga 708406,708406,TURISMO + TRADUCCIÓN E INTERPRETACIÓN FRANCÉS,FACULTAD DE TURISMO,SIN
2024-2025,Universidad de Málaga,Universidad De Málaga 708902,708902,TURISMO + TRADUCCIÓN E INTERPRETACIÓN INGLÉS,FACULTAD DE TURISMO,SIN
2024-2025,University of Seville,Universidad De Sevilla 825501,825501,ADMINISTRACIÓN Y DIRECCIÓN DE EMPRESAS,FACULTAD DE CIENCIAS ECONÓMICAS Y EMPRESARIALES,SYJ
2024-2025,University of Seville,Universidad De Sevilla 825520,825520,ADMINISTRACIÓN Y DIRECCIÓN DE EMPRESAS,CENTRO UNIVERSITARIO DE OSUNA (ADS.),SYJ
2024-2025,University of Seville,Universidad De Sevilla 825609,825609,ADMINISTRACIÓN Y DIRECCIÓN DE EMPRESAS + DERECHO,FACULTAD DE DERECHO Y FACULTAD DE CIENCIAS ECONÓMICAS Y EMPRESARIALES,SYJ
2024-2025,University of Seville,Universidad De Sevilla 825706,825706,ADMINISTRACIÓN Y DIRECCIÓN DE EMPRESAS + FINANZAS Y CONTABILIDAD,FACULTAD DE CIENCIAS ECONÓMICAS Y EMPRESARIALES,SYJ
2024-2025,University of Seville,Universidad De Sevilla 825516,825516,ADMINISTRACIÓN Y DIRECCIÓN DE EMPRESAS (GRUPO EN INGLÉS),FACULTAD DE CIENCIAS ECONÓMICAS Y EMPRESARIALES,SYJ
2024-2025,University of Seville,Universidad De Sevilla 891505,891505,ANTROPOLOGIA SOCIAL Y CULTURAL,FACULTAD DE GEOGRAFÍA E HISTORIA,SYJ
2024-2025,University of Seville,Universidad De Sevilla 853004,853004,ARQUEOLOGÍA,FACULTAD DE GEOGRAFÍA E HISTORIA,AYH
2024-2025,University of Seville,Universidad De Sevilla 826009,826009,BELLAS ARTES,FACULTAD DE BELLAS ARTES,AYH
2024-2025,University of Seville,Universidad De Sevilla 826505,826505,BIOLOGÍA,FACULTAD DE BIOLOGÍA,C
2024-2025,University of Seville,Universidad De Sevilla 852000,852000,BIOMEDICINA BÁSICA Y EXPERIMENTAL,FACULTAD DE MEDICINA,SD
2024-2025,University of Seville,Universidad De Sevilla 892002,892002,BIOQUÍMICA,FACULTAD DE BIOLOGÍA,C
2024-2025,University of Seville,Universidad De Sevilla 827509,827509,CIENCIAS DE LA ACTIVIDAD FÍSICA Y DEL DEPORTE,FACULTAD DE CIENCIAS DE LA EDUCACIÓN,SYJ
2024-2025,University of Seville,Universidad De Sevilla 827528,827528,CIENCIAS DE LA ACTIVIDAD FÍSICA Y DEL DEPORTE,CENTRO UNIVERSITARIO DE OSUNA (ADS.),SYJ
2024-2025,University of Seville,Universidad De Sevilla 829014,829014,COMUNICACIÓN AUDIOVISUAL,CENTRO DE ESTUDIOS UNIVERSITARIOS EUSA (ADSCRITO),SYJ
2024-2025,University of Seville,Universidad De Sevilla 829001,829001,COMUNICACIÓN AUDIOVISUAL,FACULTAD DE COMUNICACIÓN,SYJ
2024-2025,University of Seville,Universidad De Sevilla 826203,826203,CONSERVACIÓN Y RESTAURACIÓN DE BIENES CULTURALES,FACULTAD DE BELLAS ARTES,AYH
2024-2025,University of Seville,Universidad De Sevilla 892601,892601,CRIMINOLOGÍA,FACULTAD DE DERECHO,SYJ
2024-2025,University of Seville,Universidad De Sevilla 829506,829506,DERECHO,FACULTAD DE DERECHO,SYJ
2024-2025,University of Seville,Universidad De Sevilla 851600,851600,DERECHO + ECONOMÍA,FACULTAD DE DERECHO Y FACULTAD DE CIENCIAS ECONÓMICAS Y EMPRESARIALES,SYJ
2024-2025,University of Seville,Universidad De Sevilla 829808,829808,DERECHO + FILOSOFÍA,FACULTAD DE DERECHO,SIN
2024-2025,University of Seville,Universidad De Sevilla 829700,829700,DERECHO + FINANZAS Y CONTABILIDAD,FACULTAD DE DERECHO,SYJ
2024-2025,University of Seville,Universidad De Sevilla 829905,829905,DERECHO (US) + LAUREA MAGISTRALE IN GIURISPRUDENZA (UNIFI),FACULTAD DE DERECHO,SYJ
2024-2025,University of Seville,Universidad De Sevilla 830002,830002,ECONOMÍA,FACULTAD DE CIENCIAS ECONÓMICAS Y EMPRESARIALES,SYJ
2024-2025,University of Seville,Universidad De Sevilla 801014,801014,EDIFICACIÓN (antes Arquitectura Técnica),ESCUELA TÉCNICA SUPERIOR DE INGENIERÍA DE EDIFICACIÓN,IYA
2024-2025,University of Seville,Universidad De Sevilla 845502,845502,EDUCACIÓN INFANTIL,FACULTAD DE CIENCIAS DE LA EDUCACIÓN,SYJ
2024-2025,University of Seville,Universidad De Sevilla 845521,845521,EDUCACIÓN INFANTIL,CENTRO UNIVERSITARIO DE OSUNA (ADS.),SYJ
2024-2025,University of Seville,Universidad De Sevilla 845601,845601,EDUCACIÓN INFANTIL + EDUCACIÓN PRIMARIA,FACULTAD DE CIENCIAS DE LA EDUCACIÓN,SYJ
2024-2025,University of Seville,Universidad De Sevilla 845614,845614,EDUCACIÓN INFANTIL + EDUCACIÓN PRIMARIA,CENTRO UNIVERSITARIO DE OSUNA (ADS.),SYJ
2024-2025,University of Seville,Universidad De Sevilla 846531,846531,EDUCACIÓN PRIMARIA,CENTRO UNIVERSITARIO DE OSUNA (ADS.),SYJ
2024-2025,University of Seville,Universidad De Sevilla 846506,846506,EDUCACIÓN PRIMARIA,FACULTAD DE CIENCIAS DE LA EDUCACIÓN,SYJ
2024-2025,University of Seville,Universidad De Sevilla 846603,846603,EDUCACIÓN PRIMARIA + ESTUDIOS FRANCESES,FACULTAD DE CIENCIAS DE LA EDUCACIÓN Y FACULTAD DE FILOLOGÍA,SIN
2024-2025,University of Seville,Universidad De Sevilla 802501,802501,ENFERMERÍA,"FACULTAD DE ENFER., FISIOT. Y PODOL.",SD
2024-2025,University of Seville,Universidad De Sevilla 802533,802533,ENFERMERÍA,CENTRO UNIVERSITARIO DE OSUNA (ADS.),SD
2024-2025,University of Seville,Universidad De Sevilla 802514,802514,ENFERMERÍA,CENTRO DE ENFERMERÍA DE LA CRUZ ROJA (ADS.),SD
2024-2025,University of Seville,Universidad De Sevilla 803007,803007,ESTADÍSTICA,FACULTAD DE MATEMÁTICAS,C
2024-2025,University of Seville,Universidad De Sevilla 803104,803104,ESTADÍSTICA + FINANZAS Y CONTABILIDAD,FACULTAD DE MATEMÁTICAS,C
2024-2025,University of Seville,Universidad De Sevilla 850501,850501,ESTUDIOS DE ASIA ORIENTAL,FACULTAD DE FILOSOFÍA,AYH
2024-2025,University of Seville,Universidad De Sevilla 833003,833003,ESTUDIOS FRANCESES,FACULTAD DE FILOLOGÍA,AYH
2024-2025,University of Seville,Universidad De Sevilla 834503,834503,ESTUDIOS INGLESES,FACULTAD DE FILOLOGÍA,AYH
2024-2025,University of Seville,Universidad De Sevilla 830509,830509,FARMACIA,FACULTAD DE FARMACIA,SD
2024-2025,University of Seville,Universidad De Sevilla 830606,830606,FARMACIA + ÓPTICA Y OPTOMETRÍA,FACULTAD DE FARMACIA,SD
2024-2025,University of Seville,Universidad De Sevilla 832001,832001,FILOLOGÍA CLÁSICA,FACULTAD DE FILOLOGÍA,AYH
2024-2025,University of Seville,Universidad De Sevilla 834201,834201,FILOLOGÍA CLÁSICA + FILOLOGÍA HISPÁNICA,FACULTAD DE FILOLOGÍA,AYH
2024-2025,University of Seville,Universidad De Sevilla 834007,834007,FILOLOGÍA HISPÁNICA,FACULTAD DE FILOLOGÍA,AYH
2024-2025,University of Seville,Universidad De Sevilla 835507,835507,FILOSOFÍA,FACULTAD DE FILOSOFÍA,AYH
2024-2025,University of Seville,Universidad De Sevilla 802018,802018,FINANZAS Y CONTABILIDAD,CENTRO UNIVERSITARIO DE OSUNA (ADS.),SYJ
2024-2025,University of Seville,Universidad De Sevilla 802003,802003,FINANZAS Y CONTABILIDAD,FACULTAD DE TURISMO Y FINANZAS,SYJ
2024-2025,University of Seville,Universidad De Sevilla 802115,802115,FINANZAS Y CONTABILIDAD + RELACIONES LABORALES Y RECURSOS HUMANOS,FACULTAD DE CIENCIAS DEL TRABAJO,SYJ
2024-2025,University of Seville,Universidad De Sevilla 802100,802100,FINANZAS Y CONTABILIDAD + RELACIONES LABORALES Y RECURSOS HUMANOS,CENTRO UNIVERSITARIO DE OSUNA (ADS.),SYJ
2024-2025,University of Seville,Universidad De Sevilla 802208,802208,FINANZAS Y CONTABILIDAD + TURISMO,FACULTAD DE TURISMO Y FINANZAS,SYJ
2024-2025,University of Seville,Universidad De Sevilla 802022,802022,FINANZAS Y CONTABILIDAD (GRUPO EN INGLES),FACULTAD DE TURISMO Y FINANZAS,SYJ
2024-2025,University of Seville,Universidad De Sevilla 836004,836004,FÍSICA,FACULTAD DE FÍSICA,C
2024-2025,University of Seville,Universidad De Sevilla 836101,836101,FÍSICA + INGENIERÍA DE MATERIALES,FACULTAD DE FÍSICA,SIN
2024-2025,University of Seville,Universidad De Sevilla 839404,839404,FÍSICA + MATEMÁTICAS,FACULTAD DE MATEMÁTICAS,C
2024-2025,University of Seville,Universidad De Sevilla 803503,803503,FISIOTERAPIA,"FACULTAD DE ENFERMERÍA, FISIOTERAPIA Y PODOLOGÍA",SD
2024-2025,University of Seville,Universidad De Sevilla 803518,803518,FISIOTERAPIA,CENTRO UNIVERSITARIO DE OSUNA (ADS.),SD
2024-2025,University of Seville,Universidad De Sevilla 803615,803615,FISIOTERAPIA + CIENCIAS DE LA ACTIVIDAD FÍSICA Y DEL DEPORTE,CENTRO UNIVERSITARIO DE OSUNA (ADS.),SIN
2024-2025,University of Seville,Universidad De Sevilla 803600,803600,FISIOTERAPIA + CIENCIAS DE LA ACTIVIDAD FÍSICA Y DEL DEPORTE,FACULTAD DE CIENCIAS DE LA EDUCACIÓN,SIN
2024-2025,University of Seville,Universidad De Sevilla 800502,800502,FUNDAMENTOS DE ARQUITECTURA,ESCUELA TÉCNICA SUPERIOR DE ARQUITECTURA,IYA
2024-2025,University of Seville,Universidad De Sevilla 836705,836705,GEOGRAFÍA Y GESTIÓN DEL TERRITORIO,FACULTAD DE GEOGRAFÍA E HISTORIA,SYJ
2024-2025,University of Seville,Universidad De Sevilla 836901,836901,GEOGRAFÍA Y GESTIÓN DEL TERRITORIO + HISTORIA,FACULTAD DE GEOGRAFÍA E HISTORIA,SIN
2024-2025,University of Seville,Universidad De Sevilla 837504,837504,HISTORIA,FACULTAD DE GEOGRAFÍA E HISTORIA,AYH
2024-2025,University of Seville,Universidad De Sevilla 837601,837601,HISTORIA + HISTORIA DEL ARTE,FACULTAD DE GEOGRAFÍA E HISTORIA,AYH
2024-2025,University of Seville,Universidad De Sevilla 838001,838001,HISTORIA DEL ARTE,FACULTAD DE GEOGRAFÍA E HISTORIA,AYH
2024-2025,University of Seville,Universidad De Sevilla 821701,821701,INGENIERÍA AEROESPACIAL (PARS con Máster en Ingeniería Aeronáutica),ESCUELA TÉCNICA SUPERIOR DE INGENIERÍA,IYA
2024-2025,University of Seville,Universidad De Sevilla 822004,822004,INGENIERÍA AGRÍCOLA,ESCUELA TÉCNICA SUPERIOR DE INGENIERÍA AGRONÓMICA,IYA
2024-2025,University of Seville,Universidad De Sevilla 822209,822209,INGENIERÍA AGRÍCOLA (US) + CIENCIAS AMBIENTALES (UPO),ESCUELA TÉCNICA SUPERIOR DE INGENIERÍA AGRONÓMICA,SIN
2024-2025,University of Seville,Universidad De Sevilla 822500,822500,"INGENIERÍA CIVIL (PARS con Máster en Ingeniería de Caminos, Canales y Puertos)",ESCUELA TÉCNICA SUPERIOR DE INGENIERÍA,IYA
2024-2025,University of Seville,Universidad De Sevilla 816801,816801,INGENIERÍA DE LA ENERGÍA,ESCUELA TÉCNICA SUPERIOR DE INGENIERÍA,IYA
2024-2025,University of Seville,Universidad De Sevilla 850003,850003,INGENIERÍA DE LA SALUD,ESCUELA TÉCNICA SUPERIOR DE INGENIERÍA INFORMÁTICA,IYA
2024-2025,University of Seville,Universidad De Sevilla 891300,891300,INGENIERÍA DE MATERIALES,FACULTAD DE FÍSICA,IYA
2024-2025,University of Seville,Universidad De Sevilla 895501,895501,INGENIERÍA DE ORGANIZACIÓN INDUSTRIAL,ESCUELA TÉCNICA SUPERIOR DE INGENIERÍA,IYA
2024-2025,University of Seville,Universidad De Sevilla 825005,825005,INGENIERÍA DE TECNOLOGÍAS DE TELECOMUNICACIÓN (PARS con Máster en Ingeniería de Telecomunicación),ESCUELA TÉCNICA SUPERIOR DE INGENIERÍA,IYA
2024-2025,University of Seville,Universidad De Sevilla 812505,812505,INGENIERÍA ELÉCTRICA,ESCUELA POLITÉCNICA SUPERIOR,IYA
2024-2025,University of Seville,Universidad De Sevilla 812701,812701,INGENIERÍA ELÉCTRICA + ING. ELECTRÓNICA INDUSTRIAL,ESCUELA POLITÉCNICA SUPERIOR,IYA
2024-2025,University of Seville,Universidad De Sevilla 813002,813002,INGENIERÍA ELECTRÓNICA INDUSTRIAL,ESCUELA POLITÉCNICA SUPERIOR,IYA
2024-2025,University of Seville,Universidad De Sevilla 813017,813017,"INGENIERÍA ELECTRÓNICA, ROBÓTICA Y MECATRÓNICA",ESCUELA TÉCNICA SUPERIOR DE INGENIERÍA,IYA
2024-2025,University of Seville,Universidad De Sevilla 811201,811201,INGENIERÍA EN DISEÑO INDUSTRIAL Y DESARROLLO DEL PRODUCTO,ESCUELA POLITÉCNICA SUPERIOR,IYA
2024-2025,University of Seville,Universidad De Sevilla 823008,823008,INGENIERÍA EN TECNOLOGÍAS INDUSTRIALES (PARS con Máster en Ingeniería Industrial),ESCUELA TÉCNICA SUPERIOR DE INGENIERÍA,IYA
2024-2025,University of Seville,Universidad De Sevilla 815001,815001,INGENIERÍA INFORMÁTICA. INGENIERÍA DE COMPUTADORES,ESCUELA TÉCNICA SUPERIOR DE INGENIERÍA INFORMÁTICA,IYA
2024-2025,University of Seville,Universidad De Sevilla 814502,814502,INGENIERÍA INFORMÁTICA. INGENIERÍA DEL SOFTWARE,ESCUELA TÉCNICA SUPERIOR DE INGENIERÍA INFORMÁTICA,IYA
2024-2025,University of Seville,Universidad De Sevilla 814517,814517,INGENIERÍA INFORMÁTICA. INGENIERÍA DEL SOFTWARE (GRUPO EN INGLÉS),ESCUELA TÉCNICA SUPERIOR DE INGENIERÍA INFORMÁTICA,IYA
2024-2025,University of Seville,Universidad De Sevilla 823504,823504,INGENIERÍA INFORMÁTICA. TECNOLOGÍA INFORMÁTICA,ESCUELA TÉCNICA SUPERIOR DE INGENIERÍA INFORMÁTICA,IYA
2024-2025,University of Seville,Universidad De Sevilla 823301,823301,INGENIERÍA INFORMÁTICA. TECNOLOGÍA INFORMÁTICA + MATEMÁTICAS,ESCUELA TÉCNICA SUPERIOR DE INGENIERÍA INFORMÁTICA,SIN
2024-2025,University of Seville,Universidad De Sevilla 813509,813509,INGENIERÍA MECÁNICA,ESCUELA POLITÉCNICA SUPERIOR,IYA
2024-2025,University of Seville,Universidad De Sevilla 812807,812807,INGENIERÍA MECÁNICA + INGENIERÍA ELÉCTRICA,ESCUELA POLITÉCNICA SUPERIOR,IYA
2024-2025,University of Seville,Universidad De Sevilla 811307,811307,INGENIERÍA MECÁNICA + INGENIERÍA EN DISEÑO INDUSTRIAL Y DESARROLLO DEL PRODUCTO,ESCUELA POLITÉCNICA SUPERIOR,IYA
2024-2025,University of Seville,Universidad De Sevilla 814006,814006,INGENIERÍA QUÍMICA INDUSTRIAL,ESCUELA POLITÉCNICA SUPERIOR,IYA
2024-2025,University of Seville,Universidad De Sevilla 824508,824508,INGENIERÍA QUÍMICA (PARS con Máster en Ingeniería Química),ESCUELA TÉCNICA SUPERIOR DE INGENIERÍA,IYA
2024-2025,University of Seville,Universidad De Sevilla 832506,832506,"LENGUAS MODERNAS, LITERATURAS Y CULTURAS",FACULTAD DE FILOLOGÍA,AYH
2024-2025,University of Seville,Universidad De Sevilla 832603,832603,"LENGUAS MODERNAS, LITERATURAS Y CULTURAS + EDUCACIÓN PRIMARIA",FACULTAD DE FILOLOGÍA,AYH
2024-2025,University of Seville,Universidad De Sevilla 849008,849008,MARKETING E INVESTIGACIÓN DE MERCADOS,FACULTAD DE CIENCIAS ECONÓMICAS Y EMPRESARIALES,SYJ
2024-2025,University of Seville,Universidad De Sevilla 839005,839005,MATEMÁTICAS,FACULTAD DE MATEMÁTICAS,C
2024-2025,University of Seville,Universidad De Sevilla 839307,839307,MATEMÁTICAS + ESTADÍSTICA,FACULTAD DE MATEMÁTICAS,C
2024-2025,University of Seville,Universidad De Sevilla 839501,839501,MEDICINA,FACULTAD DE MEDICINA,SD
2024-2025,University of Seville,Universidad De Sevilla 840008,840008,ODONTOLOGÍA,FACULTAD DE ODONTOLOGÍA,SD
2024-2025,University of Seville,Universidad De Sevilla 806504,806504,ÓPTICA Y OPTOMETRÍA,FACULTAD DE FARMACIA,SD
2024-2025,University of Seville,Universidad De Sevilla 840504,840504,PEDAGOGÍA,FACULTAD DE CIENCIAS DE LA EDUCACIÓN,SYJ
2024-2025,University of Seville,Universidad De Sevilla 841001,841001,PERIODISMO,FACULTAD DE COMUNICACIÓN,SYJ
2024-2025,University of Seville,Universidad De Sevilla 841016,841016,PERIODISMO,CENTRO DE ESTUDIOS UNIVERSITARIOS EUSA (ADSCRITO),SYJ
2024-2025,University of Seville,Universidad De Sevilla 841109,841109,PERIODISMO + COMUNICACIÓN AUDIOVISUAL,FACULTAD DE COMUNICACIÓN,SYJ
2024-2025,University of Seville,Universidad De Sevilla 841113,841113,PERIODISMO + COMUNICACIÓN AUDIOVISUAL,CENTRO DE ESTUDIOS UNIVERSITARIOS EUSA (ADSCRITO),SYJ
2024-2025,University of Seville,Universidad De Sevilla 807001,807001,PODOLOGÍA,"FACULTAD DE ENFERMERÍA, FISIOTERAPIA Y PODOLOGÍA",SD
2024-2025,University of Seville,Universidad De Sevilla 841508,841508,PSICOLOGÍA,FACULTAD DE PSICOLOGÍA,SD
2024-2025,University of Seville,Universidad De Sevilla 842010,842010,PUBLICIDAD Y RELACIONES PÚBLICAS,CENTRO DE ESTUDIOS UNIVERSITARIOS EUSA (ADSCRITO),SYJ
2024-2025,University of Seville,Universidad De Sevilla 842005,842005,PUBLICIDAD Y RELACIONES PÚBLICAS,FACULTAD DE COMUNICACIÓN,SYJ
2024-2025,University of Seville,Universidad De Sevilla 842501,842501,QUÍMICA,FACULTAD DE QUÍMICA,C
2024-2025,University of Seville,Universidad De Sevilla 842405,842405,QUÍMICA + INGENIERÍA DE MATERIALES,FACULTAD DE QUÍMICA,SIN
2024-2025,University of Seville,Universidad De Sevilla 808011,808011,RELACIONES LABORALES Y RECURSOS HUMANOS,CENTRO UNIVERSITARIO DE OSUNA (ADS.),SYJ
2024-2025,University of Seville,Universidad De Sevilla 808005,808005,RELACIONES LABORALES Y RECURSOS HUMANOS,FACULTAD DE CIENCIAS DEL TRABAJO,SYJ
2024-2025,University of Seville,Universidad De Sevilla 808710,808710,TURISMO,FACULTAD DE TURISMO Y FINANZAS,SYJ
2024-2025,University of Seville,Universidad De Sevilla 808706,808706,TURISMO,CENTRO DE ESTUDIOS UNIVERSITARIOS EUSA (ADSCRITO),SYJ
2024-2025,University of Seville,Universidad De Sevilla 808725,808725,TURISMO (GRUPO EN INGLÉS),FACULTAD DE TURISMO Y FINANZAS,SYJ
2024-2025,Pablo de Olavide University,Universidad Pablo Olavide 925501,925501,ADMINISTRACIÓN Y DIRECCIÓN DE EMPRESAS,FACULTAD CIENCIAS EMPRESARIALES,SYJ
2024-2025,Pablo de Olavide University,Universidad Pablo Olavide 925529,925529,ADMINISTRACIÓN Y DIRECCIÓN DE EMPRESAS,CENTRO UNIVERSITARIO SAN ISIDORO (ADS.),SYJ
2024-2025,Pablo de Olavide University,Universidad Pablo Olavide 925607,925607,ADMINISTRACIÓN Y DIRECCIÓN DE EMPRESAS + DERECHO,FACULTAD CIENCIAS EMPRESARIALES + DERECHO,SYJ
2024-2025,Pablo de Olavide University,Universidad Pablo Olavide 925626,925626,ADMINISTRACIÓN Y DIRECCIÓN DE EMPRESAS + DERECHO,CENTRO UNIVERSITARIO SAN ISIDORO (ADS.),SYJ
2024-2025,Pablo de Olavide University,Universidad Pablo Olavide 925611,925611,ADMINISTRACIÓN Y DIRECCIÓN DE EMPRESAS + DERECHO (grupo formación bilingüe),FACULTAD CIENCIAS EMPRESARIALES + DERECHO,SYJ
2024-2025,Pablo de Olavide University,Universidad Pablo Olavide 925514,925514,ADMINISTRACIÓN Y DIRECCIÓN DE EMPRESAS (grupo formación en inglés),FACULTAD CIENCIAS EMPRESARIALES,SYJ
2024-2025,Pablo de Olavide University,Universidad Pablo Olavide 951005,951005,ANÁLISIS ECONÓMICO,FACULTAD CIENCIAS EMPRESARIALES,SYJ
2024-2025,Pablo de Olavide University,Universidad Pablo Olavide 926708,926708,BIOTECNOLOGÍA,FACULTAD CIENCIAS EXPERIMENTALES,C
2024-2025,Pablo de Olavide University,Universidad Pablo Olavide 927000,927000,CIENCIAS AMBIENTALES,FACULTAD CIENCIAS EXPERIMENTALES,C
2024-2025,Pablo de Olavide University,Universidad Pablo Olavide 927302,927302,CIENCIAS AMBIENTALES + GEOGRAFÍA E HISTORIA,FACULTAD CIENCIAS EXPERIMENTALES,SIN
2024-2025,Pablo de Olavide University,Universidad Pablo Olavide 927511,927511,CIENCIAS DE LA ACTIVIDAD FÍSICA Y DEL DEPORTE,CENTRO UNIVERSITARIO SAN ISIDORO (ADS.),SYJ
2024-2025,Pablo de Olavide University,Universidad Pablo Olavide 927507,927507,CIENCIAS DE LA ACTIVIDAD FÍSICA Y DEL DEPORTE,FACULTAD DE CIENCIAS DEL DEPORTE,SYJ
2024-2025,Pablo de Olavide University,Universidad Pablo Olavide 928500,928500,CIENCIAS POLÍTICAS Y DE LA ADMINISTRACIÓN,FACULTAD DE DERECHO,SYJ
2024-2025,Pablo de Olavide University,Universidad Pablo Olavide 929008,929008,COMUNICACIÓN,CENTRO UNIVERSITARIO SAN ISIDORO (ADS.),SYJ
2024-2025,Pablo de Olavide University,Universidad Pablo Olavide 929105,929105,COMUNICACIÓN + COMUNICACIÓN DIGITAL,CENTRO UNIVERSITARIO SAN ISIDORO (ADS.),SYJ
2024-2025,Pablo de Olavide University,Universidad Pablo Olavide 929202,929202,COMUNICACIÓN DIGITAL,CENTRO UNIVERSITARIO SAN ISIDORO (ADS.),SYJ
2024-2025,Pablo de Olavide University,Universidad Pablo Olavide 992604,992604,CRIMINOLOGÍA,FACULTAD DE DERECHO,SYJ
2024-2025,Pablo de Olavide University,Universidad Pablo Olavide 929504,929504,DERECHO,FACULTAD DE DERECHO,SYJ
2024-2025,Pablo de Olavide University,Universidad Pablo Olavide 929519,929519,DERECHO,CENTRO UNIVERSITARIO SAN ISIDORO (ADS.),SYJ
2024-2025,Pablo de Olavide University,Universidad Pablo Olavide 929806,929806,DERECHO + CIENCIAS POLÍTICAS Y DE LA ADMINISTRACIÓN,FACULTAD DE DERECHO,SYJ
2024-2025,Pablo de Olavide University,Universidad Pablo Olavide 951501,951501,DERECHO + CRIMINOLOGÍA,FACULTAD DE DERECHO,SYJ
2024-2025,Pablo de Olavide University,Universidad Pablo Olavide 929709,929709,DERECHO + FINANZAS Y CONTABILIDAD,FACULTAD DE DERECHO,SYJ
2024-2025,Pablo de Olavide University,Universidad Pablo Olavide 929903,929903,DERECHO + RELACIONES LABORALES Y RECURSOS HUMANOS,FACULTAD DE DERECHO,SYJ
2024-2025,Pablo de Olavide University,Universidad Pablo Olavide 929407,929407,DERECHO Y BACHELOR OF LAWS (UNIVERSIDAD DE BAYREUTH),FACULTAD DE DERECHO,SYJ
2024-2025,Pablo de Olavide University,Universidad Pablo Olavide 902206,902206,EDUCACIÓN SOCIAL,FACULTAD DE CIENCIAS SOCIALES,SYJ
2024-2025,Pablo de Olavide University,Universidad Pablo Olavide 902001,902001,FINANZAS Y CONTABILIDAD,FACULTAD CIENCIAS EMPRESARIALES,SYJ
2024-2025,Pablo de Olavide University,Universidad Pablo Olavide 903516,903516,FISIOTERAPIA,CENTRO UNIVERSITARIO SAN ISIDORO (ADS.),SD
2024-2025,Pablo de Olavide University,Universidad Pablo Olavide 936801,936801,GEOGRAFÍA E HISTORIA,FACULTAD DE HUMANIDADES,AYH
2024-2025,Pablo de Olavide University,Universidad Pablo Olavide 909503,909503,GEOGRAFÍA E HISTORIA + RELACIONES INTERNACIONALES,FACULTAD DE HUMANIDADES,SIN
2024-2025,Pablo de Olavide University,Universidad Pablo Olavide 938506,938506,HUMANIDADES,FACULTAD DE HUMANIDADES,AYH
2024-2025,Pablo de Olavide University,Universidad Pablo Olavide 938808,938808,HUMANIDADES + TRADUCCIÓN E INTERPRETACIÓN (INGLÉS),FACULTAD DE HUMANIDADES,AYH
2024-2025,Pablo de Olavide University,Universidad Pablo Olavide 914500,914500,INGENIERÍA INFORMÁTICA EN SISTEMAS DE INFORMACIÓN,ESCUELA POLITÉCNICA SUPERIOR,IYA
2024-2025,Pablo de Olavide University,Universidad Pablo Olavide 906200,906200,NUTRICIÓN HUMANA Y DIETÉTICA,FACULTAD CIENCIAS EXPERIMENTALES,SD
2024-2025,Pablo de Olavide University,Universidad Pablo Olavide 909007,909007,RELACIONES INTERNACIONALES,FACULTAD DE DERECHO,SYJ
2024-2025,Pablo de Olavide University,Universidad Pablo Olavide 909201,909201,RELACIONES INTERNACIONALES + CIENCIAS POLÍTICAS Y DE LA ADMINISTRACIÓN,FACULTAD DE DERECHO,SYJ
2024-2025,Pablo de Olavide University,Universidad Pablo Olavide 909104,909104,RELACIONES INTERNACIONALES + DERECHO,FACULTAD DE DERECHO,SYJ
2024-2025,Pablo de Olavide University,Universidad Pablo Olavide 908003,908003,RELACIONES LABORALES Y RECURSOS HUMANOS,FACULTAD DE DERECHO,SYJ
2024-2025,Pablo de Olavide University,Universidad Pablo Olavide 942704,942704,SOCIOLOGÍA,FACULTAD DE CIENCIAS SOCIALES,SYJ
2024-2025,Pablo de Olavide University,Universidad Pablo Olavide 999103,999103,SOCIOLOGÍA + CIENCIAS POLÍTICAS Y DE LA ADMINISTRACIÓN,FACULTAD DE CIENCIAS SOCIALES,SYJ
2024-2025,Pablo de Olavide University,Universidad Pablo Olavide 908501,908501,TRABAJO SOCIAL,FACULTAD DE CIENCIAS SOCIALES,SYJ
2024-2025,Pablo de Olavide University,Universidad Pablo Olavide 902303,902303,TRABAJO SOCIAL + EDUCACIÓN SOCIAL,FACULTAD DE CIENCIAS SOCIALES,SYJ
2024-2025,Pablo de Olavide University,Universidad Pablo Olavide 908607,908607,TRABAJO SOCIAL + SOCIOLOGÍA,FACULTAD DE CIENCIAS SOCIALES,SYJ
2024-2025,Pablo de Olavide University,Universidad Pablo Olavide 943104,943104,TRADUCCIÓN E INTERPRETACIÓN ALEMÁN,FACULTAD DE HUMANIDADES,AYH
2024-2025,Pablo de Olavide University,Universidad Pablo Olavide 909309,909309,TRADUCCIÓN E INTERPRETACIÓN ALEMÁN + RELACIONES INTERNACIONALES,FACULTAD DE HUMANIDADES,SIN
2024-2025,Pablo de Olavide University,Universidad Pablo Olavide 943201,943201,TRADUCCIÓN E INTERPRETACIÓN FRANCÉS,FACULTAD DE HUMANIDADES,AYH
2024-2025,Pablo de Olavide University,Universidad Pablo Olavide 909406,909406,TRADUCCIÓN E INTERPRETACIÓN FRANCÉS + RELACIONES INTERNACIONALES,FACULTAD DE HUMANIDADES,SIN
2024-2025,Pablo de Olavide University,Universidad Pablo Olavide 943309,943309,TRADUCCIÓN E INTERPRETACIÓN INGLÉS,FACULTAD DE HUMANIDADES,AYH
