"Código","Título","Universidad","Nivel académico","Rama","Ámbito","Estado","Detalle"
"4011000","Diplomado en Ciencias Empresariales","Varias Universidades","Ciclo Corto","Ciencias Sociales y Jurídicas","","Publicado en B.O.E.","(TITULACIÓN EXTINGUIDA)"
"4008000","Diplomado en Enfermería","Varias Universidades","Ciclo Corto","Ciencias de la Salud","","Publicado en B.O.E.","(TITULACIÓN EXTINGUIDA)"
"4009000","Diplomado en Fisioterapia","Varias Universidades","Ciclo Corto","Ciencias de la Salud","","Publicado en B.O.E.","(TITULACIÓN EXTINGUIDA)"
"4019000","Diplomado en Relaciones Laborales","Varias Universidades","Ciclo Corto","Ciencias Sociales y Jurídicas","","Publicado en B.O.E.","(TITULACIÓN EXTINGUIDA)"
"4010000","Diplomado en Trabajo Social","Varias Universidades","Ciclo Corto","Ciencias Sociales y Jurídicas","","Publicado en B.O.E.","(TITULACIÓN EXTINGUIDA)"
"1002000","Ingeniero Agrónomo","Varias Universidades","Ciclo Largo","Ingeniería y Arquitectura","","Publicado en B.O.E.","(TITULACIÓN EXTINGUIDA)"
"1002000","Ingeniero Agrónomo","Varias Universidades","Segundo Ciclo de Ciclo Largo","Ingeniería y Arquitectura","","Publicado en B.O.E.","(TITULACIÓN EXTINGUIDA)"
"1008000","Ingeniero de Telecomunicación","Varias Universidades","Segundo Ciclo de Ciclo Largo","Ingeniería y Arquitectura","","Publicado en B.O.E.","(TITULACIÓN EXTINGUIDA)"
"1008000","Ingeniero de Telecomunicación","Varias Universidades","Ciclo Largo","Ingeniería y Arquitectura","","Publicado en B.O.E.","(TITULACIÓN EXTINGUIDA)"
"1011000","Ingeniero en Informática","Varias Universidades","Ciclo Largo","Ingeniería y Arquitectura","","Publicado en B.O.E.","(TITULACIÓN EXTINGUIDA)"
"1011000","Ingeniero en Informática","Varias Universidades","Segundo Ciclo de Ciclo Largo","Ingeniería y Arquitectura","","Publicado en B.O.E.","(TITULACIÓN EXTINGUIDA)"
"1011000","Ingeniero en Informática","Varias Universidades","Sólo Segundo Ciclo","Ingeniería y Arquitectura","","Publicado en B.O.E.","(TITULACIÓN EXTINGUIDA)"
"1009000","Ingeniero Industrial","Varias Universidades","Ciclo Largo","Ingeniería y Arquitectura","","Publicado en B.O.E.","(TITULACIÓN EXTINGUIDA)"
"1009000","Ingeniero Industrial","Varias Universidades","Segundo Ciclo de Ciclo Largo","Ingeniería y Arquitectura","","Publicado en B.O.E.","(TITULACIÓN EXTINGUIDA)"
"5110000","Ingeniero Técnico Agrícola, Especialidad en Explotaciones Agropecuarias","Varias Universidades","Ciclo Corto","Ingeniería y Arquitectura","","Publicado en B.O.E.","(TITULACIÓN EXTINGUIDA)"
"5111000","Ingeniero Técnico Agrícola, Especialidad en Hortofruticultura y Jardinería","Varias Universidades","Ciclo Corto","Ingeniería y Arquitectura","","Publicado en B.O.E.","(TITULACIÓN EXTINGUIDA)"
"5112000","Ingeniero Técnico Agrícola, Especialidad en Industrias Agrarias y Alimentarias","Varias Universidades","Ciclo Corto","Ingeniería y Arquitectura","","Publicado en B.O.E.","(TITULACIÓN EXTINGUIDA)"
"5101000","Ingeniero Técnico de Telecomunicación, Especialidad en Sonido e Imagen","Varias Universidades","Ciclo Corto","Ingeniería y Arquitectura","","Publicado en B.O.E.","(TITULACIÓN EXTINGUIDA)"
"5048000","Ingeniero Técnico en Informática de Gestión","Varias Universidades","Ciclo Corto","Ingeniería y Arquitectura","","Publicado en B.O.E.","(TITULACIÓN EXTINGUIDA)"
"5098000","Ingeniero Técnico Industrial, Especialidad en Electricidad","Varias Universidades","Ciclo Corto","Ingeniería y Arquitectura","","Publicado en B.O.E.","(TITULACIÓN EXTINGUIDA)"
"5095000","Ingeniero Técnico Industrial, Especialidad en Mecánica","Varias Universidades","Ciclo Corto","Ingeniería y Arquitectura","","Publicado en B.O.E.","(TITULACIÓN EXTINGUIDA)"
"3037000","Licenciado en Administración y Dirección de Empresas","Varias Universidades","Segundo Ciclo de Ciclo Largo","Ciencias Sociales y Jurídicas","","Publicado en B.O.E.","(TITULACIÓN EXTINGUIDA)"
"3037000","Licenciado en Administración y Dirección de Empresas","Varias Universidades","Sólo Segundo Ciclo","Ciencias Sociales y Jurídicas","","Publicado en B.O.E.","(TITULACIÓN EXTINGUIDA)"
"3037000","Licenciado en Administración y Dirección de Empresas","Varias Universidades","Ciclo Largo","Ciencias Sociales y Jurídicas","","Publicado en B.O.E.","(TITULACIÓN EXTINGUIDA)"
"3024000","Licenciado en Derecho","Varias Universidades","Ciclo Largo","Ciencias Sociales y Jurídicas","","Publicado en B.O.E.","(TITULACIÓN EXTINGUIDA)"
"3024000","Licenciado en Derecho","Varias Universidades","Segundo Ciclo de Ciclo Largo","Ciencias Sociales y Jurídicas","","Publicado en B.O.E.","(TITULACIÓN EXTINGUIDA)"
"3038000","Licenciado en Economía","Varias Universidades","Segundo Ciclo de Ciclo Largo","Ciencias Sociales y Jurídicas","","Publicado en B.O.E.","(TITULACIÓN EXTINGUIDA)"
"3038000","Licenciado en Economía","Varias Universidades","Ciclo Largo","Ciencias Sociales y Jurídicas","","Publicado en B.O.E.","(TITULACIÓN EXTINGUIDA)"
"3041000","Licenciado en Sociología","Varias Universidades","Ciclo Largo","Ciencias Sociales y Jurídicas","","Publicado en B.O.E.","(TITULACIÓN EXTINGUIDA)"
"3041000","Licenciado en Sociología","Varias Universidades","Segundo Ciclo de Ciclo Largo","Ciencias Sociales y Jurídicas","","Publicado en B.O.E.","(TITULACIÓN EXTINGUIDA)"
"4030000","Maestro-Especialidad de Educación Infantil","Varias Universidades","Ciclo Corto","Ciencias Sociales y Jurídicas","","Publicado en B.O.E.","(TITULACIÓN EXTINGUIDA)"
"4034000","Maestro-Especialidad de Educación Musical","Varias Universidades","Ciclo Corto","Ciencias Sociales y Jurídicas","","Publicado en B.O.E.","(TITULACIÓN EXTINGUIDA)"
"4031000","Maestro-Especialidad de Educación Primaria","Varias Universidades","Ciclo Corto","Ciencias Sociales y Jurídicas","","Publicado en B.O.E.","(TITULACIÓN EXTINGUIDA)"
"4032000","Maestro-Especialidad de Lengua Extranjera","Varias Universidades","Ciclo Corto","Ciencias Sociales y Jurídicas","","Publicado en B.O.E.","(TITULACIÓN EXTINGUIDA)"
"4000941","Doctor en Programa Oficial de Posgrado en agrobiología ambiental","Universidad Pública de Navarra","Doctor - RD 56/2005 (2)","","","Autorizado por Comunidad Aut&oacute;noma","(TITULACIÓN EXTINGUIDA)"
"4000602","Doctor en Programa Oficial de Posgrado en Biotecnología","Universidad Pública de Navarra","Doctor - RD 56/2005 (2)","","","Autorizado por Comunidad Aut&oacute;noma","(TITULACIÓN EXTINGUIDA)"
"4000605","Doctor en Programa Oficial de Posgrado en Energías Renovables: Generación Eléctrica","Universidad Pública de Navarra","Doctor - RD 56/2005 (2)","","","Autorizado por Comunidad Aut&oacute;noma","(TITULACIÓN EXTINGUIDA)"
"4000832","Doctor en Programa Oficial de Posgrado en física, química y materiales","(Conjunto)","Doctor - RD 56/2005 (2)","","","Autorizado por Comunidad Aut&oacute;noma","(TITULACIÓN EXTINGUIDA)"
"4000606","Doctor en Programa Oficial de Posgrado en Historia, Espacio y Patrimonio","Universidad Pública de Navarra","Doctor - RD 56/2005 (2)","","","Autorizado por Comunidad Aut&oacute;noma","(TITULACIÓN EXTINGUIDA)"
"4000604","Doctor en Programa Oficial de Posgrado en Ingeniería de Materiales y Fabricación","Universidad Pública de Navarra","Doctor - RD 56/2005 (2)","","","Autorizado por Comunidad Aut&oacute;noma","(TITULACIÓN EXTINGUIDA)"
"4000944","Doctor en Programa Oficial de Posgrado en matemática avanzada y profesional","Universidad Pública de Navarra","Doctor - RD 56/2005 (2)","","","Autorizado por Comunidad Aut&oacute;noma","(TITULACIÓN EXTINGUIDA)"
"4000942","Doctor en Programa Oficial de Posgrado en química sintética e industrial","Universidad Pública de Navarra","Doctor - RD 56/2005 (2)","","","Autorizado por Comunidad Aut&oacute;noma","(TITULACIÓN EXTINGUIDA)"
"4000611","Doctor en Programa Oficial de Posgrado en Tecnologías Avanzadas de Diseño","Universidad Pública de Navarra","Doctor - RD 56/2005 (2)","","","Autorizado por Comunidad Aut&oacute;noma","(TITULACIÓN EXTINGUIDA)"
"4000608","Doctor en Programa Oficial de Posgrado en Tecnologías de las Comunicaciones","Universidad Pública de Navarra","Doctor - RD 56/2005 (2)","","","Autorizado por Comunidad Aut&oacute;noma","(TITULACIÓN EXTINGUIDA)"
"4000609","Doctor en Programa Oficial de Posgrado en Trabajo Social","Universidad Pública de Navarra","Doctor - RD 56/2005 (2)","","","Autorizado por Comunidad Aut&oacute;noma","(TITULACIÓN EXTINGUIDA)"
"4000943","Doctor en Programa Oficial de Posgrado en transmisión y construcción del conocimiento musical","Universidad Pública de Navarra","Doctor - RD 56/2005 (2)","","","Autorizado por Comunidad Aut&oacute;noma","(TITULACIÓN EXTINGUIDA)"
"5600410","Programa de Doctorado en Agroalimentación por la Universidad Pública de Navarra","Universidad Pública de Navarra","Doctor - RD 99/2011 (0)","","","Publicado en B.O.E.","(TITULACIÓN RENOVADA)"
"5600937","Programa de Doctorado en Agrobiología Ambiental por la Universidad del País Vasco/Euskal Herriko Unibertsitatea y la Universidad Pública de Navarra","(Conjunto)","Doctor - RD 99/2011 (0)","","","Publicado en B.O.E.","(TITULACIÓN RENOVADA)"
"5600411","Programa de Doctorado en Biotecnología por la Universidad Pública de Navarra","Universidad Pública de Navarra","Doctor - RD 99/2011 (0)","","","Publicado en B.O.E.","(TITULACIÓN RENOVADA)"
"5600412","Programa de Doctorado en Ciencias de la Salud por la Universidad Pública de Navarra","Universidad Pública de Navarra","Doctor - RD 99/2011 (0)","","","Publicado en B.O.E.","(TITULACIÓN RENOVADA)"
"5600413","Programa de Doctorado en Ciencias y Tecnologías Industriales por la Universidad Pública de Navarra","Universidad Pública de Navarra","Doctor - RD 99/2011 (0)","","","Publicado en B.O.E.","(TITULACIÓN RENOVADA)"
"5600726","Programa de Doctorado en Derecho Privado por la Universidad de Salamanca y la Universidad Pública de Navarra","(Conjunto)","Doctor - RD 99/2011 (0)","","","Publicado en B.O.E.","(TITULACIÓN RENOVADA)"
"5600414","Programa de Doctorado en Economía, Empresa y Derecho por la Universidad Pública de Navarra","Universidad Pública de Navarra","Doctor - RD 99/2011 (0)","","","Publicado en B.O.E.","(TITULACIÓN RENOVADA)"
"5600272","Programa de Doctorado en Economía, Organización y Gestión (Business Economics) / Doctorate Program in Economics, Management and Organization por la Universidad Autónoma de Barcelona; la Universidad Pública de Navarra y la Universitat de les Illes Balears","(Conjunto)","Doctor - RD 99/2011 (0)","","","Publicado en B.O.E.","(TITULACIÓN RENOVADA POR ACREDITACIÓN INSTITUCIONAL)"
"5601001","Programa de Doctorado en Humanidades y Ciencias Sociales por la Universidad Pública de Navarra","Universidad Pública de Navarra","Doctor - RD 99/2011 (0)","","","Publicado en B.O.E.","(TITULACIÓN RENOVADA)"
"5600647","Programa de Doctorado en Matemáticas y Estadística por la Universidad de La Laguna; la Universidad de Oviedo; la Universidad de Zaragoza; la Universidad del País Vasco/Euskal Herriko Unibertsitatea y la Universidad Pública de Navarra","(Conjunto)","Doctor - RD 99/2011 (0)","","","Publicado en B.O.E.","(TITULACIÓN RENOVADA)"
"5601241","Programa de Doctorado en Patrimonio, Sociedades y Espacios de Frontera por la Universidad de La Rioja; la Universidad de Lleida; la Universidad de Zaragoza y la Universidad Pública de Navarra","(Conjunto)","Doctor - RD 99/2011 (0)","","","Publicado en B.O.E.","(TITULACIÓN RENOVADA)"
"5600980","Programa de Doctorado en Química Sintética e Industrial por la Universidad del País Vasco/Euskal Herriko Unibertsitatea y la Universidad Pública de Navarra","(Conjunto)","Doctor - RD 99/2011 (0)","","","Publicado en B.O.E.","(TITULACIÓN RENOVADA)"
"5601514","Programa de Doctorado en Salud Global: Determinantes e Interacción de la Salud Humana, Animal y Ambiental por la Universidad de La Rioja; la Universidad de Lleida; la Universidad de Zaragoza y la Universidad Pública de Navarra","(Conjunto)","Doctor - RD 99/2011 (0)","","","Publicado en B.O.E.",""
"5601424","Programa de Doctorado en Sistemas Eficientes de Producción y Calidad Agroalimentaria por la Universidad de La Rioja; la Universidad de Lleida; la Universidad de Zaragoza y la Universidad Pública de Navarra","(Conjunto)","Doctor - RD 99/2011 (0)","","","Publicado en B.O.E.",""
"5600814","Programa de Doctorado en Tecnologías de las Comunicaciones, Bioingeniería y de las Energías Renovables por la Universidad Pública de Navarra","Universidad Pública de Navarra","Doctor - RD 99/2011 (0)","","","Publicado en B.O.E.","(TITULACIÓN RENOVADA)"
"5601308","Programa de Doctorado en Trabajo Social por la Universidad de Murcia; la Universidad Pública de Navarra y la Universidad Rovira i Virgili","(Conjunto)","Doctor - RD 99/2011 (0)","","","Publicado en B.O.E.","(TITULACIÓN RENOVADA)"
"5310756","Programa Oficial de Doctorado en Agrobiología Ambiental","(Conjunto)","Doctor - RD 1393/2007 (1)","","","Publicado en B.O.E.","(TITULACIÓN EXTINGUIDA)"
"5311522","Programa Oficial de Doctorado en Artes y Humanidades","Universidad Pública de Navarra","Doctor - RD 1393/2007 (1)","","","Publicado en B.O.E.","(TITULACIÓN EXTINGUIDA)"
"5311523","Programa Oficial de Doctorado en Biotecnología","Universidad Pública de Navarra","Doctor - RD 1393/2007 (1)","","","Publicado en B.O.E.","(TITULACIÓN EXTINGUIDA)"
"5310987","Programa Oficial de Doctorado en Ciencias","Universidad Pública de Navarra","Doctor - RD 1393/2007 (1)","","","Publicado en B.O.E.","(TITULACIÓN EXTINGUIDA)"
"5311524","Programa Oficial de Doctorado en Ciencias de la Salud","Universidad Pública de Navarra","Doctor - RD 1393/2007 (1)","","","Publicado en B.O.E.","(TITULACIÓN EXTINGUIDA)"
"5311525","Programa Oficial de Doctorado en Ciencias Sociales y Jurídicas","Universidad Pública de Navarra","Doctor - RD 1393/2007 (1)","","","Publicado en B.O.E.","(TITULACIÓN EXTINGUIDA)"
"5310568","Programa Oficial de Doctorado en Derecho Privado Patrimonial","(Conjunto)","Doctor - RD 1393/2007 (1)","","","Publicado en B.O.E.","(TITULACIÓN EXTINGUIDA)"
"5311526","Programa Oficial de Doctorado en Desarrollo de las Capacidades Musicales","Universidad Pública de Navarra","Doctor - RD 1393/2007 (1)","","","Publicado en B.O.E.","(TITULACIÓN EXTINGUIDA)"
"5311642","Programa Oficial de Doctorado en Dinámicas de Cambio en las Sociedades Modernas Avanzadas","Universidad Pública de Navarra","Doctor - RD 1393/2007 (1)","","","Publicado en B.O.E.","(TITULACIÓN EXTINGUIDA)"
"5311283","Programa Oficial de Doctorado en Economía, Organización y Gestión (Business Economics)","(Conjunto)","Doctor - RD 1393/2007 (1)","","","Publicado en B.O.E.","(TITULACIÓN EXTINGUIDA)"
"5311527","Programa Oficial de Doctorado en Energías Renovables","Universidad Pública de Navarra","Doctor - RD 1393/2007 (1)","","","Publicado en B.O.E.","(TITULACIÓN EXTINGUIDA)"
"5311643","Programa Oficial de Doctorado en Ingeniería de Materiales y Fabricación","Universidad Pública de Navarra","Doctor - RD 1393/2007 (1)","","","Publicado en B.O.E.","(TITULACIÓN EXTINGUIDA)"
"5311567","Programa Oficial de Doctorado en Ingeniería Mecánica Aplicada y Computacional","Universidad Pública de Navarra","Doctor - RD 1393/2007 (1)","","","Publicado en B.O.E.","(TITULACIÓN EXTINGUIDA)"
"5310989","Programa Oficial de Doctorado en Ingeniería y Arquitectura","Universidad Pública de Navarra","Doctor - RD 1393/2007 (1)","","","Publicado en B.O.E.","(TITULACIÓN EXTINGUIDA)"
"5311644","Programa Oficial de Doctorado en Intervención Social y Estado de Bienestar","Universidad Pública de Navarra","Doctor - RD 1393/2007 (1)","","","Publicado en B.O.E.","(TITULACIÓN EXTINGUIDA)"
"5310990","Programa Oficial de Doctorado en Métodos Matemáticos y sus Aplicaciones","Universidad Pública de Navarra","Doctor - RD 1393/2007 (1)","","","Publicado en B.O.E.","(TITULACIÓN EXTINGUIDA)"
"5310991","Programa Oficial de Doctorado en Prevención de Riesgos Laborales","Universidad Pública de Navarra","Doctor - RD 1393/2007 (1)","","","Publicado en B.O.E.","(TITULACIÓN EXTINGUIDA)"
"5310789","Programa Oficial de Doctorado en Química Sintética e Industrial","(Conjunto)","Doctor - RD 1393/2007 (1)","","","Publicado en B.O.E.","(TITULACIÓN EXTINGUIDA)"
"5310834","Programa Oficial de Doctorado en Química Sostenible por la Universidad de Castilla-La Mancha; la Universidad de Extremadura; la Universidad Jaume I de Castellón; la Universidad Pública de Navarra; la Universitat de València (Estudi General) y la Universitat Politècnica de València","(Conjunto)","Doctor - RD 1393/2007 (1)","","","Publicado en B.O.E.","(TITULACIÓN EXTINGUIDA)"
"5311645","Programa Oficial de Doctorado en Salud Pública","Universidad Pública de Navarra","Doctor - RD 1393/2007 (1)","","","Publicado en B.O.E.","(TITULACIÓN EXTINGUIDA)"
"5311646","Programa Oficial de Doctorado en Tecnología y Calidad en las Industrias Agroalimentarias","Universidad Pública de Navarra","Doctor - RD 1393/2007 (1)","","","Publicado en B.O.E.","(TITULACIÓN EXTINGUIDA)"
"5310994","Programa Oficial de Doctorado en Tecnologías de las Comunicaciones","Universidad Pública de Navarra","Doctor - RD 1393/2007 (1)","","","Publicado en B.O.E.","(TITULACIÓN EXTINGUIDA)"
"2501666","Graduado o Graduada en Administración y Dirección de Empresas por la Universidad Pública de Navarra","Universidad Pública de Navarra","Grado - RD 822/2021 (2)","Ciencias Sociales y Jurídicas","Ciencias económicas, administración y dirección de empresas, márquetin, comercio, contabilidad y turismo","Publicado en B.O.E.","(TITULACIÓN RENOVADA POR ACREDITACIÓN INSTITUCIONAL)"
"2503673","Graduado o Graduada en Biotecnología por la Universidad Pública de Navarra","Universidad Pública de Navarra","Grado - RD 822/2021 (2)","Ciencias","Bioquímica y biotecnología","Publicado en B.O.E.","(TITULACIÓN RENOVADA POR ACREDITACIÓN INSTITUCIONAL)"
"2503690","Graduado o Graduada en Ciencia de Datos por la Universidad Pública de Navarra","Universidad Pública de Navarra","Grado - RD 822/2021 (2)","Ciencias","Matemáticas y estadística","Publicado en B.O.E.","(TITULACIÓN RENOVADA POR ACREDITACIÓN INSTITUCIONAL)"
"2504719","Graduado o Graduada en Ciencias de la Actividad Física y del Deporte por la Universidad Pública de Navarra","Universidad Pública de Navarra","Grado - RD 1393/2007 (1)","Ciencias de la Salud","","Publicado en B.O.E.","(TITULACIÓN RENOVADA POR ACREDITACIÓN INSTITUCIONAL)"
"2503689","Graduado o Graduada en Ciencias por la Universidad Pública de Navarra","Universidad Pública de Navarra","Grado - RD 822/2021 (2)","Ciencias","Interdisciplinar","Publicado en B.O.E.","(TITULACIÓN RENOVADA POR ACREDITACIÓN INSTITUCIONAL)"
"2501297","Graduado o Graduada en Derecho por la Universidad Pública de Navarra","Universidad Pública de Navarra","Grado - RD 822/2021 (2)","Ciencias Sociales y Jurídicas","Derecho y especialidades jurídicas","Publicado en B.O.E.","(TITULACIÓN RENOVADA POR ACREDITACIÓN INSTITUCIONAL)"
"2501529","Graduado o Graduada en Economía por la Universidad Pública de Navarra","Universidad Pública de Navarra","Grado - RD 822/2021 (2)","Ciencias Sociales y Jurídicas","Ciencias económicas, administración y dirección de empresas, márquetin, comercio, contabilidad y turismo","Publicado en B.O.E.","(TITULACIÓN RENOVADA POR ACREDITACIÓN INSTITUCIONAL)"
"2501665","Graduado o Graduada en Enfermería por la Universidad Pública de Navarra","Universidad Pública de Navarra","Grado - RD 1393/2007 (1)","Ciencias de la Salud","Enfermería","Publicado en B.O.E.","(TITULACIÓN RENOVADA POR ACREDITACIÓN INSTITUCIONAL)"
"2502408","Graduado o Graduada en Fisioterapia por la Universidad Pública de Navarra","Universidad Pública de Navarra","Grado - RD 822/2021 (2)","Ciencias de la Salud","Fisioterapia, podología, nutrición y dietética, terapia ocupacional, óptica y optometría y logopedia","Publicado en B.O.E.","(TITULACIÓN RENOVADA POR ACREDITACIÓN INSTITUCIONAL)"
"2503751","Graduado o Graduada en Historia y Patrimonio por la Universidad Pública de Navarra","Universidad Pública de Navarra","Grado - RD 1393/2007 (1)","Artes y Humanidades","Historia, arqueología, geografía, filosofía y humanidades","Publicado en B.O.E.","(TITULACIÓN RENOVADA POR ACREDITACIÓN INSTITUCIONAL)"
"2501489","Graduado o Graduada en Ingeniería Agroalimentaria y del Medio Rural por la Universidad Pública de Navarra","Universidad Pública de Navarra","Grado - RD 822/2021 (2)","Ingeniería y Arquitectura","Ingeniería química, ingeniería de los materiales e ingeniería del medio natural","Publicado en B.O.E.","(TITULACIÓN RENOVADA POR ACREDITACIÓN INSTITUCIONAL)"
"2503691","Graduado o Graduada en Ingeniería Biomédica por la Universidad Pública de Navarra","Universidad Pública de Navarra","Grado - RD 1393/2007 (1)","Ingeniería y Arquitectura","Ingeniería eléctrica, ingeniería electrónica e ingeniería de la telecomunicación","Publicado en B.O.E.","(TITULACIÓN RENOVADA POR ACREDITACIÓN INSTITUCIONAL)"
"2502738","Graduado o Graduada en Ingeniería Eléctrica y Electrónica por la Universidad Pública de Navarra","Universidad Pública de Navarra","Grado - RD 1393/2007 (1)","Ingeniería y Arquitectura","Ingeniería industrial, ingeniería mecánica, ingeniería automática, ingeniería de la organización industrial e ingeniería de la navegación","Publicado en B.O.E.","(TITULACIÓN RENOVADA POR ACREDITACIÓN INSTITUCIONAL)"
"2502167","Graduado o Graduada en Ingeniería Electromecánica","Universidad Pública de Navarra","Grado - RD 1393/2007 (1)","Ingeniería y Arquitectura","","Publicado en B.O.E.","(TITULACIÓN EXTINGUIDA)"
"2502168","Graduado o Graduada en Ingeniería en Diseño Mecánico por la Universidad Pública de Navarra","Universidad Pública de Navarra","Grado - RD 1393/2007 (1)","Ingeniería y Arquitectura","Ingeniería industrial, ingeniería mecánica, ingeniería automática, ingeniería de la organización industrial e ingeniería de la navegación","Publicado en B.O.E.","(TITULACIÓN RENOVADA POR ACREDITACIÓN INSTITUCIONAL)"
"2501669","Graduado o Graduada en Ingeniería en Tecnologías de Telecomunicación por la Universidad Pública de Navarra","Universidad Pública de Navarra","Grado - RD 1393/2007 (1)","Ingeniería y Arquitectura","Ingeniería eléctrica, ingeniería electrónica e ingeniería de la telecomunicación","Publicado en B.O.E.","(TITULACIÓN RENOVADA POR ACREDITACIÓN INSTITUCIONAL)"
"2502493","Graduado o Graduada en Ingeniería en Tecnologías Industriales por la Universidad Pública de Navarra","Universidad Pública de Navarra","Grado - RD 1393/2007 (1)","Ingeniería y Arquitectura","","Publicado en B.O.E.","(TITULACIÓN RENOVADA POR ACREDITACIÓN INSTITUCIONAL)"
"2501490","Graduado o Graduada en Ingeniería Informática por la Universidad Pública de Navarra","Universidad Pública de Navarra","Grado - RD 1393/2007 (1)","Ingeniería y Arquitectura","Ingeniería informática y de sistemas","Publicado en B.O.E.","(TITULACIÓN RENOVADA POR ACREDITACIÓN INSTITUCIONAL)"
"2502737","Graduado o Graduada en Ingeniería Mecánica por la Universidad Pública de Navarra","Universidad Pública de Navarra","Grado - RD 1393/2007 (1)","Ingeniería y Arquitectura","Ingeniería industrial, ingeniería mecánica, ingeniería automática, ingeniería de la organización industrial e ingeniería de la navegación","Publicado en B.O.E.","(TITULACIÓN RENOVADA POR ACREDITACIÓN INSTITUCIONAL)"
"1500101","Graduado o Graduada en Ingeniería Térmica por la Universidad Pública de Navarra","Universidad Pública de Navarra","Grado - RD 822/2021 (2)","Ingeniería y Arquitectura","Ingeniería industrial, ingeniería mecánica, ingeniería automática, ingeniería de la organización industrial e ingeniería de la navegación","Publicado en B.O.E.","(TITULACIÓN RENOVADA POR ACREDITACIÓN INSTITUCIONAL)"
"2502752","Graduado o Graduada en Innovación de Procesos y Productos Alimentarios por la Universidad Pública de Navarra","Universidad Pública de Navarra","Grado - RD 1393/2007 (1)","Ingeniería y Arquitectura","Ciencias agrarias y tecnología de los alimentos","Publicado en B.O.E.","(TITULACIÓN RENOVADA POR ACREDITACIÓN INSTITUCIONAL)"
"2500407","Graduado o Graduada en Maestro en Educación Infantil por la Universidad Pública de Navarra","Universidad Pública de Navarra","Grado - RD 1393/2007 (1)","Ciencias Sociales y Jurídicas","Ciencias de la educación","Publicado en B.O.E.","(TITULACIÓN RENOVADA POR ACREDITACIÓN INSTITUCIONAL)"
"2500408","Graduado o Graduada en Maestro en Educación Primaria por la Universidad Pública de Navarra","Universidad Pública de Navarra","Grado - RD 1393/2007 (1)","Ciencias Sociales y Jurídicas","Ciencias de la educación","Publicado en B.O.E.","(TITULACIÓN RENOVADA POR ACREDITACIÓN INSTITUCIONAL)"
"2503909","Graduado o Graduada en Medicina por la Universidad Pública de Navarra","Universidad Pública de Navarra","Grado - RD 1393/2007 (1)","Ciencias de la Salud","","Publicado en B.O.E.","(TITULACIÓN RENOVADA POR ACREDITACIÓN INSTITUCIONAL)"
"2503750","Graduado o Graduada en Psicología por la Universidad Pública de Navarra","Universidad Pública de Navarra","Grado - RD 1393/2007 (1)","Ciencias de la Salud","Ciencias del comportamiento y psicología","Publicado en B.O.E.","(TITULACIÓN RENOVADA POR ACREDITACIÓN INSTITUCIONAL)"
"2501298","Graduado o Graduada en Relaciones Laborales y Recursos Humanos por la Universidad Pública de Navarra","Universidad Pública de Navarra","Grado - RD 822/2021 (2)","Ciencias Sociales y Jurídicas","Ciencias sociales, trabajo social, relaciones laborales y recursos humanos, sociología, ciencia política y relaciones internacionales","Publicado en B.O.E.","(TITULACIÓN RENOVADA POR ACREDITACIÓN INSTITUCIONAL)"
"2501667","Graduado o Graduada en Sociología Aplicada por la Universidad Pública de Navarra","Universidad Pública de Navarra","Grado - RD 822/2021 (2)","Ciencias Sociales y Jurídicas","Ciencias sociales, trabajo social, relaciones laborales y recursos humanos, sociología, ciencia política y relaciones internacionales","Publicado en B.O.E.","(TITULACIÓN RENOVADA POR ACREDITACIÓN INSTITUCIONAL)"
"2501668","Graduado o Graduada en Trabajo Social por la Universidad Pública de Navarra","Universidad Pública de Navarra","Grado - RD 822/2021 (2)","Ciencias Sociales y Jurídicas","Ciencias sociales, trabajo social, relaciones laborales y recursos humanos, sociología, ciencia política y relaciones internacionales","Publicado en B.O.E.","(TITULACIÓN RENOVADA POR ACREDITACIÓN INSTITUCIONAL)"
"4313592","Máster Universitario en Acceso a la Abogacía y a la Procura por la Universidad Pública de Navarra","Universidad Pública de Navarra","Máster - RD 1393/2007 (1)","Ciencias Sociales y Jurídicas","","Publicado en B.O.E.","(TITULACIÓN RENOVADA POR ACREDITACIÓN INSTITUCIONAL)"
"3000736","Máster Universitario en Agrobiología Ambiental","(Conjunto)","Máster - RD 56/2005 (2)","Ciencias","","Autorizado por Comunidad Aut&oacute;noma","(TITULACIÓN EXTINGUIDA)"
"4311617","Máster Universitario en Agrobiología Ambiental por la Universidad del País Vasco/Euskal Herriko Unibertsitatea y la Universidad Pública de Navarra","(Conjunto)","Máster - RD 1393/2007 (1)","Ciencias","Ciencias medioambientales y ecología","Publicado en B.O.E.","(TITULACIÓN RENOVADA POR ACREDITACIÓN INSTITUCIONAL)"
"4311907","Máster Universitario en Agrobiotecnología","Universidad Pública de Navarra","Máster - RD 1393/2007 (1)","Ciencias","","Publicado en B.O.E.","(TITULACIÓN EXTINGUIDA)"
"4313135","Máster universitario en Análisis Económico y Financiero por la Universidad Pública de Navarra","Universidad Pública de Navarra","Máster - RD 1393/2007 (1)","Ciencias Sociales y Jurídicas","","Publicado en B.O.E.","(TITULACIÓN EXTINGUIDA)"
"4318503","Máster Universitario en Asesoramiento Fiscal, Laboral y Contable por la Universidad Pública de Navarra","Universidad Pública de Navarra","Máster - RD 1393/2007 (1)","Ciencias Sociales y Jurídicas","","Publicado en B.O.E.","(TITULACIÓN RENOVADA POR ACREDITACIÓN INSTITUCIONAL)"
"3000737","Máster Universitario en Bienestar Social: Intervención Individual, Familiar y de Grupo","Universidad Pública de Navarra","Máster - RD 56/2005 (2)","Ciencias Sociales y Jurídicas","","Autorizado por Comunidad Aut&oacute;noma","(TITULACIÓN EXTINGUIDA)"
"3001342","Máster Universitario en Biotecnología","Universidad Pública de Navarra","Máster - RD 56/2005 (2)","Ciencias Sociales y Jurídicas","","Autorizado por Comunidad Aut&oacute;noma","(TITULACIÓN EXTINGUIDA)"
"3500105","Máster Universitario en Ciberseguridad por la Universidad Pública de Navarra","Universidad Pública de Navarra","Máster - RD 822/2021 (3)","Ingeniería y Arquitectura","Ingeniería informática y de sistemas","Publicado en B.O.E.","(TITULACIÓN RENOVADA POR ACREDITACIÓN INSTITUCIONAL)"
"3000721","Máster Universitario en Ciencias de la Salud: Especialidad en Gestión de Cuidados de Enfermería.","Universidad Pública de Navarra","Máster - RD 56/2005 (2)","Artes y Humanidades","","Autorizado por Comunidad Aut&oacute;noma","(TITULACIÓN EXTINGUIDA)"
"3000722","Máster Universitario en Ciencias de la Salud: Especialidad en Salud Pública","Universidad Pública de Navarra","Máster - RD 56/2005 (2)","Artes y Humanidades","","Autorizado por Comunidad Aut&oacute;noma","(TITULACIÓN EXTINGUIDA)"
"3000723","Máster Universitario en Ciencias de la Salud: Especialidad Iniciación a la Investigación en Ciencias de la Salud","Universidad Pública de Navarra","Máster - RD 56/2005 (2)","Artes y Humanidades","","Autorizado por Comunidad Aut&oacute;noma","(TITULACIÓN EXTINGUIDA)"
"3000727","Máster Universitario en Comunicaciones","Universidad Pública de Navarra","Máster - RD 56/2005 (2)","Artes y Humanidades","","Autorizado por Comunidad Aut&oacute;noma","(TITULACIÓN EXTINGUIDA)"
"4310301","Máster Universitario en Comunicaciones","Universidad Pública de Navarra","Máster - RD 1393/2007 (1)","Ingeniería y Arquitectura","","Publicado en B.O.E.","(TITULACIÓN EXTINGUIDA)"
"4318489","Máster Universitario en Comunicaciones Avanzadas y Visión Artificial por la Universidad Pública de Navarra","Universidad Pública de Navarra","Máster - RD 1393/2007 (1)","Ingeniería y Arquitectura","","Publicado en B.O.E.","(TITULACIÓN RENOVADA POR ACREDITACIÓN INSTITUCIONAL)"
"4310324","Máster Universitario en Derecho Privado Patrimonial","(Conjunto)","Máster - RD 1393/2007 (1)","Ciencias Sociales y Jurídicas","","Publicado en B.O.E.","(TITULACIÓN EXTINGUIDA)"
"4314296","Máster Universitario en Derecho Privado Patrimonial por la Universidad de Salamanca y la Universidad Pública de Navarra","(Conjunto)","Máster - RD 1393/2007 (1)","Ciencias Sociales y Jurídicas","","Publicado en B.O.E.","(TITULACIÓN RENOVADA)"
"4311911","Máster Universitario en Desarrollo de las Capacidades Musicales","Universidad Pública de Navarra","Máster - RD 1393/2007 (1)","Ciencias Sociales y Jurídicas","","Publicado en B.O.E.","(TITULACIÓN EXTINGUIDA)"
"4311110","Máster Universitario en Dinámicas de Cambio en las Sociedades Modernas Avanzadas por la Universidad Pública de Navarra","Universidad Pública de Navarra","Máster - RD 1393/2007 (1)","Ciencias Sociales y Jurídicas","","Publicado en B.O.E.","(TITULACIÓN EXTINGUIDA)"
"4313416","Máster Universitario en Dirección de Empresas por la Universidad Pública de Navarra","Universidad Pública de Navarra","Máster - RD 822/2021 (3)","Ciencias Sociales y Jurídicas","Ciencias económicas, administración y dirección de empresas, márquetin, comercio, contabilidad y turismo","Publicado en B.O.E.","(TITULACIÓN RENOVADA POR ACREDITACIÓN INSTITUCIONAL)"
"4311191","Máster Universitario en Dirección de Proyectos por la Universidad de La Rioja; la Universidad de Oviedo y la Universidad Pública de Navarra","(Conjunto)","Máster - RD 1393/2007 (1)","Ingeniería y Arquitectura","","Publicado en B.O.E.","(TITULACIÓN RENOVADA)"
"4317543","Máster Universitario en Economía Circular  por la Universidad de La Rioja; la Universidad de Lleida; la Universidad de Zaragoza y la Universidad Pública de Navarra","(Conjunto)","Máster - RD 1393/2007 (1)","Ciencias","","Publicado en B.O.E.","(TITULACIÓN A EXTINGUIR)"
"3500345","Máster Universitario en Economía Circular por la Universidad de La Rioja; la Universidad de Lleida; la Universidad de Zaragoza y la Universidad Pública de Navarra","(Conjunto)","Máster - RD 822/2021 (3)","Ciencias","Interdisciplinar","Publicado en B.O.E.","(TITULACIÓN RENOVADA POR ACREDITACIÓN INSTITUCIONAL)"
"3500311","Máster Universitario en Energías Renovables: Conversión Eléctrica e Integración en Red de Sistemas Eólicos y Fotovoltaicos por la Universidad Pública de Navarra","Universidad Pública de Navarra","Máster - RD 822/2021 (3)","Ingeniería y Arquitectura","Ingeniería eléctrica, ingeniería electrónica e ingeniería de la telecomunicación","Publicado en B.O.E.","(TITULACIÓN RENOVADA POR ACREDITACIÓN INSTITUCIONAL)"
"3000731","Máster Universitario en Energías Renovables: Generación Eléctrica","Universidad Pública de Navarra","Máster - RD 56/2005 (2)","Ingeniería y Arquitectura","","Autorizado por Comunidad Aut&oacute;noma","(TITULACIÓN EXTINGUIDA)"
"4311914","Máster Universitario en Energías Renovables: Generación Eléctrica por la Universidad Pública de Navarra","Universidad Pública de Navarra","Máster - RD 1393/2007 (1)","Ingeniería y Arquitectura","","Publicado en B.O.E.","(TITULACIÓN RENOVADA POR ACREDITACIÓN INSTITUCIONAL)"
"4317186","Máster Universitario en Enología Innovadora por la Universidad del País Vasco/Euskal Herriko Unibertsitatea y la Universidad Pública de Navarra","(Conjunto)","Máster - RD 1393/2007 (1)","Ciencias","Ciencias agrarias y tecnología de los alimentos","Publicado en B.O.E.","(TITULACIÓN RENOVADA POR ACREDITACIÓN INSTITUCIONAL)"
"4311912","Máster Universitario en Estudios Avanzados en Historia, Espacio y Patrimonio por la Universidad Pública de Navarra","Universidad Pública de Navarra","Máster - RD 1393/2007 (1)","Ciencias Sociales y Jurídicas","","Publicado en B.O.E.","(TITULACIÓN EXTINGUIDA)"
"4318107","Máster Universitario en Género, Mujeres e Igualdad por la Universidad Pública de Navarra","Universidad Pública de Navarra","Máster - RD 1393/2007 (1)","Ciencias Sociales y Jurídicas","Estudios de género y estudios feministas","Publicado en B.O.E.","(TITULACIÓN RENOVADA POR ACREDITACIÓN INSTITUCIONAL)"
"4311908","Máster Universitario en Gestión de Cuidados de Enfermería por la Universidad Pública de Navarra","Universidad Pública de Navarra","Máster - RD 1393/2007 (1)","Ciencias de la Salud","","Publicado en B.O.E.","(TITULACIÓN EXTINGUIDA)"
"3001400","Máster Universitario en Gestión de Suelos y Aguas","(Conjunto)","Máster - RD 56/2005 (2)","Ciencias","","Autorizado por Comunidad Aut&oacute;noma","(TITULACIÓN EXTINGUIDA)"
"4311388","Máster Universitario en Gestión de Suelos y Aguas","(Conjunto)","Máster - RD 1393/2007 (1)","Ciencias","","Publicado en B.O.E.","(TITULACIÓN EXTINGUIDA)"
"4313253","Máster Universitario en Gestión de Suelos y Aguas por la Universidad Autónoma de Barcelona; la Universidad Pública de Navarra; la Universidad de Barcelona y la Universidad de Lleida","(Conjunto)","Máster - RD 1393/2007 (1)","Ciencias","Ciencias de la Tierra","Publicado en B.O.E.","(TITULACIÓN RENOVADA POR ACREDITACIÓN INSTITUCIONAL)"
"4311312","Máster Universitario en Gestión, Organización y Economía de la Empresa / Management, Organization and Business Economics por la Universidad Autónoma de Barcelona; la Universidad Pública de Navarra y la Universitat de les Illes Balears","(Conjunto)","Máster - RD 1393/2007 (1)","Ciencias Sociales y Jurídicas","Ciencias económicas, administración y dirección de empresas, márquetin, comercio, contabilidad y turismo","Publicado en B.O.E.","(TITULACIÓN RENOVADA POR ACREDITACIÓN INSTITUCIONAL)"
"4314534","Máster Universitario en Gestión por Procesos con Sistemas Integrados de Información (ERP) por la Universidad Pública de Navarra","Universidad Pública de Navarra","Máster - RD 1393/2007 (1)","Ciencias Sociales y Jurídicas","Ciencias económicas, administración y dirección de empresas, márquetin, comercio, contabilidad y turismo","Publicado en B.O.E.","(TITULACIÓN RENOVADA POR ACREDITACIÓN INSTITUCIONAL)"
"3001343","Máster Universitario en Historia, Espacio y Patrimonio","Universidad Pública de Navarra","Máster - RD 56/2005 (2)","Ciencias Sociales y Jurídicas","","Autorizado por Comunidad Aut&oacute;noma","(TITULACIÓN EXTINGUIDA)"
"3500106","Máster Universitario en Historia y Memoria por la Universidad Pública de Navarra","Universidad Pública de Navarra","Máster - RD 822/2021 (3)","Artes y Humanidades","Historia, arqueología, geografía, filosofía y humanidades","Publicado en B.O.E.","(TITULACIÓN RENOVADA POR ACREDITACIÓN INSTITUCIONAL)"
"4314005","Máster Universitario en Ingeniería Agronómica por la Universidad Pública de Navarra","Universidad Pública de Navarra","Máster - RD 1393/2007 (1)","Ingeniería y Arquitectura","Ingeniería química, ingeniería de los materiales e ingeniería del medio natural","Publicado en B.O.E.","(TITULACIÓN RENOVADA POR ACREDITACIÓN INSTITUCIONAL)"
"4311915","Máster Universitario en Ingeniería Biomédica","Universidad Pública de Navarra","Máster - RD 1393/2007 (1)","Ingeniería y Arquitectura","","Publicado en B.O.E.","(TITULACIÓN EXTINGUIDA)"
"3002759","Máster Universitario en Ingeniería Biomédica","Universidad Pública de Navarra","Máster - RD 56/2005 (2)","Ingeniería y Arquitectura","","Autorizado por Comunidad Aut&oacute;noma","(TITULACIÓN EXTINGUIDA)"
"4315788","Máster Universitario en Ingeniería Biomédica por la Universidad Pública de Navarra","Universidad Pública de Navarra","Máster - RD 1393/2007 (1)","Ingeniería y Arquitectura","","Publicado en B.O.E.","(TITULACIÓN RENOVADA POR ACREDITACIÓN INSTITUCIONAL)"
"4318490","Máster Universitario en Ingeniería Biomédica por la Universidad Pública de Navarra","Universidad Pública de Navarra","Máster - RD 1393/2007 (1)","Ingeniería y Arquitectura","","Publicado en B.O.E.","(TITULACIÓN RENOVADA POR ACREDITACIÓN INSTITUCIONAL)"
"3000733","Máster Universitario en Ingeniería de Materiales y Fabricación","Universidad Pública de Navarra","Máster - RD 56/2005 (2)","Ciencias Sociales y Jurídicas","","Autorizado por Comunidad Aut&oacute;noma","(TITULACIÓN EXTINGUIDA)"
"4312005","Máster Universitario en Ingeniería de Materiales y Fabricación  por la Universidad Pública de Navarra","Universidad Pública de Navarra","Máster - RD 1393/2007 (1)","Ingeniería y Arquitectura","Ingeniería química, ingeniería de los materiales e ingeniería del medio natural","Publicado en B.O.E.","(TITULACIÓN RENOVADA POR ACREDITACIÓN INSTITUCIONAL)"
"4314856","Máster Universitario en Ingeniería de Telecomunicación por la Universidad Pública de Navarra","Universidad Pública de Navarra","Máster - RD 1393/2007 (1)","Ingeniería y Arquitectura","Ingeniería eléctrica, ingeniería electrónica e ingeniería de la telecomunicación","Publicado en B.O.E.","(TITULACIÓN RENOVADA POR ACREDITACIÓN INSTITUCIONAL)"
"4314617","Máster Universitario en Ingeniería Industrial por la Universidad Pública de Navarra","Universidad Pública de Navarra","Máster - RD 1393/2007 (1)","Ingeniería y Arquitectura","Ingeniería industrial, ingeniería mecánica, ingeniería automática, ingeniería de la organización industrial e ingeniería de la navegación","Publicado en B.O.E.","(TITULACIÓN RENOVADA POR ACREDITACIÓN INSTITUCIONAL)"
"4314552","Máster Universitario en Ingeniería Informática por la Universidad Pública de Navarra","Universidad Pública de Navarra","Máster - RD 1393/2007 (1)","Ingeniería y Arquitectura","Ingeniería informática y de sistemas","Publicado en B.O.E.","(TITULACIÓN RENOVADA POR ACREDITACIÓN INSTITUCIONAL)"
"3000726","Máster Universitario en Ingeniería Mecánica, Aplicada y Computacional","Universidad Pública de Navarra","Máster - RD 56/2005 (2)","Artes y Humanidades","","Autorizado por Comunidad Aut&oacute;noma","(TITULACIÓN EXTINGUIDA)"
"4312006","Máster Universitario en Ingeniería Mecánica Aplicada y Computacional por la Universidad Pública de Navarra","Universidad Pública de Navarra","Máster - RD 1393/2007 (1)","Ingeniería y Arquitectura","Ingeniería industrial, ingeniería mecánica, ingeniería automática, ingeniería de la organización industrial e ingeniería de la navegación","Publicado en B.O.E.","(TITULACIÓN RENOVADA POR ACREDITACIÓN INSTITUCIONAL)"
"4310416","Máster Universitario en Iniciación a la Investigación en Matemáticas","(Conjunto)","Máster - RD 1393/2007 (1)","Ciencias","","Publicado en B.O.E.","(TITULACIÓN EXTINGUIDA)"
"3000102","Máster Universitario en Iniciación a la Investigación en Matemáticas","(Conjunto)","Máster - RD 56/2005 (2)","Ciencias Sociales y Jurídicas","","Autorizado por Comunidad Aut&oacute;noma","(TITULACIÓN EXTINGUIDA)"
"4318486","Máster Universitario en International Business por la Universidad Pública de Navarra","Universidad Pública de Navarra","Máster - RD 1393/2007 (1)","Ciencias Sociales y Jurídicas","","Publicado en B.O.E.","(TITULACIÓN RENOVADA POR ACREDITACIÓN INSTITUCIONAL)"
"4311913","Máster Universitario en Intervención Social con Individuos, Familias y Grupos por la Universidad Pública de Navarra","Universidad Pública de Navarra","Máster - RD 1393/2007 (1)","Ciencias Sociales y Jurídicas","Ciencias sociales, trabajo social, relaciones laborales y recursos humanos, sociología, ciencia política y relaciones internacionales","Publicado en B.O.E.","(TITULACIÓN RENOVADA POR ACREDITACIÓN INSTITUCIONAL)"
"4318568","Máster Universitario en Investigación e Innovación en Biotecnología por la Universidad Pública de Navarra","Universidad Pública de Navarra","Máster - RD 1393/2007 (1)","Ciencias","","Publicado en B.O.E.","(TITULACIÓN RENOVADA POR ACREDITACIÓN INSTITUCIONAL)"
"4311909","Máster Universitario en Investigación en Ciencias de la Salud por la Universidad Pública de Navarra","Universidad Pública de Navarra","Máster - RD 1393/2007 (1)","Ciencias de la Salud","","Publicado en B.O.E.","(TITULACIÓN RENOVADA POR ACREDITACIÓN INSTITUCIONAL)"
"3001913","Máster Universitario en Investigación en Desarrollo de las Capacidades Musicales","Universidad Pública de Navarra","Máster - RD 56/2005 (2)","","","Autorizado por Comunidad Aut&oacute;noma","(TITULACIÓN EXTINGUIDA)"
"3500699","Máster Universitario en Investigación en Nutrición y Alimentación Personalizada por la Universidad de La Rioja; la Universidad de Lleida; la Universidad de Zaragoza y la Universidad Pública de Navarra","(Conjunto)","Máster - RD 822/2021 (3)","Ciencias de la Salud","Fisioterapia, podología, nutrición y dietética, terapia ocupacional, óptica y optometría y logopedia","Publicado en B.O.E.","(TITULACIÓN RENOVADA POR ACREDITACIÓN INSTITUCIONAL)"
"3500381","Máster Universitario en Machine Learning por la Universidad Pública de Navarra","Universidad Pública de Navarra","Máster - RD 822/2021 (3)","Ingeniería y Arquitectura","Ingeniería informática y de sistemas","Publicado en B.O.E.","(TITULACIÓN RENOVADA POR ACREDITACIÓN INSTITUCIONAL)"
"4314137","Máster Universitario en Modelización e Investigación Matemática, Estadística y Computación por la Universidad de La Laguna; la Universidad de La Rioja; la Universidad de Oviedo; la Universidad de Zaragoza; la Universidad del País Vasco/Euskal Herriko Unibertsitatea y la Universidad Pública de Navarra","(Conjunto)","Máster - RD 1393/2007 (1)","Ciencias","Matemáticas y estadística","Publicado en B.O.E.","(TITULACIÓN RENOVADA POR ACREDITACIÓN INSTITUCIONAL)"
"3001714","Máster Universitario en Modelización Matemática, Estadística y Computación","(Conjunto)","Máster - RD 56/2005 (2)","Ciencias","","Autorizado por Comunidad Aut&oacute;noma","(TITULACIÓN EXTINGUIDA)"
"4310063","Máster Universitario en Modelización Matemática, Estadística y Computación","(Conjunto)","Máster - RD 1393/2007 (1)","Ciencias","","Publicado en B.O.E.","(TITULACIÓN EXTINGUIDA)"
"4314719","Máster Universitario en Nanotecnología Medioambiental por la Universidad de Lleida; la Universidad de Zaragoza y la Universidad Pública de Navarra","(Conjunto)","Máster - RD 1393/2007 (1)","Ciencias","","Publicado en B.O.E.","(TITULACIÓN EXTINGUIDA)"
"4312676","Máster Universitario en Prevención de Riesgos Laborales por la Universidad Pública de Navarra","Universidad Pública de Navarra","Máster - RD 1393/2007 (1)","Ciencias Sociales y Jurídicas","Ciencias sociales, trabajo social, relaciones laborales y recursos humanos, sociología, ciencia política y relaciones internacionales","Publicado en B.O.E.","(TITULACIÓN RENOVADA POR ACREDITACIÓN INSTITUCIONAL)"
"4310572","Máster Universitario en Profesorado de Educación Secundaria por la Universidad Pública de Navarra","Universidad Pública de Navarra","Máster - RD 1393/2007 (1)","Ciencias Sociales y Jurídicas","Ciencias de la educación","Publicado en B.O.E.","(TITULACIÓN RENOVADA POR ACREDITACIÓN INSTITUCIONAL)"
"4314314","Máster Universitario en Promoción de Salud y Desarrollo Social por la Universidad Pública de Navarra y Université de Bordeaux(Francia)","(Conjunto Internacional)","Máster - RD 1393/2007 (1)","Ciencias de la Salud","","Publicado en B.O.E.","(TITULACIÓN EXTINGUIDA)"
"3500066","Máster Universitario en Psicología General Sanitaria por la Universidad Pública de Navarra","Universidad Pública de Navarra","Máster - RD 822/2021 (3)","Ciencias de la Salud","Ciencias del comportamiento y psicología","Publicado en B.O.E.","(TITULACIÓN RENOVADA POR ACREDITACIÓN INSTITUCIONAL)"
"3001717","Máster Universitario en Química Sintética e Industrial","(Conjunto)","Máster - RD 56/2005 (2)","Ciencias","","Autorizado por Comunidad Aut&oacute;noma","(TITULACIÓN EXTINGUIDA)"
"4311667","Máster Universitario en Química Sintética e Industrial por la Universidad de Valladolid; la Universidad del País Vasco/Euskal Herriko Unibertsitatea y la Universidad Pública de Navarra","(Conjunto)","Máster - RD 1393/2007 (1)","Ciencias","Química","Publicado en B.O.E.","(TITULACIÓN RENOVADA POR ACREDITACIÓN INSTITUCIONAL)"
"3002741","Máster Universitario en Química Sostenible","(Conjunto)","Máster - RD 56/2005 (2)","Ciencias","","Autorizado por Comunidad Aut&oacute;noma","(TITULACIÓN EXTINGUIDA)"
"4310366","Máster Universitario en Química Sostenible por la Universidad Jaume I de Castellón; la Universidad Pública de Navarra; la Universidad de Castilla-La Mancha; la Universidad de Extremadura; la Universitat Politècnica de València y la Universitat de València (Estudi General)","(Conjunto)","Máster - RD 1393/2007 (1)","Ciencias","","Publicado en B.O.E.","(TITULACIÓN EXTINGUIDA)"
"4311910","Máster Universitario en Salud Pública por la Universidad Pública de Navarra","Universidad Pública de Navarra","Máster - RD 1393/2007 (1)","Ciencias de la Salud","Medicina y Odontología","Publicado en B.O.E.","(TITULACIÓN RENOVADA POR ACREDITACIÓN INSTITUCIONAL)"
"4315069","Máster Universitario en Sistemas de Información Geográfica y Teledetección por la Universidad Pública de Navarra","Universidad Pública de Navarra","Máster - RD 1393/2007 (1)","Ingeniería y Arquitectura","Ingeniería química, ingeniería de los materiales e ingeniería del medio natural","Publicado en B.O.E.","(TITULACIÓN RENOVADA POR ACREDITACIÓN INSTITUCIONAL)"
"4312776","Máster Universitario en Técnicas de Computación en Economía por la Universidad Pública de Navarra","Universidad Pública de Navarra","Máster - RD 1393/2007 (1)","Ciencias Sociales y Jurídicas","","Publicado en B.O.E.","(TITULACIÓN EXTINGUIDA)"
"4310573","Máster Universitario en Tecnología y Calidad en las Industrias Agroalimentarias por la Universidad Pública de Navarra","Universidad Pública de Navarra","Máster - RD 1393/2007 (1)","Ingeniería y Arquitectura","","Publicado en B.O.E.","(TITULACIÓN EXTINGUIDA)"
"4316931","Máster Universitario en Tecnología y Sostenibilidad en la Industria Alimentaria por la Universidad Pública de Navarra","Universidad Pública de Navarra","Máster - RD 1393/2007 (1)","Ingeniería y Arquitectura","","Publicado en B.O.E.","(TITULACIÓN RENOVADA POR ACREDITACIÓN INSTITUCIONAL)"
"4310574","Máster Universitario en Tecnologías Informáticas","Universidad Pública de Navarra","Máster - RD 1393/2007 (1)","Ingeniería y Arquitectura","","Publicado en B.O.E.","(TITULACIÓN EXTINGUIDA)"
"3500310","Máster Universitario en Wind Energy Engineering por la Universidad Pública de Navarra","Universidad Pública de Navarra","Máster - RD 822/2021 (3)","Ingeniería y Arquitectura","Ingeniería industrial, ingeniería mecánica, ingeniería automática, ingeniería de la organización industrial e ingeniería de la navegación","Publicado en B.O.E.","(TITULACIÓN RENOVADA POR ACREDITACIÓN INSTITUCIONAL)"
"3500835","Máster Universitario Erasmus Mundus en Cutting-Edge Technologies for Sustainable Agriculture por la Universidad Pública de Navarra; Geoponiko Panepistimio Athinon(Grecia) y Universidade de Trás-os-Montes e Alto Douro(Portugal)","(Conjunto Internacional)","Máster - RD 822/2021 (3)","Ingeniería y Arquitectura","Ingeniería química, ingeniería de los materiales e ingeniería del medio natural","Publicado en B.O.E.",""
