"curso_academico","cod_universidad","des_universidad","cod_tipo_estudio","des_tipo_estudio","cod_tipo_unidad_responsable","des_tipo_unidad_responsable","cod_unidad_responsable","des_unidad_responsable","cod_municipio","des_municipio","cod_campus","des_campus","cod_titulacion","des_titulacion","cod_rama","des_rama","cod_interuniversitario","des_interuniversitario","cod_rol_coordinacion","des_rol_coordinacion","cod_impartido","des_impartido","anio_inicio","cod_situacion_actual","des_situacion_actual","cod_grado_presencialidad","des_grado_presencialidad","cod_idioma_extranjero","des_idioma_extranjero","precio_credito_1","precio_credito_2","precio_credito_3","precio_credito_4","precio_credito_5","precio_tutela","num_creditos_necesarios","num_creditos_ofertados"
"2024-25","036","Universidad Carlos III de Madrid","G","Grado","1","Centro","28041822","Facultad de Ciencias Sociales y Jurídicas. (Getafe)","28065","GETAFE","03602","Getafe","7700001","Grado Abierto UC3M en Ciencias Sociales y Humanidades","3","Ciencias Sociales y Jurídicas","0","No es Interuniversitario","8","No Aplica","0","No se imparte en el curso académico de referencia","2016","3","En proceso de extinción","1","Estudio presencial","2","Existen planes separados, uno de ellos en Inglés","16,92","40,02","82,3","113,71",,,"120","186"
"2024-25","036","Universidad Carlos III de Madrid","G","Grado","1","Centro","28042292","Escuela Politécnica Superior. (Leganés)","28074","LEGANÉS","03601","Leganés","7700002","Grado Abierto UC3M en Ingeniería","4","Ingeniería y Arquitectura","0","No es Interuniversitario","8","No Aplica","0","No se imparte en el curso académico de referencia","2016","3","En proceso de extinción","1","Estudio presencial","2","Existen planes separados, uno de ellos en Inglés","19,43","45,25","92,86","128,57",,,"120","998"
"2024-25","036","Universidad Carlos III de Madrid","G","Grado","1","Centro","28050461","Facultad de Ciencias Sociales y Jurídicas (Colmenarejo)","28044","COLMENAREJO","03603","Colmenarejo","2500030","Grado en Administración de Empresas","3","Ciencias Sociales y Jurídicas","0","No es Interuniversitario","8","No Aplica","1","Se imparte en el curso académico de referencia","2008","1","Activo","1","Estudio presencial","0","No se oferta en idioma extranjero","16,92","40,02","82,3","113,71",,,"240","549"
"2024-25","036","Universidad Carlos III de Madrid","G","Grado","1","Centro","28041822","Facultad de Ciencias Sociales y Jurídicas. (Getafe)","28065","GETAFE","03602","Getafe","2500030","Grado en Administración de Empresas","3","Ciencias Sociales y Jurídicas","0","No es Interuniversitario","8","No Aplica","1","Se imparte en el curso académico de referencia","2008","1","Activo","1","Estudio presencial","2","Existen planes separados, uno de ellos en Inglés","16,92","40,02","82,3","113,71",,,"240","549"
"2024-25","036","Universidad Carlos III de Madrid","G","Grado","1","Centro","28042292","Escuela Politécnica Superior. (Leganés)","28074","LEGANÉS","03601","Leganés","2503783","Grado en Ciencia e Ingeniería de Datos","4","Ingeniería y Arquitectura","0","No es Interuniversitario","8","No Aplica","1","Se imparte en el curso académico de referencia","2018","1","Activo","1","Estudio presencial","1","Se oferta en Inglés","19,43","45,25","92,86","128,57",,,"240","120"
"2024-25","036","Universidad Carlos III de Madrid","G","Grado","1","Centro","28048385","Facultad de Humanidades, Comunicación y Documentación. (Getafe)","28065","GETAFE","03602","Getafe","2504235","Grado en Ciencia, Tecnología y Humanidades","1","Artes y Humanidades","1","Interuniversitario con Universidades españolas","0","La Universidad NO es la coordinadora del estudio Interuniversitario","1","Se imparte en el curso académico de referencia","2021","1","Activo","1","Estudio presencial","0","No se oferta en idioma extranjero","16,92","40,02","82,3","113,71",,,"240","60"
"2024-25","036","Universidad Carlos III de Madrid","G","Grado","1","Centro","28042292","Escuela Politécnica Superior. (Leganés)","28074","LEGANÉS","03601","Leganés","2504022","Grado en Ciencias","2","Ciencias","1","Interuniversitario con Universidades españolas","0","La Universidad NO es la coordinadora del estudio Interuniversitario","1","Se imparte en el curso académico de referencia","2020","1","Activo","1","Estudio presencial","0","No se oferta en idioma extranjero","20,68","48,03","98,75","136,44",,,"240","120"
"2024-25","036","Universidad Carlos III de Madrid","G","Grado","1","Centro","28041822","Facultad de Ciencias Sociales y Jurídicas. (Getafe)","28065","GETAFE","03602","Getafe","2500024","Grado en Ciencias Políticas","3","Ciencias Sociales y Jurídicas","0","No es Interuniversitario","8","No Aplica","1","Se imparte en el curso académico de referencia","2008","1","Activo","1","Estudio presencial","0","No se oferta en idioma extranjero","16,92","40,02","82,3","113,71",,,"240","276"
"2024-25","036","Universidad Carlos III de Madrid","G","Grado","1","Centro","28048385","Facultad de Humanidades, Comunicación y Documentación. (Getafe)","28065","GETAFE","03602","Getafe","2500025","Grado en Comunicación Audiovisual","3","Ciencias Sociales y Jurídicas","0","No es Interuniversitario","8","No Aplica","1","Se imparte en el curso académico de referencia","2008","1","Activo","1","Estudio presencial","2","Existen planes separados, uno de ellos en Inglés","19,43","45,25","92,86","128,57",,,"240","357"
"2024-25","036","Universidad Carlos III de Madrid","G","Grado","1","Centro","28050461","Facultad de Ciencias Sociales y Jurídicas (Colmenarejo)","28044","COLMENAREJO","03603","Colmenarejo","2500026","Grado en Derecho","3","Ciencias Sociales y Jurídicas","0","No es Interuniversitario","8","No Aplica","1","Se imparte en el curso académico de referencia","2008","1","Activo","1","Estudio presencial","0","No se oferta en idioma extranjero","16,92","40,02","82,3","113,71",,,"240","342"
"2024-25","036","Universidad Carlos III de Madrid","G","Grado","1","Centro","28041822","Facultad de Ciencias Sociales y Jurídicas. (Getafe)","28065","GETAFE","03602","Getafe","2500026","Grado en Derecho","3","Ciencias Sociales y Jurídicas","0","No es Interuniversitario","8","No Aplica","1","Se imparte en el curso académico de referencia","2008","1","Activo","1","Estudio presencial","0","No se oferta en idioma extranjero","16,92","40,02","82,3","113,71",,,"240","342"
"2024-25","036","Universidad Carlos III de Madrid","G","Grado","1","Centro","28041822","Facultad de Ciencias Sociales y Jurídicas. (Getafe)","28065","GETAFE","03602","Getafe","2500119","Grado en Economía","3","Ciencias Sociales y Jurídicas","0","No es Interuniversitario","8","No Aplica","1","Se imparte en el curso académico de referencia","2008","1","Activo","1","Estudio presencial","2","Existen planes separados, uno de ellos en Inglés","16,92","40,02","82,3","113,71",,,"240","276"
"2024-25","036","Universidad Carlos III de Madrid","G","Grado","1","Centro","28041822","Facultad de Ciencias Sociales y Jurídicas. (Getafe)","28065","GETAFE","03602","Getafe","2503790","Grado en Empresa y Tecnología","3","Ciencias Sociales y Jurídicas","0","No es Interuniversitario","8","No Aplica","1","Se imparte en el curso académico de referencia","2018","1","Activo","1","Estudio presencial","1","Se oferta en Inglés","16,92","40,02","82,3","113,71",,,"240","126"
"2024-25","036","Universidad Carlos III de Madrid","G","Grado","1","Centro","28041822","Facultad de Ciencias Sociales y Jurídicas. (Getafe)","28065","GETAFE","03602","Getafe","2500027","Grado en Estadística y Empresa","3","Ciencias Sociales y Jurídicas","0","No es Interuniversitario","8","No Aplica","1","Se imparte en el curso académico de referencia","2008","1","Activo","1","Estudio presencial","0","No se oferta en idioma extranjero","16,92","40,02","82,3","113,71",,,"240","315"
"2024-25","036","Universidad Carlos III de Madrid","G","Grado","1","Centro","28048385","Facultad de Humanidades, Comunicación y Documentación. (Getafe)","28065","GETAFE","03602","Getafe","2503917","Grado en Estudios Culturales","1","Artes y Humanidades","0","No es Interuniversitario","8","No Aplica","1","Se imparte en el curso académico de referencia","2019","1","Activo","1","Estudio presencial","1","Se oferta en Inglés","16,92","40,02","82,3","113,71",,,"240","138"
"2024-25","036","Universidad Carlos III de Madrid","G","Grado","1","Centro","28041822","Facultad de Ciencias Sociales y Jurídicas. (Getafe)","28065","GETAFE","03602","Getafe","2502997","Grado en Estudios Internacionales","3","Ciencias Sociales y Jurídicas","0","No es Interuniversitario","8","No Aplica","1","Se imparte en el curso académico de referencia","2014","1","Activo","1","Estudio presencial","1","Se oferta en Inglés","16,92","40,02","82,3","113,71",,,"240","501"
"2024-25","036","Universidad Carlos III de Madrid","G","Grado","1","Centro","28041822","Facultad de Ciencias Sociales y Jurídicas. (Getafe)","28065","GETAFE","03602","Getafe","2503809","Grado en Filosofía, Política y Economía","3","Ciencias Sociales y Jurídicas","1","Interuniversitario con Universidades españolas","0","La Universidad NO es la coordinadora del estudio Interuniversitario","1","Se imparte en el curso académico de referencia","2018","1","Activo","1","Estudio presencial","1","Se oferta en Inglés","16,92","40,02","82,3","113,71",,,"240","234"
"2024-25","036","Universidad Carlos III de Madrid","G","Grado","1","Centro","28041822","Facultad de Ciencias Sociales y Jurídicas. (Getafe)","28065","GETAFE","03602","Getafe","2502922","Grado en Filosofía, Política y Economía","3","Ciencias Sociales y Jurídicas","1","Interuniversitario con Universidades españolas","0","La Universidad NO es la coordinadora del estudio Interuniversitario","1","Se imparte en el curso académico de referencia","2013","3","En proceso de extinción","1","Estudio presencial","1","Se oferta en Inglés","16,92","40,02","82,3","113,71",,,"240","628"
"2024-25","036","Universidad Carlos III de Madrid","G","Grado","1","Centro","28041822","Facultad de Ciencias Sociales y Jurídicas. (Getafe)","28065","GETAFE","03602","Getafe","2500155","Grado en Finanzas y Contabilidad","3","Ciencias Sociales y Jurídicas","0","No es Interuniversitario","8","No Aplica","1","Se imparte en el curso académico de referencia","2008","1","Activo","1","Estudio presencial","2","Existen planes separados, uno de ellos en Inglés","16,92","40,02","82,3","113,71",,,"240","276"
"2024-25","036","Universidad Carlos III de Madrid","G","Grado","1","Centro","28048385","Facultad de Humanidades, Comunicación y Documentación. (Getafe)","28065","GETAFE","03602","Getafe","2503593","Grado en Gestión de la Información y Contenidos Digitales","3","Ciencias Sociales y Jurídicas","0","No es Interuniversitario","8","No Aplica","1","Se imparte en el curso académico de referencia","2017","1","Activo","1","Estudio presencial","0","No se oferta en idioma extranjero","16,92","40,02","82,3","113,71",,,"240","288"
"2024-25","036","Universidad Carlos III de Madrid","G","Grado","1","Centro","28051864","Centro Universitario Guardia Civil","28013","ARANJUEZ","03605","Aranjuez","2503333","Grado en Gestión de Seguridad Pública","3","Ciencias Sociales y Jurídicas","0","No es Interuniversitario","8","No Aplica","1","Se imparte en el curso académico de referencia","2017","1","Activo","1","Estudio presencial","0","No se oferta en idioma extranjero","0","0","0","0",,,"240","120"
"2024-25","036","Universidad Carlos III de Madrid","G","Grado","1","Centro","28048385","Facultad de Humanidades, Comunicación y Documentación. (Getafe)","28065","GETAFE","03602","Getafe","2503797","Grado en Historia y Política","3","Ciencias Sociales y Jurídicas","0","No es Interuniversitario","8","No Aplica","1","Se imparte en el curso académico de referencia","2018","1","Activo","1","Estudio presencial","1","Se oferta en Inglés","16,92","40,02","82,3","113,71",,,"240","159"
"2024-25","036","Universidad Carlos III de Madrid","G","Grado","1","Centro","28048385","Facultad de Humanidades, Comunicación y Documentación. (Getafe)","28065","GETAFE","03602","Getafe","2500120","Grado en Humanidades","1","Artes y Humanidades","0","No es Interuniversitario","8","No Aplica","1","Se imparte en el curso académico de referencia","2008","1","Activo","1","Estudio presencial","0","No se oferta en idioma extranjero","16,92","40,02","82,3","113,71",,,"240","300"
"2024-25","036","Universidad Carlos III de Madrid","G","Grado","1","Centro","28048385","Facultad de Humanidades, Comunicación y Documentación. (Getafe)","28065","GETAFE","03602","Getafe","2500131","Grado en Información y Documentación (Semipresencial)","3","Ciencias Sociales y Jurídicas","0","No es Interuniversitario","8","No Aplica","1","Se imparte en el curso académico de referencia","2008","3","En proceso de extinción","4","Varias modalidades","0","No se oferta en idioma extranjero","16,92","40,02","82,3","113,71",,,"240","192"
"2024-25","036","Universidad Carlos III de Madrid","G","Grado","1","Centro","28042292","Escuela Politécnica Superior. (Leganés)","28074","LEGANÉS","03601","Leganés","2501584","Grado en Ingeniería Aeroespacial","4","Ingeniería y Arquitectura","0","No es Interuniversitario","8","No Aplica","1","Se imparte en el curso académico de referencia","2010","1","Activo","1","Estudio presencial","1","Se oferta en Inglés","19,43","45,25","92,86","128,57",,,"240","531"
"2024-25","036","Universidad Carlos III de Madrid","G","Grado","1","Centro","28042292","Escuela Politécnica Superior. (Leganés)","28074","LEGANÉS","03601","Leganés","2501585","Grado en Ingeniería Biomédica","4","Ingeniería y Arquitectura","0","No es Interuniversitario","8","No Aplica","1","Se imparte en el curso académico de referencia","2010","1","Activo","1","Estudio presencial","1","Se oferta en Inglés","20,68","48,03","98,75","136,44",,,"240","222"
"2024-25","036","Universidad Carlos III de Madrid","G","Grado","1","Centro","28042292","Escuela Politécnica Superior. (Leganés)","28074","LEGANÉS","03601","Leganés","2500045","Grado en Ingeniería de Comunicaciones Móviles y Espaciales","4","Ingeniería y Arquitectura","0","No es Interuniversitario","8","No Aplica","1","Se imparte en el curso académico de referencia","2008","1","Activo","1","Estudio presencial","2","Existen planes separados, uno de ellos en Inglés","19,43","45,25","92,86","128,57",,,"240","483"
"2024-25","036","Universidad Carlos III de Madrid","G","Grado","1","Centro","28042292","Escuela Politécnica Superior. (Leganés)","28074","LEGANÉS","03601","Leganés","2502850","Grado en Ingeniería de la Energía","4","Ingeniería y Arquitectura","0","No es Interuniversitario","8","No Aplica","1","Se imparte en el curso académico de referencia","2013","1","Activo","1","Estudio presencial","1","Se oferta en Inglés","19,43","45,25","92,86","128,57",,,"240","423"
"2024-25","036","Universidad Carlos III de Madrid","G","Grado","1","Centro","28051864","Centro Universitario Guardia Civil","28013","ARANJUEZ","03605","Aranjuez","2502665","Grado en Ingeniería de la Seguridad","4","Ingeniería y Arquitectura","0","No es Interuniversitario","8","No Aplica","1","Se imparte en el curso académico de referencia","2012","1","Activo","1","Estudio presencial","0","No se oferta en idioma extranjero","0","0","0","0",,,"240","186"
"2024-25","036","Universidad Carlos III de Madrid","G","Grado","1","Centro","28042292","Escuela Politécnica Superior. (Leganés)","28074","LEGANÉS","03601","Leganés","2500184","Grado en Ingeniería de Sonido e Imagen","4","Ingeniería y Arquitectura","0","No es Interuniversitario","8","No Aplica","1","Se imparte en el curso académico de referencia","2008","1","Activo","1","Estudio presencial","2","Existen planes separados, uno de ellos en Inglés","19,43","45,25","92,86","128,57",,,"240","486"
"2024-25","036","Universidad Carlos III de Madrid","G","Grado","1","Centro","28042292","Escuela Politécnica Superior. (Leganés)","28074","LEGANÉS","03601","Leganés","2500188","Grado en Ingeniería Eléctrica","4","Ingeniería y Arquitectura","0","No es Interuniversitario","8","No Aplica","1","Se imparte en el curso académico de referencia","2008","1","Activo","1","Estudio presencial","2","Existen planes separados, uno de ellos en Inglés","19,43","45,25","92,86","128,57",,,"240","150"
"2024-25","036","Universidad Carlos III de Madrid","G","Grado","1","Centro","28042292","Escuela Politécnica Superior. (Leganés)","28074","LEGANÉS","03601","Leganés","2500196","Grado en Ingeniería Electrónica Industrial y Automática","4","Ingeniería y Arquitectura","0","No es Interuniversitario","8","No Aplica","1","Se imparte en el curso académico de referencia","2008","1","Activo","1","Estudio presencial","2","Existen planes separados, uno de ellos en Inglés","19,43","45,25","92,86","128,57",,,"240","153"
"2024-25","036","Universidad Carlos III de Madrid","G","Grado","1","Centro","28042292","Escuela Politécnica Superior. (Leganés)","28074","LEGANÉS","03601","Leganés","2501586","Grado en Ingeniería en Tecnologías de Telecomunicación","4","Ingeniería y Arquitectura","0","No es Interuniversitario","8","No Aplica","1","Se imparte en el curso académico de referencia","2010","1","Activo","1","Estudio presencial","2","Existen planes separados, uno de ellos en Inglés","19,43","45,25","92,86","128,57",,,"240","150"
"2024-25","036","Universidad Carlos III de Madrid","G","Grado","1","Centro","28042292","Escuela Politécnica Superior. (Leganés)","28074","LEGANÉS","03601","Leganés","2502457","Grado en Ingeniería en Tecnologías Industriales","4","Ingeniería y Arquitectura","0","No es Interuniversitario","8","No Aplica","1","Se imparte en el curso académico de referencia","2010","1","Activo","1","Estudio presencial","2","Existen planes separados, uno de ellos en Inglés","19,43","45,25","92,86","128,57",,,"240","615"
"2024-25","036","Universidad Carlos III de Madrid","G","Grado","1","Centro","28042292","Escuela Politécnica Superior. (Leganés)","28074","LEGANÉS","03601","Leganés","2503905","Grado en Ingeniería Física","4","Ingeniería y Arquitectura","0","No es Interuniversitario","8","No Aplica","1","Se imparte en el curso académico de referencia","2019","1","Activo","1","Estudio presencial","1","Se oferta en Inglés","19,43","45,25","92,86","128,57",,,"240","150"
"2024-25","036","Universidad Carlos III de Madrid","G","Grado","1","Centro","28042292","Escuela Politécnica Superior. (Leganés)","28074","LEGANÉS","03601","Leganés","2500046","Grado en Ingeniería Informática","4","Ingeniería y Arquitectura","0","No es Interuniversitario","8","No Aplica","1","Se imparte en el curso académico de referencia","2008","1","Activo","1","Estudio presencial","2","Existen planes separados, uno de ellos en Inglés","19,43","45,25","92,86","128,57",,,"240","156"
"2024-25","036","Universidad Carlos III de Madrid","G","Grado","1","Centro","28051244","Escuela Politécnica Superior (Colmenarejo)","28044","COLMENAREJO","03603","Colmenarejo","2500046","Grado en Ingeniería Informática","4","Ingeniería y Arquitectura","0","No es Interuniversitario","8","No Aplica","1","Se imparte en el curso académico de referencia","2008","1","Activo","1","Estudio presencial","0","No se oferta en idioma extranjero","19,43","45,25","92,86","128,57",,,"240","156"
"2024-25","036","Universidad Carlos III de Madrid","G","Grado","1","Centro","28042292","Escuela Politécnica Superior. (Leganés)","28074","LEGANÉS","03601","Leganés","2500048","Grado en Ingeniería Mecánica","4","Ingeniería y Arquitectura","0","No es Interuniversitario","8","No Aplica","1","Se imparte en el curso académico de referencia","2008","1","Activo","1","Estudio presencial","2","Existen planes separados, uno de ellos en Inglés","19,43","45,25","92,86","128,57",,,"240","150"
"2024-25","036","Universidad Carlos III de Madrid","G","Grado","1","Centro","28042292","Escuela Politécnica Superior. (Leganés)","28074","LEGANÉS","03601","Leganés","2504462","Grado en Ingeniería Robótica","4","Ingeniería y Arquitectura","0","No es Interuniversitario","8","No Aplica","1","Se imparte en el curso académico de referencia","2022","1","Activo","1","Estudio presencial","1","Se oferta en Inglés","19,43","45,25","92,86","128,57",,,"240","60"
"2024-25","036","Universidad Carlos III de Madrid","G","Grado","1","Centro","28042292","Escuela Politécnica Superior. (Leganés)","28074","LEGANÉS","03601","Leganés","2500159","Grado en Ingeniería Telemática","4","Ingeniería y Arquitectura","0","No es Interuniversitario","8","No Aplica","1","Se imparte en el curso académico de referencia","2008","1","Activo","1","Estudio presencial","2","Existen planes separados, uno de ellos en Inglés","19,43","45,25","92,86","128,57",,,"240","162"
"2024-25","036","Universidad Carlos III de Madrid","G","Grado","1","Centro","28042292","Escuela Politécnica Superior. (Leganés)","28074","LEGANÉS","03601","Leganés","2503904","Grado en Matemática Aplicada y Computación","4","Ingeniería y Arquitectura","0","No es Interuniversitario","8","No Aplica","1","Se imparte en el curso académico de referencia","2019","1","Activo","1","Estudio presencial","1","Se oferta en Inglés","19,43","45,25","92,86","128,57",,,"240","150"
"2024-25","036","Universidad Carlos III de Madrid","G","Grado","1","Centro","28048385","Facultad de Humanidades, Comunicación y Documentación. (Getafe)","28065","GETAFE","03602","Getafe","2500028","Grado en Periodismo","3","Ciencias Sociales y Jurídicas","0","No es Interuniversitario","8","No Aplica","1","Se imparte en el curso académico de referencia","2008","1","Activo","1","Estudio presencial","2","Existen planes separados, uno de ellos en Inglés","16,92","40,02","82,3","113,71",,,"240","519"
"2024-25","036","Universidad Carlos III de Madrid","G","Grado","1","Centro","28041822","Facultad de Ciencias Sociales y Jurídicas. (Getafe)","28065","GETAFE","03602","Getafe","2500118","Grado en Relaciones Laborales y Empleo","3","Ciencias Sociales y Jurídicas","0","No es Interuniversitario","8","No Aplica","1","Se imparte en el curso académico de referencia","2008","1","Activo","1","Estudio presencial","0","No se oferta en idioma extranjero","16,92","40,02","82,3","113,71",,,"240","381"
"2024-25","036","Universidad Carlos III de Madrid","G","Grado","1","Centro","28041822","Facultad de Ciencias Sociales y Jurídicas. (Getafe)","28065","GETAFE","03602","Getafe","2500187","Grado en Sociología","3","Ciencias Sociales y Jurídicas","0","No es Interuniversitario","8","No Aplica","1","Se imparte en el curso académico de referencia","2008","1","Activo","1","Estudio presencial","0","No se oferta en idioma extranjero","16,92","40,02","82,3","113,71",,,"240","213"
"2024-25","036","Universidad Carlos III de Madrid","G","Grado","1","Centro","28041822","Facultad de Ciencias Sociales y Jurídicas. (Getafe)","28065","GETAFE","03602","Getafe","2500029","Grado en Turismo","3","Ciencias Sociales y Jurídicas","0","No es Interuniversitario","8","No Aplica","1","Se imparte en el curso académico de referencia","2008","1","Activo","1","Estudio presencial","0","No se oferta en idioma extranjero","16,92","40,02","82,3","113,71",,,"240","435"
"2024-25","036","Universidad Carlos III de Madrid","G","Grado","1","Centro","28050461","Facultad de Ciencias Sociales y Jurídicas (Colmenarejo)","28044","COLMENAREJO","03603","Colmenarejo","2500029","Grado en Turismo","3","Ciencias Sociales y Jurídicas","0","No es Interuniversitario","8","No Aplica","1","Se imparte en el curso académico de referencia","2008","3","En proceso de extinción","1","Estudio presencial","0","No se oferta en idioma extranjero","16,92","40,02","82,3","113,71",,,"240","387"
"2024-25","036","Universidad Carlos III de Madrid","G","Grado","1","Centro","28042292","Escuela Politécnica Superior. (Leganés)","28065","GETAFE","03602","Getafe","2504704","Grado en Neurociencia","5","Ciencias de la Salud","0","No es Interuniversitario","8","No Aplica","1","Se imparte en el curso académico de referencia","2024","1","Activo","1","Estudio presencial","1","Se oferta en Inglés","20,68","48,03","98,75","136,44",,,"240","60"
"2024-25","036","Universidad Carlos III de Madrid","G","Grado","1","Centro","28041822","Facultad de Ciencias Sociales y Jurídicas. (Getafe)","28065","GETAFE","03602","Getafe","7000000","Doble Grado en Derecho y Administración de Empresas","3","Ciencias Sociales y Jurídicas","0","No es Interuniversitario","8","No Aplica","1","Se imparte en el curso académico de referencia","2008","1","Activo","1","Estudio presencial","2","Existen planes separados, uno de ellos en Inglés",,,,,,,"375","150"
"2024-25","036","Universidad Carlos III de Madrid","G","Grado","1","Centro","28050461","Facultad de Ciencias Sociales y Jurídicas (Colmenarejo)","28044","COLMENAREJO","03603","Colmenarejo","7000000","Doble Grado en Derecho y Administración de Empresas","3","Ciencias Sociales y Jurídicas","0","No es Interuniversitario","8","No Aplica","1","Se imparte en el curso académico de referencia","2008","1","Activo","1","Estudio presencial","0","No se oferta en idioma extranjero",,,,,,,"375","150"
"2024-25","036","Universidad Carlos III de Madrid","G","Grado","1","Centro","28041822","Facultad de Ciencias Sociales y Jurídicas. (Getafe)","28065","GETAFE","03602","Getafe","7000001","Doble Grado en Derecho y Ciencias Políticas","3","Ciencias Sociales y Jurídicas","0","No es Interuniversitario","8","No Aplica","1","Se imparte en el curso académico de referencia","2008","1","Activo","1","Estudio presencial","0","No se oferta en idioma extranjero",,,,,,,"360","162"
"2024-25","036","Universidad Carlos III de Madrid","G","Grado","1","Centro","28041822","Facultad de Ciencias Sociales y Jurídicas. (Getafe)","28065","GETAFE","03602","Getafe","7000002","Doble Grado en Derecho y Economía","3","Ciencias Sociales y Jurídicas","0","No es Interuniversitario","8","No Aplica","1","Se imparte en el curso académico de referencia","2008","1","Activo","1","Estudio presencial","2","Existen planes separados, uno de ellos en Inglés",,,,,,,"375","174"
"2024-25","036","Universidad Carlos III de Madrid","G","Grado","1","Centro","28051244","Escuela Politécnica Superior (Colmenarejo)","28044","COLMENAREJO","03603","Colmenarejo","7000003","Doble Grado en Ingeniería Informática y Administración de Empresas","4","Ingeniería y Arquitectura","0","No es Interuniversitario","8","No Aplica","1","Se imparte en el curso académico de referencia","2008","1","Activo","1","Estudio presencial","0","No se oferta en idioma extranjero",,,,,,,"390","72"
"2024-25","036","Universidad Carlos III de Madrid","G","Grado","1","Centro","28042292","Escuela Politécnica Superior. (Leganés)","28074","LEGANÉS","03601","Leganés","7000003","Doble Grado en Ingeniería Informática y Administración de Empresas","4","Ingeniería y Arquitectura","0","No es Interuniversitario","8","No Aplica","1","Se imparte en el curso académico de referencia","2020","1","Activo","1","Estudio presencial","0","No se oferta en idioma extranjero",,,,,,,"390","156"
"2024-25","036","Universidad Carlos III de Madrid","G","Grado","1","Centro","28048385","Facultad de Humanidades, Comunicación y Documentación. (Getafe)","28065","GETAFE","03602","Getafe","7000004","Doble Grado en Periodismo y Comunicación Audiovisual","3","Ciencias Sociales y Jurídicas","0","No es Interuniversitario","8","No Aplica","1","Se imparte en el curso académico de referencia","2008","1","Activo","1","Estudio presencial","2","Existen planes separados, uno de ellos en Inglés",,,,,,,"300","354"
"2024-25","036","Universidad Carlos III de Madrid","G","Grado","1","Centro","28041822","Facultad de Ciencias Sociales y Jurídicas. (Getafe)","28065","GETAFE","03602","Getafe","7000105","Doble Grado en Ciencias Políticas y Sociología","3","Ciencias Sociales y Jurídicas","0","No es Interuniversitario","8","No Aplica","1","Se imparte en el curso académico de referencia","2009","1","Activo","1","Estudio presencial","0","No se oferta en idioma extranjero",,,,,,,"318","219"
"2024-25","036","Universidad Carlos III de Madrid","G","Grado","1","Centro","28048385","Facultad de Humanidades, Comunicación y Documentación. (Getafe)","28065","GETAFE","03602","Getafe","7000435","Doble Grado en Periodismo y Humanidades","3","Ciencias Sociales y Jurídicas","0","No es Interuniversitario","8","No Aplica","1","Se imparte en el curso académico de referencia","2013","1","Activo","1","Estudio presencial","0","No se oferta en idioma extranjero",,,,,,,"354","300"
"2024-25","036","Universidad Carlos III de Madrid","G","Grado","1","Centro","28041822","Facultad de Ciencias Sociales y Jurídicas. (Getafe)","28065","GETAFE","03602","Getafe","7000616","Doble Grado en Estudios Internacionales y Administración de Empresas","3","Ciencias Sociales y Jurídicas","0","No es Interuniversitario","8","No Aplica","1","Se imparte en el curso académico de referencia","2015","1","Activo","1","Estudio presencial","1","Se oferta en Inglés",,,,,,,"366","336"
"2024-25","036","Universidad Carlos III de Madrid","G","Grado","1","Centro","28041822","Facultad de Ciencias Sociales y Jurídicas. (Getafe)","28065","GETAFE","03602","Getafe","7000617","Doble Grado en Estudios Internacionales y Ciencias Políticas","3","Ciencias Sociales y Jurídicas","0","No es Interuniversitario","8","No Aplica","1","Se imparte en el curso académico de referencia","2015","1","Activo","1","Estudio presencial","1","Se oferta en Inglés",,,,,,,"342","312"
"2024-25","036","Universidad Carlos III de Madrid","G","Grado","1","Centro","28041822","Facultad de Ciencias Sociales y Jurídicas. (Getafe)","28065","GETAFE","03602","Getafe","7000618","Doble Grado en Estudios Internacionales y Derecho","3","Ciencias Sociales y Jurídicas","0","No es Interuniversitario","8","No Aplica","1","Se imparte en el curso académico de referencia","2015","1","Activo","1","Estudio presencial","1","Se oferta en Inglés",,,,,,,"384","171"
"2024-25","036","Universidad Carlos III de Madrid","G","Grado","1","Centro","28041822","Facultad de Ciencias Sociales y Jurídicas. (Getafe)","28065","GETAFE","03602","Getafe","7000679","Doble Grado en Estudios Internacionales y Economía","3","Ciencias Sociales y Jurídicas","0","No es Interuniversitario","8","No Aplica","1","Se imparte en el curso académico de referencia","2016","1","Activo","1","Estudio presencial","1","Se oferta en Inglés",,,,,,,"372","162"
"2024-25","036","Universidad Carlos III de Madrid","G","Grado","1","Centro","28042292","Escuela Politécnica Superior. (Leganés)","28074","LEGANÉS","03601","Leganés","7001063","Doble Grado Ciencia e Ingeniería de Datos - Ingeniería en Tecnologías de Telecomunicación","4","Ingeniería y Arquitectura","0","No es Interuniversitario","8","No Aplica","1","Se imparte en el curso académico de referencia","2020","1","Activo","1","Estudio presencial","1","Se oferta en Inglés",,,,,,,"372","168"
"2024-25","036","Universidad Carlos III de Madrid","G","Grado","1","Centro","28042292","Escuela Politécnica Superior. (Leganés)","28074","LEGANÉS","03601","Leganés","7001064","Doble Grado en Ingeniería Física e Ingeniería en Tecnologías Industriales","4","Ingeniería y Arquitectura","0","No es Interuniversitario","8","No Aplica","1","Se imparte en el curso académico de referencia","2020","1","Activo","1","Estudio presencial","1","Se oferta en Inglés",,,,,,,"354","183"
"2024-25","036","Universidad Carlos III de Madrid","M","Máster","1","Centro","28053711","Centro de Postgrado","28074","LEGANÉS","03601","Leganés","3000543","Máster Interuniversitario en Multimedia y Comunicaciones","2","Ciencias","1","Interuniversitario con Universidades españolas","1","La Universidad SÍ es la coordinadora del estudio Interuniversitario ","0","No se imparte en el curso académico de referencia","2006","4","Extinguido en el curso de referencia","1","Estudio presencial","0","No se oferta en idioma extranjero","45,02","71,88","84,07","84,07",,,"90","998"
"2024-25","036","Universidad Carlos III de Madrid","M","Máster","1","Centro","28053711","Centro de Postgrado","28079","MADRID","03604","Madrid- Puerta de Toledo","4313506","Máster Universitario en Acceso a las Profesiones de Abogacía y Procura por la Universidad Carlos III de Madrid","3","Ciencias Sociales y Jurídicas","0","No es Interuniversitario","8","No Aplica","1","Se imparte en el curso académico de referencia","2012","1","Activo","1","Estudio presencial","0","No se oferta en idioma extranjero","16,92","119,23","248,4","331,2",,,"90","129"
"2024-25","036","Universidad Carlos III de Madrid","M","Máster","1","Centro","28051864","Centro Universitario Guardia Civil","28013","ARANJUEZ","03605","Aranjuez","4317023","Máster Universitario en Alta Dirección en Seguridad Internacional por la Universidad Carlos III de Madrid","3","Ciencias Sociales y Jurídicas","0","No es Interuniversitario","8","No Aplica","1","Se imparte en el curso académico de referencia","2019","1","Activo","2","Estudio semipresencial","0","No se oferta en idioma extranjero","0","0","60","0",,,"60","54"
"2024-25","036","Universidad Carlos III de Madrid","M","Máster","1","Centro","28053711","Centro de Postgrado","28079","MADRID","03604","Madrid- Puerta de Toledo","4316666","Máster Universitario en Análisis Político y Electoral por la Universidad Carlos III de Madrid","3","Ciencias Sociales y Jurídicas","0","No es Interuniversitario","8","No Aplica","1","Se imparte en el curso académico de referencia","2018","1","Activo","1","Estudio presencial","0","No se oferta en idioma extranjero","95","125","125","125",,,"60","60"
"2024-25","036","Universidad Carlos III de Madrid","M","Máster","1","Centro","28053711","Centro de Postgrado","28079","MADRID","03604","Madrid- Puerta de Toledo","4314666","Máster Universitario en Archivos, Gestión de Documentos y Continuidad Digital por la Universidad Carlos III de Madrid","3","Ciencias Sociales y Jurídicas","0","No es Interuniversitario","8","No Aplica","1","Se imparte en el curso académico de referencia","2014","3","En proceso de extinción","2","Estudio semipresencial","0","No se oferta en idioma extranjero","45,02","71,88","84,07","84,07",,,"60","72"
"2024-25","036","Universidad Carlos III de Madrid","M","Máster","1","Centro","28053711","Centro de Postgrado","28079","MADRID","03604","Madrid- Puerta de Toledo","4314823","Máster Universitario en Asesoramiento y Consultoría Jurídico-Laboral por la Universidad Carlos III de Madrid","3","Ciencias Sociales y Jurídicas","0","No es Interuniversitario","8","No Aplica","1","Se imparte en el curso académico de referencia","2014","1","Activo","1","Estudio presencial","0","No se oferta en idioma extranjero","95","125","125","125",,,"60","60"
"2024-25","036","Universidad Carlos III de Madrid","M","Máster","1","Centro","28053711","Centro de Postgrado","28079","MADRID","03604","Madrid- Puerta de Toledo","4315248","Máster Universitario en Asesoría Jurídica de Empresas por la Universidad Carlos III de Madrid","3","Ciencias Sociales y Jurídicas","0","No es Interuniversitario","8","No Aplica","1","Se imparte en el curso académico de referencia","2015","1","Activo","1","Estudio presencial","0","No se oferta en idioma extranjero","130","170","170","170",,,"60","66"
"2024-25","036","Universidad Carlos III de Madrid","M","Máster","1","Centro","28053711","Centro de Postgrado","28079","MADRID","03604","Madrid- Puerta de Toledo","4310430","Máster Universitario en Bibliotecas y Servicios de Información Digital por la Universidad Carlos III de Madrid","3","Ciencias Sociales y Jurídicas","0","No es Interuniversitario","8","No Aplica","1","Se imparte en el curso académico de referencia","2009","3","En proceso de extinción","2","Estudio semipresencial","0","No se oferta en idioma extranjero","45,02","71,88","84,07","84,07",,,"60","72"
"2024-25","036","Universidad Carlos III de Madrid","M","Máster","1","Centro","28053711","Centro de Postgrado","28079","MADRID","03604","Madrid- Puerta de Toledo","4316268","Máster Universitario en Bibliotecas, Archivos y Continuidad Digital por la Universidad Carlos III de Madrid","1","Artes y Humanidades","0","No es Interuniversitario","8","No Aplica","1","Se imparte en el curso académico de referencia","2017","1","Activo","3","Estudio no presencial","0","No se oferta en idioma extranjero","45,02","71,88","84,07","84,07",,,"60","111"
"2024-25","036","Universidad Carlos III de Madrid","M","Máster","1","Centro","28053711","Centro de Postgrado","28074","LEGANÉS","03601","Leganés","4315809","Máster Universitario en Ciencia e Ingeniería de Materiales por la Universidad Carlos III de Madrid","4","Ingeniería y Arquitectura","0","No es Interuniversitario","8","No Aplica","1","Se imparte en el curso académico de referencia","2006","1","Activo","1","Estudio presencial","0","No se oferta en idioma extranjero","45,02","71,88","84,07","84,07",,,"60","72"
"2024-25","036","Universidad Carlos III de Madrid","M","Máster","1","Centro","28053711","Centro de Postgrado","28074","LEGANÉS","03601","Leganés","4311470","Máster Universitario en Ciencia y Tecnología Informática","4","Ingeniería y Arquitectura","0","No es Interuniversitario","8","No Aplica","1","Se imparte en el curso académico de referencia","2006","3","En proceso de extinción","1","Estudio presencial","0","No se oferta en idioma extranjero","45,02","71,88","84,07","84,07",,,"60","84"
"2024-25","036","Universidad Carlos III de Madrid","M","Máster","1","Centro","28053711","Centro de Postgrado","28074","LEGANÉS","03601","Leganés","4313914","Máster Universitario en Ciencia y Tecnología Informática por la Universidad Carlos III de Madrid","4","Ingeniería y Arquitectura","0","No es Interuniversitario","8","No Aplica","1","Se imparte en el curso académico de referencia","2006","1","Activo","1","Estudio presencial","0","No se oferta en idioma extranjero","45,02","71,88","84,07","84,07",,,"60","60"
"2024-25","036","Universidad Carlos III de Madrid","M","Máster","1","Centro","28053711","Centro de Postgrado","28079","MADRID","03604","Madrid- Puerta de Toledo","4310065","Máster Universitario en Ciencias Actuariales y Financieras por la Universidad Carlos III de Madrid","3","Ciencias Sociales y Jurídicas","0","No es Interuniversitario","8","No Aplica","1","Se imparte en el curso académico de referencia","2009","1","Activo","1","Estudio presencial","0","No se oferta en idioma extranjero","80","100","100","100",,,"120","120"
"2024-25","036","Universidad Carlos III de Madrid","M","Máster","1","Centro","28053711","Centro de Postgrado","28065","GETAFE","03602","Getafe","4316234","Máster Universitario en Ciencias de las Religiones: Historia y Sociedad por la Universidad Carlos III de Madrid; la Universidad de La Laguna y la Univ","1","Artes y Humanidades","1","Interuniversitario con Universidades españolas","0","La Universidad NO es la coordinadora del estudio Interuniversitario","1","Se imparte en el curso académico de referencia","2017","1","Activo","1","Estudio presencial","0","No se oferta en idioma extranjero","13,68","27,35","52,13","69,51",,,"60","97"
"2024-25","036","Universidad Carlos III de Madrid","M","Máster","1","Centro","28053711","Centro de Postgrado","28079","MADRID","03604","Madrid- Puerta de Toledo","4314794","Máster Universitario en Cine y Televisión por la Universidad Carlos III de Madrid","3","Ciencias Sociales y Jurídicas","0","No es Interuniversitario","8","No Aplica","1","Se imparte en el curso académico de referencia","2014","1","Activo","1","Estudio presencial","0","No se oferta en idioma extranjero","95","125","125","125",,,"60","60"
"2024-25","036","Universidad Carlos III de Madrid","M","Máster","1","Centro","28053711","Centro de Postgrado","28079","MADRID","03604","Madrid- Puerta de Toledo","4315832","Máster Universitario en Comunicación Publicitaria por la Universidad Carlos III de Madrid","3","Ciencias Sociales y Jurídicas","0","No es Interuniversitario","8","No Aplica","1","Se imparte en el curso académico de referencia","2016","1","Activo","1","Estudio presencial","0","No se oferta en idioma extranjero","110","145","145","145",,,"60","66"
"2024-25","036","Universidad Carlos III de Madrid","M","Máster","1","Centro","28053711","Centro de Postgrado","28079","MADRID","03604","Madrid- Puerta de Toledo","4314834","Máster Universitario en Derecho de las Telecomunicaciones, Protección de Datos, Audiovisual y Sociedad de la Información por la Universidad Carlos III","3","Ciencias Sociales y Jurídicas","0","No es Interuniversitario","8","No Aplica","1","Se imparte en el curso académico de referencia","2014","1","Activo","1","Estudio presencial","0","No se oferta en idioma extranjero","110","145","145","145",,,"60","60"
"2024-25","036","Universidad Carlos III de Madrid","M","Máster","1","Centro","28053711","Centro de Postgrado","28079","MADRID","03604","Madrid- Puerta de Toledo","4313918","Máster Universitario en Derecho Penal y Procesal Penal por la Universidad Carlos III de Madrid","3","Ciencias Sociales y Jurídicas","0","No es Interuniversitario","8","No Aplica","1","Se imparte en el curso académico de referencia","2013","1","Activo","4","Varias modalidades","0","No se oferta en idioma extranjero","95","125","125","125",,,"60","69"
"2024-25","036","Universidad Carlos III de Madrid","M","Máster","1","Centro","28053711","Centro de Postgrado","28065","GETAFE","03602","Getafe","4310066","Máster Universitario en Derecho Privado","3","Ciencias Sociales y Jurídicas","0","No es Interuniversitario","8","No Aplica","0","No se imparte en el curso académico de referencia","2006","4","Extinguido en el curso de referencia","1","Estudio presencial","0","No se oferta en idioma extranjero","45,02","71,88","84,07","84,07",,,"90","26,5"
"2024-25","036","Universidad Carlos III de Madrid","M","Máster","1","Centro","28053711","Centro de Postgrado","28065","GETAFE","03602","Getafe","4314096","Máster Universitario en Derecho Privado por la Universidad Carlos III de Madrid","3","Ciencias Sociales y Jurídicas","0","No es Interuniversitario","8","No Aplica","0","No se imparte en el curso académico de referencia","2006","3","En proceso de extinción","1","Estudio presencial","0","No se oferta en idioma extranjero","45,02","71,88","84,07","84,07",,,"90","114"
"2024-25","036","Universidad Carlos III de Madrid","M","Máster","1","Centro","28053711","Centro de Postgrado","28065","GETAFE","03602","Getafe","4310067","Máster Universitario en Derecho Público","3","Ciencias Sociales y Jurídicas","0","No es Interuniversitario","8","No Aplica","0","No se imparte en el curso académico de referencia","2006","4","Extinguido en el curso de referencia","1","Estudio presencial","0","No se oferta en idioma extranjero","45,02","71,88","84,07","84,07",,,"90","30"
"2024-25","036","Universidad Carlos III de Madrid","M","Máster","1","Centro","28053711","Centro de Postgrado","28065","GETAFE","03602","Getafe","4314095","Máster Universitario en Derecho Público por la Universidad Carlos III de Madrid","3","Ciencias Sociales y Jurídicas","0","No es Interuniversitario","8","No Aplica","0","No se imparte en el curso académico de referencia","2006","3","En proceso de extinción","1","Estudio presencial","0","No se oferta en idioma extranjero","45,02","71,88","84,07","84,07",,,"90","144"
"2024-25","036","Universidad Carlos III de Madrid","M","Máster","1","Centro","28053711","Centro de Postgrado","28079","MADRID","03604","Madrid- Puerta de Toledo","4314793","Máster Universitario en Derechos de los Sectores Regulados","3","Ciencias Sociales y Jurídicas","0","No es Interuniversitario","8","No Aplica","1","Se imparte en el curso académico de referencia","2014","1","Activo","1","Estudio presencial","0","No se oferta en idioma extranjero","95","125","125","125",,,"60","87"
"2024-25","036","Universidad Carlos III de Madrid","M","Máster","1","Centro","28051864","Centro Universitario Guardia Civil","28013","ARANJUEZ","03605","Aranjuez","4318036","Máster Universitario en Dirección de Personas y Gestión del Talento de la Seguridad por la Universidad Carlos III de Madrid","3","Ciencias Sociales y Jurídicas","0","No es Interuniversitario","8","No Aplica","1","Se imparte en el curso académico de referencia","2022","1","Activo","1","Estudio presencial","0","No se oferta en idioma extranjero","0","0","0","0",,,"60","60"
"2024-25","036","Universidad Carlos III de Madrid","M","Máster","1","Centro","28051864","Centro Universitario Guardia Civil","28013","ARANJUEZ","03605","Aranjuez","4314692","Máster Universitario en Dirección Operativa de la Seguridad por la Universidad Carlos III de Madrid","3","Ciencias Sociales y Jurídicas","0","No es Interuniversitario","8","No Aplica","1","Se imparte en el curso académico de referencia","2014","1","Activo","1","Estudio presencial","0","No se oferta en idioma extranjero","0","0","0","0",,,"60","60"
"2024-25","036","Universidad Carlos III de Madrid","M","Máster","1","Centro","28053711","Centro de Postgrado","28079","MADRID","03604","Madrid- Puerta de Toledo","4314702","Máster Universitario en Documental y Reportaje Periodístico Transmedia por la Universidad Carlos III de Madrid","3","Ciencias Sociales y Jurídicas","0","No es Interuniversitario","8","No Aplica","1","Se imparte en el curso académico de referencia","2014","1","Activo","1","Estudio presencial","0","No se oferta en idioma extranjero","110","145","145","145",,,"60","66"
"2024-25","036","Universidad Carlos III de Madrid","M","Máster","1","Centro","28053711","Centro de Postgrado","28079","MADRID","03604","Madrid- Puerta de Toledo","4312479","Máster Universitario en Energías Renovables en Sistemas Eléctricos por la Universidad Carlos III de Madrid","4","Ingeniería y Arquitectura","0","No es Interuniversitario","8","No Aplica","1","Se imparte en el curso académico de referencia","2012","1","Activo","1","Estudio presencial","0","No se oferta en idioma extranjero","80","100","100","100",,,"60","66"
"2024-25","036","Universidad Carlos III de Madrid","M","Máster","1","Centro","28053711","Centro de Postgrado","28079","MADRID","03604","Madrid- Puerta de Toledo","4316978","Máster Universitario en Estudios Avanzados de Derecho Público por la Universidad Carlos III de Madrid","3","Ciencias Sociales y Jurídicas","0","No es Interuniversitario","8","No Aplica","1","Se imparte en el curso académico de referencia","2019","1","Activo","1","Estudio presencial","0","No se oferta en idioma extranjero","80","100","100","100",,,"60","88"
"2024-25","036","Universidad Carlos III de Madrid","M","Máster","1","Centro","28053711","Centro de Postgrado","28065","GETAFE","03602","Getafe","4313915","Máster Universitario en Estudios Avanzados en Derechos Humanos por la Universidad Carlos III de Madrid","3","Ciencias Sociales y Jurídicas","0","No es Interuniversitario","8","No Aplica","1","Se imparte en el curso académico de referencia","2006","1","Activo","1","Estudio presencial","0","No se oferta en idioma extranjero","45,02","71,88","84,07","84,07",,,"90","90"
"2024-25","036","Universidad Carlos III de Madrid","M","Máster","1","Centro","28053711","Centro de Postgrado","28065","GETAFE","03602","Getafe","4310069","Máster Universitario en Estudios Avanzados en Derechos Humanos por la Universidad Carlos III de Madrid","3","Ciencias Sociales y Jurídicas","0","No es Interuniversitario","8","No Aplica","1","Se imparte en el curso académico de referencia","2006","3","En proceso de extinción","1","Estudio presencial","0","No se oferta en idioma extranjero","45,02","71,88","84,07","84,07",,,"90","30"
"2024-25","036","Universidad Carlos III de Madrid","M","Máster","1","Centro","28053711","Centro de Postgrado","28065","GETAFE","03602","Getafe","4314760","Máster Universitario en Gestión Turística de Recursos Culturales y Naturales por la Universidad Carlos III de Madrid","1","Artes y Humanidades","0","No es Interuniversitario","8","No Aplica","1","Se imparte en el curso académico de referencia","2014","1","Activo","1","Estudio presencial","0","No se oferta en idioma extranjero","80","100","100","100",,,"60","87"
"2024-25","036","Universidad Carlos III de Madrid","M","Máster","1","Centro","28053711","Centro de Postgrado","28074","LEGANÉS","03601","Leganés","4314822","Máster Universitario en Gestión y Desarrollo de Tecnologías Biomédicas por la Universidad Carlos III de Madrid","4","Ingeniería y Arquitectura","0","No es Interuniversitario","8","No Aplica","1","Se imparte en el curso académico de referencia","2014","1","Activo","1","Estudio presencial","0","No se oferta en idioma extranjero","80","100","100","100",,,"60","60"
"2024-25","036","Universidad Carlos III de Madrid","M","Máster","1","Centro","28053711","Centro de Postgrado","28065","GETAFE","03602","Getafe","4311970","Máster Universitario en Herencia Cultural Hispánica por la Universidad Carlos III de Madrid","1","Artes y Humanidades","0","No es Interuniversitario","8","No Aplica","1","Se imparte en el curso académico de referencia","2010","1","Activo","1","Estudio presencial","0","No se oferta en idioma extranjero","45,02","71,88","84,07","84,07",,,"60","102"
"2024-25","036","Universidad Carlos III de Madrid","M","Máster","1","Centro","28053711","Centro de Postgrado","28074","LEGANÉS","03601","Leganés","4316676","Máster Universitario en Ingeniería Clínica por la Universidad Carlos III de Madrid","4","Ingeniería y Arquitectura","0","No es Interuniversitario","8","No Aplica","1","Se imparte en el curso académico de referencia","2018","1","Activo","1","Estudio presencial","0","No se oferta en idioma extranjero","110","145","145","145",,,"90","90"
"2024-25","036","Universidad Carlos III de Madrid","M","Máster","1","Centro","28053711","Centro de Postgrado","28074","LEGANÉS","03601","Leganés","4313512","Máster Universitario en Ingeniería de Máquinas y Transportes por la Universidad Carlos III de Madrid","4","Ingeniería y Arquitectura","0","No es Interuniversitario","8","No Aplica","1","Se imparte en el curso académico de referencia","2006","1","Activo","1","Estudio presencial","0","No se oferta en idioma extranjero","45,02","71,88","84,07","84,07",,,"60","60"
"2024-25","036","Universidad Carlos III de Madrid","M","Máster","1","Centro","28053711","Centro de Postgrado","28074","LEGANÉS","03601","Leganés","4314701","Máster Universitario en Ingeniería de Sistemas Electrónicos y Aplicaciones por la Universidad Carlos III de Madrid","4","Ingeniería y Arquitectura","0","No es Interuniversitario","8","No Aplica","1","Se imparte en el curso académico de referencia","2014","1","Activo","1","Estudio presencial","0","No se oferta en idioma extranjero","80","100","100","100",,,"60","78"
"2024-25","036","Universidad Carlos III de Madrid","M","Máster","1","Centro","28053711","Centro de Postgrado","28074","LEGANÉS","03601","Leganés","4317624","Máster Universitario en Ingeniería Estructural de Construcciones Industriales por la Universidad Carlos III de Madrid","4","Ingeniería y Arquitectura","0","No es Interuniversitario","8","No Aplica","1","Se imparte en el curso académico de referencia","2021","3","En proceso de extinción","1","Estudio presencial","0","No se oferta en idioma extranjero","45,02","71,88","84,07","84,07",,,"60","60"
"2024-25","036","Universidad Carlos III de Madrid","M","Máster","1","Centro","28053711","Centro de Postgrado","28074","LEGANÉS","03601","Leganés","4312226","Máster Universitario en Ingeniería Industrial por la Universidad Carlos III de Madrid","4","Ingeniería y Arquitectura","0","No es Interuniversitario","8","No Aplica","1","Se imparte en el curso académico de referencia","2011","1","Activo","1","Estudio presencial","0","No se oferta en idioma extranjero","19,43","51,75","111,8","154,8",,,"90","90"
"2024-25","036","Universidad Carlos III de Madrid","M","Máster","1","Centro","28053711","Centro de Postgrado","28074","LEGANÉS","03601","Leganés","4310070","Máster Universitario en Ingeniería Informática por la Universidad Carlos III de Madrid","4","Ingeniería y Arquitectura","0","No es Interuniversitario","8","No Aplica","1","Se imparte en el curso académico de referencia","2010","1","Activo","1","Estudio presencial","0","No se oferta en idioma extranjero","19,43","51,75","111,8","154,8",,,"90","90"
"2024-25","036","Universidad Carlos III de Madrid","M","Máster","1","Centro","28053711","Centro de Postgrado","28065","GETAFE","03602","Getafe","4313166","Máster Universitario en Iniciativa Emprendedora y Creación de Empresas por la Universidad Carlos III de Madrid","3","Ciencias Sociales y Jurídicas","0","No es Interuniversitario","8","No Aplica","1","Se imparte en el curso académico de referencia","2012","1","Activo","1","Estudio presencial","0","No se oferta en idioma extranjero","130","170","170","170",,,"60","84"
"2024-25","036","Universidad Carlos III de Madrid","M","Máster","1","Centro","28053711","Centro de Postgrado","28079","MADRID","03604","Madrid- Puerta de Toledo","4318051","Máster Universitario en Inteligencia Artificial Aplicada por la Universidad Carlos III de Madrid","4","Ingeniería y Arquitectura","0","No es Interuniversitario","8","No Aplica","1","Se imparte en el curso académico de referencia","2022","1","Activo","1","Estudio presencial","0","No se oferta en idioma extranjero","130","170","170","170",,,"60","60"
"2024-25","036","Universidad Carlos III de Madrid","M","Máster","1","Centro","28053711","Centro de Postgrado","28079","MADRID","03604","Madrid- Puerta de Toledo","4316959","Máster Universitario en Internet de las Cosas: Tecnologías Aplicadas por la Universidad Carlos III de Madrid","4","Ingeniería y Arquitectura","0","No es Interuniversitario","8","No Aplica","1","Se imparte en el curso académico de referencia","2019","1","Activo","1","Estudio presencial","0","No se oferta en idioma extranjero","80","100","100","100",,,"60","72"
"2024-25","036","Universidad Carlos III de Madrid","M","Máster","1","Centro","28053711","Centro de Postgrado","28065","GETAFE","03602","Getafe","4310431","Máster Unviersitario en Investigación en Comunicación por la Universidad Carlos III de Madrid","3","Ciencias Sociales y Jurídicas","0","No es Interuniversitario","8","No Aplica","1","Se imparte en el curso académico de referencia","2009","1","Activo","1","Estudio presencial","0","No se oferta en idioma extranjero","45,02","71,88","84,07","84,07",,,"60","87"
"2024-25","036","Universidad Carlos III de Madrid","M","Máster","1","Centro","28053711","Centro de Postgrado","28065","GETAFE","03602","Getafe","4314461","Máster Universitario en Investigación en Derecho de la Cultura por la Universidad Carlos III de Madrid y la Universidad Nacional de Educación a Distan","3","Ciencias Sociales y Jurídicas","1","Interuniversitario con Universidades españolas","0","La Universidad NO es la coordinadora del estudio Interuniversitario","1","Se imparte en el curso académico de referencia","2013","1","Activo","2","Estudio semipresencial","0","No se oferta en idioma extranjero","0","0","0","0",,,"90","168"
"2024-25","036","Universidad Carlos III de Madrid","M","Máster","1","Centro","28053711","Centro de Postgrado","28065","GETAFE","03602","Getafe","4314721","Máster Universitario en Lengua y Literatura Españolas Actuales por la Universidad Carlos III de Madrid","1","Artes y Humanidades","0","No es Interuniversitario","8","No Aplica","1","Se imparte en el curso académico de referencia","2014","1","Activo","1","Estudio presencial","0","No se oferta en idioma extranjero","45,02","71,88","84,07","84,07",,,"60","72"
"2024-25","036","Universidad Carlos III de Madrid","M","Máster","1","Centro","28053711","Centro de Postgrado","28065","GETAFE","03602","Getafe","4314280","Máster Universitario en Liderazgo Político y Social por la Universidad Carlos III de Madrid","3","Ciencias Sociales y Jurídicas","0","No es Interuniversitario","8","No Aplica","0","No se imparte en el curso académico de referencia","2013","3","En proceso de extinción","1","Estudio presencial","0","No se oferta en idioma extranjero","80","100","100","100",,,"60","63"
"2024-25","036","Universidad Carlos III de Madrid","M","Máster","1","Centro","28053711","Centro de Postgrado","28074","LEGANÉS","03601","Leganés","4314422","Máster Universitario en Matemática Industrial por la Universidad Carlos III de Madrid, la Universidad de A Coruña, la Universidad de Santiago de Compo","4","Ingeniería y Arquitectura","1","Interuniversitario con Universidades españolas","0","La Universidad NO es la coordinadora del estudio Interuniversitario","1","Se imparte en el curso académico de referencia","2010","1","Activo","1","Estudio presencial","0","No se oferta en idioma extranjero","31,36","38,54","38,54","38,54",,,"90","213"
"2024-25","036","Universidad Carlos III de Madrid","M","Máster","1","Centro","28053711","Centro de Postgrado","28074","LEGANÉS","03601","Leganés","4313553","Máster Universitario en Mecánica Industrial por la Universidad Carlos III de Madrid","4","Ingeniería y Arquitectura","0","No es Interuniversitario","8","No Aplica","1","Se imparte en el curso académico de referencia","2012","1","Activo","1","Estudio presencial","0","No se oferta en idioma extranjero","45,02","71,88","84,07","84,07",,,"60","69"
"2024-25","036","Universidad Carlos III de Madrid","M","Máster","1","Centro","28053711","Centro de Postgrado","28065","GETAFE","03602","Getafe","4315334","Máster Universitario en Mediación, Negociación y Resolución de Conflictos por la Universidad Carlos III de Madrid","3","Ciencias Sociales y Jurídicas","0","No es Interuniversitario","8","No Aplica","1","Se imparte en el curso académico de referencia","2015","1","Activo","4","Varias modalidades","0","No se oferta en idioma extranjero","80","100","100","100",,,"60","70"
"2024-25","036","Universidad Carlos III de Madrid","M","Máster","1","Centro","28053711","Centro de Postgrado","28079","MADRID","03604","Madrid- Puerta de Toledo","4312478","Máster Universitario en Prevención de Riesgos Laborales por la Universidad Carlos III de Madrid","3","Ciencias Sociales y Jurídicas","0","No es Interuniversitario","8","No Aplica","1","Se imparte en el curso académico de referencia","2010","1","Activo","1","Estudio presencial","0","No se oferta en idioma extranjero","95","125","125","125",,,"60","60"
"2024-25","036","Universidad Carlos III de Madrid","M","Máster","1","Centro","28053711","Centro de Postgrado","28079","MADRID","03604","Madrid- Puerta de Toledo","4314772","Máster Universitario en Propiedad Intelectual","3","Ciencias Sociales y Jurídicas","0","No es Interuniversitario","8","No Aplica","1","Se imparte en el curso académico de referencia","2014","1","Activo","1","Estudio presencial","0","No se oferta en idioma extranjero","130","170","170","170",,,"60","60"
"2024-25","036","Universidad Carlos III de Madrid","M","Máster","1","Centro","28053711","Centro de Postgrado","28079","MADRID","03604","Madrid- Puerta de Toledo","4316288","Máster Universitario en Responsabilidad Civil por la Universidad Carlos III de Madrid","3","Ciencias Sociales y Jurídicas","0","No es Interuniversitario","8","No Aplica","1","Se imparte en el curso académico de referencia","2017","1","Activo","1","Estudio presencial","0","No se oferta en idioma extranjero","80","100","100","100",,,"60","87"
"2024-25","036","Universidad Carlos III de Madrid","M","Máster","1","Centro","28053711","Centro de Postgrado","28074","LEGANÉS","03601","Leganés","4310075","Máster Universitario en Robótica y Automatización","4","Ingeniería y Arquitectura","0","No es Interuniversitario","8","No Aplica","1","Se imparte en el curso académico de referencia","2006","3","En proceso de extinción","1","Estudio presencial","0","No se oferta en idioma extranjero","45,02","71,88","84,07","84,07",,,"90","42"
"2024-25","036","Universidad Carlos III de Madrid","M","Máster","1","Centro","28053711","Centro de Postgrado","28074","LEGANÉS","03601","Leganés","4313916","Máster Universitario en Robótica y Automatización por la Universidad Carlos III de Madrid","4","Ingeniería y Arquitectura","0","No es Interuniversitario","8","No Aplica","1","Se imparte en el curso académico de referencia","2006","1","Activo","1","Estudio presencial","0","No se oferta en idioma extranjero","45,02","71,88","84,07","84,07",,,"90","108"
"2024-25","036","Universidad Carlos III de Madrid","M","Máster","1","Centro","28051864","Centro Universitario Guardia Civil","28013","ARANJUEZ","03605","Aranjuez","4316251","Máster Universitario en Seguridad Vial y Tráfico por la Universidad Carlos III de Madrid","4","Ingeniería y Arquitectura","0","No es Interuniversitario","8","No Aplica","1","Se imparte en el curso académico de referencia","2017","1","Activo","2","Estudio semipresencial","0","No se oferta en idioma extranjero","0","0","0","0",,,"60","60"
"2024-25","036","Universidad Carlos III de Madrid","M","Máster","1","Centro","28053711","Centro de Postgrado","28079","MADRID","03604","Madrid- Puerta de Toledo","4315295","Máster Universitario en Tecnologías del Sector Financiero: Fintech por la Universidad Carlos III de Madrid","4","Ingeniería y Arquitectura","0","No es Interuniversitario","8","No Aplica","1","Se imparte en el curso académico de referencia","2015","1","Activo","2","Estudio semipresencial","0","No se oferta en idioma extranjero","95","125","125","125",,,"60","60"
"2024-25","036","Universidad Carlos III de Madrid","M","Máster","1","Centro","28053711","Centro de Postgrado","28065","GETAFE","03602","Getafe","4311969","Máster Universitario en Teoría y Critica de la Cultura por la Universidad Carlos III de Madrid","1","Artes y Humanidades","0","No es Interuniversitario","8","No Aplica","1","Se imparte en el curso académico de referencia","2010","1","Activo","1","Estudio presencial","0","No se oferta en idioma extranjero","45,02","71,88","84,07","84,07",,,"60","120"
"2024-25","036","Universidad Carlos III de Madrid","M","Máster","1","Centro","28053711","Centro de Postgrado","28079","MADRID","03604","Madrid- Puerta de Toledo","4316681","Máster Universitario en Tributación por la Universidad Carlos III de Madrid","3","Ciencias Sociales y Jurídicas","0","No es Interuniversitario","8","No Aplica","1","Se imparte en el curso académico de referencia","2018","1","Activo","1","Estudio presencial","0","No se oferta en idioma extranjero","110","145","145","145",,,"60","60"
"2024-25","036","Universidad Carlos III de Madrid","M","Máster","1","Centro","28053711","Centro de Postgrado","28079","MADRID","03604","Madrid- Puerta de Toledo","4316264","Máster Universitario en Abogacía Internacional / Master in International Advocacy por la Universidad Carlos III de Madrid","3","Ciencias Sociales y Jurídicas","0","No es Interuniversitario","8","No Aplica","1","Se imparte en el curso académico de referencia","2017","1","Activo","1","Estudio presencial","1","Se oferta en Inglés","150","195","195","195",,,"60","78"
"2024-25","036","Universidad Carlos III de Madrid","M","Máster","1","Centro","28053711","Centro de Postgrado","28079","MADRID","03604","Madrid- Puerta de Toledo","4314769","Máster Universitario en Administración de Empresas / Master in Business Administration-MBA por la Universidad Carlos III de Madrid","3","Ciencias Sociales y Jurídicas","0","No es Interuniversitario","8","No Aplica","1","Se imparte en el curso académico de referencia","2014","1","Activo","1","Estudio presencial","1","Se oferta en Inglés","225","300","300","300",,,"60","76"
"2024-25","036","Universidad Carlos III de Madrid","M","Máster","1","Centro","28053711","Centro de Postgrado","28065","GETAFE","03602","Getafe","4313919","Máster Universitario en Análisis Económico / Master in Economics Analysis por la Universidad Carlos III de Madrid","3","Ciencias Sociales y Jurídicas","0","No es Interuniversitario","8","No Aplica","1","Se imparte en el curso académico de referencia","2006","1","Activo","1","Estudio presencial","1","Se oferta en Inglés","45,02","71,88","84,07","84,07",,,"120","72"
"2024-25","036","Universidad Carlos III de Madrid","M","Máster","1","Centro","28053711","Centro de Postgrado","28079","MADRID","03604","Madrid- Puerta de Toledo","4314804","Máster Universitario en Ciberseguridad por la Universidad Carlos III de Madrid","4","Ingeniería y Arquitectura","0","No es Interuniversitario","8","No Aplica","1","Se imparte en el curso académico de referencia","2014","1","Activo","1","Estudio presencial","1","Se oferta en Inglés","80","100","100","100",,,"60","72"
"2024-25","036","Universidad Carlos III de Madrid","M","Máster","1","Centro","28053711","Centro de Postgrado","28065","GETAFE","03602","Getafe","4315827","Máster Universitario en Ciencias Sociales / Master in Social Sciences por la Universidad Carlos III de Madrid","3","Ciencias Sociales y Jurídicas","0","No es Interuniversitario","8","No Aplica","1","Se imparte en el curso académico de referencia","2016","1","Activo","1","Estudio presencial","1","Se oferta en Inglés","45,02","71,88","84,07","84,07",,,"120","120"
"2024-25","036","Universidad Carlos III de Madrid","M","Máster","1","Centro","28053711","Centro de Postgrado","28079","MADRID","03604","Madrid- Puerta de Toledo","4318007","Máster Universitario en Ciencias Sociales Computacionales/ Computational Social Science por la Universidad Carlos III de Madrid","3","Ciencias Sociales y Jurídicas","0","No es Interuniversitario","8","No Aplica","1","Se imparte en el curso académico de referencia","2022","1","Activo","1","Estudio presencial","1","Se oferta en Inglés","110","145","145","145",,,"60","60"
"2024-25","036","Universidad Carlos III de Madrid","M","Máster","1","Centro","28053711","Centro de Postgrado","28079","MADRID","03604","Madrid- Puerta de Toledo","4314801","Máster Universitario en Derecho de la Unión Europea por la Universidad Carlos III de Madrid","3","Ciencias Sociales y Jurídicas","0","No es Interuniversitario","8","No Aplica","1","Se imparte en el curso académico de referencia","2014","1","Activo","1","Estudio presencial","1","Se oferta en Inglés","95","125","125","125",,,"90","99"
"2024-25","036","Universidad Carlos III de Madrid","M","Máster","1","Centro","28053711","Centro de Postgrado","28079","MADRID","03604","Madrid- Puerta de Toledo","4318067","Máster Universitario en Desarrollo Sostenible y Gobernanza Global/ Global Sustainable Development and Global Governance por la Universidad Carlos III","3","Ciencias Sociales y Jurídicas","0","No es Interuniversitario","8","No Aplica","1","Se imparte en el curso académico de referencia","2022","1","Activo","1","Estudio presencial","1","Se oferta en Inglés","130","170","170","170",,,"90","90"
"2024-25","036","Universidad Carlos III de Madrid","M","Máster","1","Centro","28053711","Centro de Postgrado","28065","GETAFE","03602","Getafe","4312222","Máster Universitario en Desarrollo y Crecimiento Económico / Economic Development and Growth por la Universidad Carlos III de Madrid","3","Ciencias Sociales y Jurídicas","0","No es Interuniversitario","8","No Aplica","1","Se imparte en el curso académico de referencia","2010","1","Activo","1","Estudio presencial","1","Se oferta en Inglés","130","170","170","170",,,"60","66"
"2024-25","036","Universidad Carlos III de Madrid","M","Máster","1","Centro","28053711","Centro de Postgrado","28079","MADRID","03604","Madrid- Puerta de Toledo","4312352","Máster Universitario en Dirección de Empresas / Master in Management por la Universidad Carlos III de Madrid","3","Ciencias Sociales y Jurídicas","0","No es Interuniversitario","8","No Aplica","1","Se imparte en el curso académico de referencia","2011","1","Activo","1","Estudio presencial","1","Se oferta en Inglés","150","195","195","195",,,"60","96"
"2024-25","036","Universidad Carlos III de Madrid","M","Máster","1","Centro","28053711","Centro de Postgrado","28079","MADRID","03604","Madrid- Puerta de Toledo","4314097","Máster Universitario en Dirección de Recursos Humanos / Master in Human Resources Management por la Universidad Carlos III de Madrid","3","Ciencias Sociales y Jurídicas","0","No es Interuniversitario","8","No Aplica","1","Se imparte en el curso académico de referencia","2013","1","Activo","1","Estudio presencial","1","Se oferta en Inglés","150","195","195","195",,,"60","72"
"2024-25","036","Universidad Carlos III de Madrid","M","Máster","1","Centro","28053711","Centro de Postgrado","28065","GETAFE","03602","Getafe","4314722","Máster Universitario en Economía / Master in Economics por la Universidad Carlos III de Madrid","3","Ciencias Sociales y Jurídicas","0","No es Interuniversitario","8","No Aplica","1","Se imparte en el curso académico de referencia","2014","1","Activo","1","Estudio presencial","1","Se oferta en Inglés","130","170","170","170",,,"60","96"
"2024-25","036","Universidad Carlos III de Madrid","M","Máster","1","Centro","28053711","Centro de Postgrado","28065","GETAFE","03602","Getafe","4313969","Máster Universitario en Economía de la Empresa y Finanzas/ Master in Business and Finance por la Universidad Carlos III de Madrid","3","Ciencias Sociales y Jurídicas","0","No es Interuniversitario","8","No Aplica","1","Se imparte en el curso académico de referencia","2006","1","Activo","1","Estudio presencial","1","Se oferta en Inglés","45,02","71,88","84,07","84,07",,,"120","219"
"2024-25","036","Universidad Carlos III de Madrid","M","Máster","1","Centro","28053711","Centro de Postgrado","28065","GETAFE","03602","Getafe","4313547","Máster Universitario en Economía Industrial y Mercados / Master in Industrial Economics and Markets por la Universidad Carlos III de Madrid","3","Ciencias Sociales y Jurídicas","0","No es Interuniversitario","8","No Aplica","1","Se imparte en el curso académico de referencia","2012","1","Activo","1","Estudio presencial","1","Se oferta en Inglés","130","170","170","170",,,"120","126"
"2024-25","036","Universidad Carlos III de Madrid","M","Máster","1","Centro","28053711","Centro de Postgrado","28074","LEGANÉS","03601","Leganés","4317771","Máster Universitario en Erasmus Mundus en Física de Plasmas y Fusión Nuclear / European Master of Science in Nuclear Fusion and Engineering Physics po","4","Ingeniería y Arquitectura","2","Interuniversitario con alguna Universidad extranjera","1","La Universidad SÍ es la coordinadora del estudio Interuniversitario ","1","Se imparte en el curso académico de referencia","2006","1","Activo","1","Estudio presencial","1","Se oferta en Inglés","45,02","71,88","84,07","84,07",,,"120","120"
"2024-25","036","Universidad Carlos III de Madrid","M","Máster","1","Centro","28053711","Centro de Postgrado","28079","MADRID","03604","Madrid- Puerta de Toledo","4316664","Máster Universitario en Estadística para la Ciencia de Datos por la Universidad Carlos III de Madrid","2","Ciencias","0","No es Interuniversitario","8","No Aplica","1","Se imparte en el curso académico de referencia","2018","1","Activo","1","Estudio presencial","1","Se oferta en Inglés","80","100","100","100",,,"60","75"
"2024-25","036","Universidad Carlos III de Madrid","M","Máster","1","Centro","28053711","Centro de Postgrado","28079","MADRID","03604","Madrid- Puerta de Toledo","4312353","Máster Universitario en Finanzas / Master in Finance por la Universidad Carlos III de Madrid","3","Ciencias Sociales y Jurídicas","0","No es Interuniversitario","8","No Aplica","1","Se imparte en el curso académico de referencia","2011","1","Activo","1","Estudio presencial","1","Se oferta en Inglés","150","195","195","195",,,"60","60"
"2024-25","036","Universidad Carlos III de Madrid","M","Máster","1","Centro","28053711","Centro de Postgrado","28079","MADRID","03604","Madrid- Puerta de Toledo","4316680","Máster Universitario en Geopolítica y Estudios Estratégicos / Geopolitics and Strategic Studies por la Universidad Carlos III de Madrid","3","Ciencias Sociales y Jurídicas","0","No es Interuniversitario","8","No Aplica","1","Se imparte en el curso académico de referencia","2018","1","Activo","1","Estudio presencial","1","Se oferta en Inglés","130","170","170","170",,,"90","60"
"2024-25","036","Universidad Carlos III de Madrid","M","Máster","1","Centro","28053711","Centro de Postgrado","28079","MADRID","03604","Madrid- Puerta de Toledo","4318065","Máster Universitario en Gobernanza Económica Europea: Derecho, Política y Economía/ European Economic Governance por la Universidad Carlos III de Madr","3","Ciencias Sociales y Jurídicas","0","No es Interuniversitario","8","No Aplica","1","Se imparte en el curso académico de referencia","2022","1","Activo","1","Estudio presencial","1","Se oferta en Inglés","130","170","170","170",,,"60","60"
"2024-25","036","Universidad Carlos III de Madrid","M","Máster","1","Centro","28053711","Centro de Postgrado","28079","MADRID","03604","Madrid- Puerta de Toledo","4316927","Máster Universitario en Industria Conectada 4.0 / Connected Industry 4.0 por la Universidad Carlos III de Madrid","4","Ingeniería y Arquitectura","0","No es Interuniversitario","8","No Aplica","1","Se imparte en el curso académico de referencia","2019","1","Activo","1","Estudio presencial","1","Se oferta en Inglés","80","100","100","100",,,"60","63"
"2024-25","036","Universidad Carlos III de Madrid","M","Máster","1","Centro","28053711","Centro de Postgrado","28074","LEGANÉS","03601","Leganés","4314463","Máster Universitario en Ingeniería Aeronáutica / Master in Aeronautical Engineering por la Universidad Carlos III de Madrid","4","Ingeniería y Arquitectura","0","No es Interuniversitario","8","No Aplica","1","Se imparte en el curso académico de referencia","2014","1","Activo","1","Estudio presencial","1","Se oferta en Inglés","19,43","51,75","111,8","154,8",,,"90","90"
"2024-25","036","Universidad Carlos III de Madrid","M","Máster","1","Centro","28053711","Centro de Postgrado","28074","LEGANÉS","03601","Leganés","4316958","Máster Universitario en Aprendizaje Automático para la Salud / Master in Machine Learning for Health por la Universidad Carlos III de Madrid","4","Ingeniería y Arquitectura","0","No es Interuniversitario","8","No Aplica","1","Se imparte en el curso académico de referencia","2019","1","Activo","1","Estudio presencial","1","Se oferta en Inglés","45,02","71,88","84,07","84,07",,,"60","102"
"2024-25","036","Universidad Carlos III de Madrid","M","Máster","1","Centro","28053711","Centro de Postgrado","28074","LEGANÉS","03601","Leganés","4316974","Máster Universitario en Ingeniería Espacial / Master in Space Engineering por la Universidad Carlos III de Madrid","4","Ingeniería y Arquitectura","0","No es Interuniversitario","8","No Aplica","1","Se imparte en el curso académico de referencia","2019","1","Activo","1","Estudio presencial","1","Se oferta en Inglés","45,02","71,88","84,07","84,07",,,"90","114"
"2024-25","036","Universidad Carlos III de Madrid","M","Máster","1","Centro","28053711","Centro de Postgrado","28079","MADRID","03604","Madrid- Puerta de Toledo","4316259","Máster Universitario en Ingeniería Fotónica / Master in Photonics Engineering por la Universidad Carlos III de Madrid; la Universidad de Alcalá y la U","4","Ingeniería y Arquitectura","1","Interuniversitario con Universidades españolas","1","La Universidad SÍ es la coordinadora del estudio Interuniversitario ","1","Se imparte en el curso académico de referencia","2017","3","En proceso de extinción","1","Estudio presencial","1","Se oferta en Inglés","45,02","71,88","84,07","84,07",,,"60","63"
"2024-25","036","Universidad Carlos III de Madrid","M","Máster","1","Centro","28053711","Centro de Postgrado","28074","LEGANÉS","03601","Leganés","4313164","Máster Universitario en Ingeniería Matemática / Mathematical Engineering por la Universidad Carlos III de Madrid","4","Ingeniería y Arquitectura","0","No es Interuniversitario","8","No Aplica","1","Se imparte en el curso académico de referencia","2006","3","En proceso de extinción","1","Estudio presencial","1","Se oferta en Inglés","45,02","71,88","84,07","84,07",,,"90","150"
"2024-25","036","Universidad Carlos III de Madrid","M","Máster","1","Centro","28053711","Centro de Postgrado","28074","LEGANÉS","03601","Leganés","4313552","Máster Universitario en Ingeniería Telemática / Master in Telematics Engineering por la Universidad Carlos III de Madrid","4","Ingeniería y Arquitectura","0","No es Interuniversitario","8","No Aplica","0","No se imparte en el curso académico de referencia","2012","3","En proceso de extinción","1","Estudio presencial","1","Se oferta en Inglés","45,02","71,88","84,07","84,07",,,"60","72"
"2024-25","036","Universidad Carlos III de Madrid","M","Máster","1","Centro","28053711","Centro de Postgrado","28079","MADRID","03604","Madrid- Puerta de Toledo","4313138","Máster Universitario en Marketing por la Universidad Carlos III de Madrid","3","Ciencias Sociales y Jurídicas","0","No es Interuniversitario","8","No Aplica","1","Se imparte en el curso académico de referencia","2012","1","Activo","1","Estudio presencial","1","Se oferta en Inglés","150","195","195","195",,,"60","90"
"2024-25","036","Universidad Carlos III de Madrid","M","Máster","1","Centro","28053711","Centro de Postgrado","28074","LEGANÉS","03601","Leganés","4317630","Máster Universitario en Matemática Aplicada y Computacional por la Universidad Carlos III de Madrid","4","Ingeniería y Arquitectura","0","No es Interuniversitario","8","No Aplica","1","Se imparte en el curso académico de referencia","2021","1","Activo","1","Estudio presencial","1","Se oferta en Inglés","45,02","71,88","84,07","84,07",,,"60","60"
"2024-25","036","Universidad Carlos III de Madrid","M","Máster","1","Centro","28053711","Centro de Postgrado","28079","MADRID","03604","Madrid- Puerta de Toledo","4315583","Máster Universitario en Métodos Analíticos para Datos Masivos: Big Data / Master in Big Data Analytics por la Universidad Carlos III de Madrid","4","Ingeniería y Arquitectura","0","No es Interuniversitario","8","No Aplica","1","Se imparte en el curso académico de referencia","2015","1","Activo","1","Estudio presencial","1","Se oferta en Inglés","80","100","100","100",,,"60","66"
"2024-25","036","Universidad Carlos III de Madrid","M","Máster","1","Centro","28053711","Centro de Postgrado","28074","LEGANÉS","03601","Leganés","4313949","Máster Universitario en Tecnologías Avanzadas en Comunicaciones/ Master in Advanced Communications Technologies por la Universidad Carlos III de Madrid","4","Ingeniería y Arquitectura","0","No es Interuniversitario","8","No Aplica","1","Se imparte en el curso académico de referencia","2013","1","Activo","1","Estudio presencial","1","Se oferta en Inglés","45,02","71,88","84,07","84,07",,,"60","90"
"2024-25","036","Universidad Carlos III de Madrid","M","Máster","1","Centro","28053711","Centro de Postgrado","28074","LEGANÉS","03601","Leganés","4313191","Máster Universitario Erasmus Mundus en Física de Plasmas y Fusión Nuclear / European Master of Science in Nuclear Fusion and Engineering Physics (Fusi","2","Ciencias","2","Interuniversitario con alguna Universidad extranjera","1","La Universidad SÍ es la coordinadora del estudio Interuniversitario ","0","No se imparte en el curso académico de referencia","2012","3","En proceso de extinción","1","Estudio presencial","1","Se oferta en Inglés","45,02","71,88","84,07","84,07",,,"120","171"
"2024-25","036","Universidad Carlos III de Madrid","M","Máster","1","Centro","28053711","Centro de Postgrado","28074","LEGANÉS","03601","Leganés","4312225","Máster Universitario en Ingeniería de Telecomunicación por la Universidad Carlos III de Madrid","4","Ingeniería y Arquitectura","0","No es Interuniversitario","8","No Aplica","1","Se imparte en el curso académico de referencia","2010","1","Activo","1","Estudio presencial","2","Existen planes separados, uno de ellos en Inglés","19,43","51,75","111,8","154,8",,,"90","96"
"2024-25","036","Universidad Carlos III de Madrid","M","Máster","1","Centro","28053711","Centro de Postgrado","28074","LEGANÉS","03601","Leganés","4318060","Máster Universitario en Tecnologías e Ingeniería Cuánticas por la Universidad Carlos III de Madrid","4","Ingeniería y Arquitectura","0","No es Interuniversitario","8","No Aplica","1","Se imparte en el curso académico de referencia","2023","1","Activo","1","Estudio presencial","1","Se oferta en Inglés","80","100","100","100",,,"90","90"
"2024-25","036","Universidad Carlos III de Madrid","M","Máster","1","Centro","28053711","Centro de Postgrado","28074","LEGANÉS","03601","Leganés","4318392","Máster Universitario en Ingeniería del Diseño Industrial por la Universidad Carlos III de Madrid","4","Ingeniería y Arquitectura","0","No es Interuniversitario","8","No Aplica","1","Se imparte en el curso académico de referencia","2023","1","Activo","1","Estudio presencial","0","No se oferta en idioma extranjero","45,02","71,88","84,07","84,07",,,"60","120"
"2024-25","036","Universidad Carlos III de Madrid","M","Máster","1","Centro","28053711","Centro de Postgrado","28074","LEGANÉS","03601","Leganés","4318393","Máster Universitario en Ingeniería Circular por la Universidad Carlos III de Madrid","4","Ingeniería y Arquitectura","0","No es Interuniversitario","8","No Aplica","1","Se imparte en el curso académico de referencia","2023","1","Activo","1","Estudio presencial","0","No se oferta en idioma extranjero","45,02","71,88","84,07","84,07",,,"60","120"
"2024-25","036","Universidad Carlos III de Madrid","M","Máster","1","Centro","28051864","Centro Universitario Guardia Civil","28013","ARANJUEZ","03605","Aranjuez","3500222","Máster Universitario en Protección Integral del Medio Ambiente por la Universidad Carlos III de Madrid","3","Ciencias Sociales y Jurídicas","0","No es Interuniversitario","8","No Aplica","1","Se imparte en el curso académico de referencia","2024","1","Activo","3","Estudio no presencial","0","No se oferta en idioma extranjero","0","0","0","0",,,"60","60"
"2024-25","036","Universidad Carlos III de Madrid","M","Máster","1","Centro","28053711","Centro de Postgrado","28074","LEGANÉS","03601","Leganés","3500254","Máster Universitario en Ciencias y Tecnologías Analíticas y Bioanalíticas","2","Ciencias","1","Interuniversitario con Universidades españolas","0","La Universidad NO es la coordinadora del estudio Interuniversitario","1","Se imparte en el curso académico de referencia","2024","1","Activo","1","Estudio presencial","0","No se oferta en idioma extranjero","45,02","71,88","84,07","84,07",,,"60","72"
"2024-25","036","Universidad Carlos III de Madrid","M","Máster","1","Centro","28051864","Centro Universitario Guardia Civil","28013","ARANJUEZ","03605","Aranjuez","3500217","Máster Universitario en Investigación de Delincuencia Económica y Anticorrupción / Master in Economic Crime & Anti-corruption Investigations por la Un","3","Ciencias Sociales y Jurídicas","0","No es Interuniversitario","8","No Aplica","1","Se imparte en el curso académico de referencia","2024","1","Activo","3","Estudio no presencial","0","No se oferta en idioma extranjero","0","0","0","0",,,"60","60"
"2024-25","036","Universidad Carlos III de Madrid","D","Doctorado","1","Centro","28053708","Escuela de Doctorado","28074","LEGANÉS","03601","Leganés","5600030","Doctorado en Ciencia e Ingeniería de Materiales (RD 99/2011)","4","Ingeniería y Arquitectura","0","No es Interuniversitario","8","No Aplica","1","Se imparte en el curso académico de referencia","2012","1","Activo",,,"1","Se oferta en Inglés",,,,,,"390",,
"2024-25","036","Universidad Carlos III de Madrid","D","Doctorado","1","Centro","28053708","Escuela de Doctorado","28074","LEGANÉS","03601","Leganés","5601375","Doctorado en Ciencia y Tecnología Biomédica","4","Ingeniería y Arquitectura","0","No es Interuniversitario","8","No Aplica","1","Se imparte en el curso académico de referencia","2018","1","Activo",,,"1","Se oferta en Inglés",,,,,,"390",,
"2024-25","036","Universidad Carlos III de Madrid","D","Doctorado","1","Centro","28053708","Escuela de Doctorado","28074","LEGANÉS","03601","Leganés","5600609","Doctorado en Ciencia y Tecnología Informática (RD 99/2011)","4","Ingeniería y Arquitectura","0","No es Interuniversitario","8","No Aplica","1","Se imparte en el curso académico de referencia","2013","1","Activo",,,"1","Se oferta en Inglés",,,,,,"390",,
"2024-25","036","Universidad Carlos III de Madrid","D","Doctorado","1","Centro","28053708","Escuela de Doctorado","28065","GETAFE","03602","Getafe","5600021","Doctorado en Derecho (RD 99/2011)","3","Ciencias Sociales y Jurídicas","0","No es Interuniversitario","8","No Aplica","1","Se imparte en el curso académico de referencia","2012","1","Activo",,,"1","Se oferta en Inglés",,,,,,"390",,
"2024-25","036","Universidad Carlos III de Madrid","D","Doctorado","1","Centro","28053708","Escuela de Doctorado","28065","GETAFE","03602","Getafe","5600621","Doctorado en Documentación: Archivos y Bibliotecas en el Entorno Digital (RD 99/2011)","1","Artes y Humanidades","0","No es Interuniversitario","8","No Aplica","1","Se imparte en el curso académico de referencia","2013","1","Activo",,,"1","Se oferta en Inglés",,,,,,"390",,
"2024-25","036","Universidad Carlos III de Madrid","D","Doctorado","1","Centro","28053708","Escuela de Doctorado","28065","GETAFE","03602","Getafe","5600022","Doctorado en Economía (RD 99/2011)","3","Ciencias Sociales y Jurídicas","0","No es Interuniversitario","8","No Aplica","1","Se imparte en el curso académico de referencia","2012","1","Activo",,,"1","Se oferta en Inglés",,,,,,"390",,
"2024-25","036","Universidad Carlos III de Madrid","D","Doctorado","1","Centro","28053708","Escuela de Doctorado","28065","GETAFE","03602","Getafe","5600019","Doctorado en Economía de la Empresa y Métodos Cuantitatívos (RD 99/2011)","3","Ciencias Sociales y Jurídicas","0","No es Interuniversitario","8","No Aplica","0","No se imparte en el curso académico de referencia","2012","4","Extinguido en el curso de referencia",,,"1","Se oferta en Inglés",,,,,,"390",,
"2024-25","036","Universidad Carlos III de Madrid","D","Doctorado","1","Centro","28053708","Escuela de Doctorado","28065","GETAFE","03602","Getafe","5601282","Doctorado en Empresa y Finanzas RD 99/2011)","3","Ciencias Sociales y Jurídicas","0","No es Interuniversitario","8","No Aplica","1","Se imparte en el curso académico de referencia","2016","1","Activo",,,"1","Se oferta en Inglés",,,,,,"390",,
"2024-25","036","Universidad Carlos III de Madrid","D","Doctorado","1","Centro","28053708","Escuela de Doctorado","28065","GETAFE","03602","Getafe","5601333","Doctorado en en Ciencias Sociales/ Social Sciences (RD 99/2011)","3","Ciencias Sociales y Jurídicas","0","No es Interuniversitario","8","No Aplica","1","Se imparte en el curso académico de referencia","2017","1","Activo",,,"1","Se oferta en Inglés",,,,,,"390",,
"2024-25","036","Universidad Carlos III de Madrid","D","Doctorado","1","Centro","28053708","Escuela de Doctorado","28065","GETAFE","03602","Getafe","5600024","Doctorado en Estudios Avanzados en Derechos Humanos (RD 99/2011)","3","Ciencias Sociales y Jurídicas","0","No es Interuniversitario","8","No Aplica","1","Se imparte en el curso académico de referencia","2012","1","Activo",,,"1","Se oferta en Inglés",,,,,,"390",,
"2024-25","036","Universidad Carlos III de Madrid","D","Doctorado","1","Centro","28053708","Escuela de Doctorado","28065","GETAFE","03602","Getafe","5600620","Doctorado en Humanidades (RD 99/2011)","1","Artes y Humanidades","0","No es Interuniversitario","8","No Aplica","1","Se imparte en el curso académico de referencia","2013","1","Activo",,,"1","Se oferta en Inglés",,,,,,"390",,
"2024-25","036","Universidad Carlos III de Madrid","D","Doctorado","1","Centro","28053708","Escuela de Doctorado","28074","LEGANÉS","03601","Leganés","5601449","Doctorado en Ingeniería Aeroespacial","4","Ingeniería y Arquitectura","0","No es Interuniversitario","8","No Aplica","1","Se imparte en el curso académico de referencia","2020","1","Activo",,,"1","Se oferta en Inglés",,,,,,"390",,
"2024-25","036","Universidad Carlos III de Madrid","D","Doctorado","1","Centro","28053708","Escuela de Doctorado","28074","LEGANÉS","03601","Leganés","5600023","Doctorado en Ingeniería Eléctrica, Electrónica y Automática (RD 99/2011)","4","Ingeniería y Arquitectura","0","No es Interuniversitario","8","No Aplica","1","Se imparte en el curso académico de referencia","2012","1","Activo",,,"1","Se oferta en Inglés",,,,,,"390",,
"2024-25","036","Universidad Carlos III de Madrid","D","Doctorado","1","Centro","28053708","Escuela de Doctorado","28074","LEGANÉS","03601","Leganés","5600025","Doctorado en Ingeniería Matemática (RD 99/2011)","4","Ingeniería y Arquitectura","0","No es Interuniversitario","8","No Aplica","1","Se imparte en el curso académico de referencia","2012","1","Activo",,,"1","Se oferta en Inglés",,,,,,"390",,
"2024-25","036","Universidad Carlos III de Madrid","D","Doctorado","1","Centro","28053708","Escuela de Doctorado","28074","LEGANÉS","03601","Leganés","5600028","Doctorado en Ingeniería Mecánica y de Organización Industrial (RD 99/2011)","4","Ingeniería y Arquitectura","0","No es Interuniversitario","8","No Aplica","1","Se imparte en el curso académico de referencia","2012","1","Activo",,,"1","Se oferta en Inglés",,,,,,"390",,
"2024-25","036","Universidad Carlos III de Madrid","D","Doctorado","1","Centro","28053708","Escuela de Doctorado","28074","LEGANÉS","03601","Leganés","5600029","Doctorado en Ingeniería Telemática (RD 99/2011)","4","Ingeniería y Arquitectura","0","No es Interuniversitario","8","No Aplica","1","Se imparte en el curso académico de referencia","2012","1","Activo",,,"1","Se oferta en Inglés",,,,,,"390",,
"2024-25","036","Universidad Carlos III de Madrid","D","Doctorado","1","Centro","28053708","Escuela de Doctorado","28065","GETAFE","03602","Getafe","5600613","Doctorado en Investigación en Medios de Comunicación (RD 99/2011)","1","Artes y Humanidades","0","No es Interuniversitario","8","No Aplica","1","Se imparte en el curso académico de referencia","2013","1","Activo",,,"1","Se oferta en Inglés",,,,,,"390",,
"2024-25","036","Universidad Carlos III de Madrid","D","Doctorado","1","Centro","28053708","Escuela de Doctorado","28074","LEGANÉS","03601","Leganés","5600420","Doctorado en Mecánica de Fluidos (RD 99/2011)","4","Ingeniería y Arquitectura","1","Interuniversitario con Universidades españolas","0","La Universidad NO es la coordinadora del estudio Interuniversitario","1","Se imparte en el curso académico de referencia","2013","1","Activo",,,"1","Se oferta en Inglés",,,,,,"390",,
"2024-25","036","Universidad Carlos III de Madrid","D","Doctorado","1","Centro","28053708","Escuela de Doctorado","28074","LEGANÉS","03601","Leganés","5600026","Doctorado en Plasmas y Fusión Nuclear (RD 99/2011)","4","Ingeniería y Arquitectura","0","No es Interuniversitario","8","No Aplica","1","Se imparte en el curso académico de referencia","2012","1","Activo",,,"1","Se oferta en Inglés",,,,,,"390",,
"2024-25","036","Universidad Carlos III de Madrid","D","Doctorado","1","Centro","28053708","Escuela de Doctorado","28074","LEGANÉS","03601","Leganés","5601487","Doctorado en Tratamiento de Señales e Ingeniería de las Comunicaciones (RD 99/2011)","4","Ingeniería y Arquitectura","0","No es Interuniversitario","8","No Aplica","1","Se imparte en el curso académico de referencia","2022","1","Activo",,,"1","Se oferta en Inglés",,,,,,"390",,
"2024-25","036","Universidad Carlos III de Madrid","D","Doctorado","1","Centro","28053708","Escuela de Doctorado","28065","GETAFE","03602","Getafe","5601103","Doctorado Interuniversitario en Filosofía, Ciencia y Valores (RD 99/2011)","1","Artes y Humanidades","1","Interuniversitario con Universidades españolas","0","La Universidad NO es la coordinadora del estudio Interuniversitario","1","Se imparte en el curso académico de referencia","2014","1","Activo",,,"1","Se oferta en Inglés",,,,,,"390",,
"2024-25","036","Universidad Carlos III de Madrid","D","Doctorado","1","Centro","28053708","Escuela de Doctorado","28065","GETAFE","03602","Getafe","5601160","Doctorado Interuniversitario en Historia Económica (RD 99/2011)","3","Ciencias Sociales y Jurídicas","1","Interuniversitario con Universidades españolas","0","La Universidad NO es la coordinadora del estudio Interuniversitario","0","No se imparte en el curso académico de referencia","2014","4","Extinguido en el curso de referencia",,,"1","Se oferta en Inglés",,,,,,"390",,
"2024-25","036","Universidad Carlos III de Madrid","D","Doctorado","1","Centro","28053708","Escuela de Doctorado","28065","GETAFE","03602","Getafe","5601301","Doctorado Interuniversitario en Historia Económica (UB/UV/UC3M)","3","Ciencias Sociales y Jurídicas","1","Interuniversitario con Universidades españolas","0","La Universidad NO es la coordinadora del estudio Interuniversitario","1","Se imparte en el curso académico de referencia","2017","1","Activo",,,"1","Se oferta en Inglés",,,,,,"390",,
"2024-25","036","Universidad Carlos III de Madrid","D","Doctorado","1","Centro","28053708","Escuela de Doctorado","28074","LEGANÉS","03601","Leganés","5600031","Doctorado Interuniversitario en Multimedia y Comunicaciones (RD 99/2011)","4","Ingeniería y Arquitectura","1","Interuniversitario con Universidades españolas","1","La Universidad SÍ es la coordinadora del estudio Interuniversitario ","1","Se imparte en el curso académico de referencia","2012","3","En proceso de extinción",,,"1","Se oferta en Inglés",,,,,,"390",,
"2024-25","036","Universidad Carlos III de Madrid","D","Doctorado","1","Centro","28053708","Escuela de Doctorado","28074","LEGANÉS","03601","Leganés","5601037","Programa de Doctorado Erasmus Mundus en Ciencia e Ingeniería de la Fusión (RD 99/2011)","4","Ingeniería y Arquitectura","2","Interuniversitario con alguna Universidad extranjera","0","La Universidad NO es la coordinadora del estudio Interuniversitario","1","Se imparte en el curso académico de referencia","2014","1","Activo",,,"1","Se oferta en Inglés",,,,,,"390",,
"2024-25","036","Universidad Carlos III de Madrid","D","Doctorado","1","Centro","28053708","Escuela de Doctorado","28074","LEGANÉS","03601","Leganés","5601532","Doctorado en Estadística para la Ciencia de Datos (RD 99/2011)","4","Ingeniería y Arquitectura","0","No es Interuniversitario","8","No Aplica","1","Se imparte en el curso académico de referencia","2023","1","Activo",,,"1","Se oferta en Inglés",,,,,,"390",,
