Código;Título;Universidad;Nivel académico;Rama;Ámbito;Estado;Detalle
5067000;Arquitecto Técnico;Varias Universidades;Ciclo Corto;Ingeniería y Arquitectura;;Publicado en B.O.E.;(TITULACIÓN EXTINGUIDA)
4005000;Diplomado en Biblioteconomía y Documentación;Varias Universidades;Ciclo Corto;Ciencias Sociales y Jurídicas;;Publicado en B.O.E.;(TITULACIÓN EXTINGUIDA)
4011000;Diplomado en Ciencias Empresariales;Varias Universidades;Ciclo Corto;Ciencias Sociales y Jurídicas;;Publicado en B.O.E.;(TITULACIÓN EXTINGUIDA)
4021000;Diplomado en Educación Social;Varias Universidades;Ciclo Corto;Ciencias Sociales y Jurídicas;;Publicado en B.O.E.;(TITULACIÓN EXTINGUIDA)
4008000;Diplomado en Enfermería;Varias Universidades;Ciclo Corto;Ciencias de la Salud;;Publicado en B.O.E.;(TITULACIÓN EXTINGUIDA)
4004000;Diplomado en Estadística;Varias Universidades;Ciclo Corto;Ciencias;;Publicado en B.O.E.;(TITULACIÓN EXTINGUIDA)
4009000;Diplomado en Fisioterapia;Varias Universidades;Ciclo Corto;Ciencias de la Salud;;Publicado en B.O.E.;(TITULACIÓN EXTINGUIDA)
4018000;Diplomado en Gestión y Administración Pública;Varias Universidades;Ciclo Corto;Ciencias Sociales y Jurídicas;;Publicado en B.O.E.;(TITULACIÓN EXTINGUIDA)
4013000;Diplomado en Podología;Varias Universidades;Ciclo Corto;Ciencias de la Salud;;Publicado en B.O.E.;(TITULACIÓN EXTINGUIDA)
4019000;Diplomado en Relaciones Laborales;Varias Universidades;Ciclo Corto;Ciencias Sociales y Jurídicas;;Publicado en B.O.E.;(TITULACIÓN EXTINGUIDA)
4017000;Diplomado en Terapia Ocupacional;Varias Universidades;Ciclo Corto;Ciencias de la Salud;;Publicado en B.O.E.;(TITULACIÓN EXTINGUIDA)
4010000;Diplomado en Trabajo Social;Varias Universidades;Ciclo Corto;Ciencias Sociales y Jurídicas;;Publicado en B.O.E.;(TITULACIÓN EXTINGUIDA)
4027000;Diplomado en Turismo;Varias Universidades;Ciclo Corto;Ciencias Sociales y Jurídicas;;Publicado en B.O.E.;(TITULACIÓN EXTINGUIDA)
1002000;Ingeniero Agrónomo;Varias Universidades;Segundo Ciclo de Ciclo Largo;Ingeniería y Arquitectura;;Publicado en B.O.E.;(TITULACIÓN EXTINGUIDA)
1002000;Ingeniero Agrónomo;Varias Universidades;Ciclo Largo;Ingeniería y Arquitectura;;Publicado en B.O.E.;(TITULACIÓN EXTINGUIDA)
1019000;Ingeniero de Materiales;Varias Universidades;Sólo Segundo Ciclo;Ingeniería y Arquitectura;;Publicado en B.O.E.;(TITULACIÓN EXTINGUIDA)
1014000;Ingeniero de Organización Industrial;Varias Universidades;Sólo Segundo Ciclo;Ingeniería y Arquitectura;;Publicado en B.O.E.;(TITULACIÓN EXTINGUIDA)
1012000;Ingeniero en Electrónica;Varias Universidades;Sólo Segundo Ciclo;Ingeniería y Arquitectura;;Publicado en B.O.E.;(TITULACIÓN EXTINGUIDA)
1016000;Ingeniero en Geodesia y Cartografía;Varias Universidades;Sólo Segundo Ciclo;Ingeniería y Arquitectura;;Publicado en B.O.E.;(TITULACIÓN EXTINGUIDA)
1011000;Ingeniero en Informática;Varias Universidades;Sólo Segundo Ciclo;Ingeniería y Arquitectura;;Publicado en B.O.E.;(TITULACIÓN EXTINGUIDA)
1011000;Ingeniero en Informática;Varias Universidades;Segundo Ciclo de Ciclo Largo;Ingeniería y Arquitectura;;Publicado en B.O.E.;(TITULACIÓN EXTINGUIDA)
1011000;Ingeniero en Informática;Varias Universidades;Ciclo Largo;Ingeniería y Arquitectura;;Publicado en B.O.E.;(TITULACIÓN EXTINGUIDA)
1009000;Ingeniero Industrial;Varias Universidades;Ciclo Largo;Ingeniería y Arquitectura;;Publicado en B.O.E.;(TITULACIÓN EXTINGUIDA)
1009000;Ingeniero Industrial;Varias Universidades;Segundo Ciclo de Ciclo Largo;Ingeniería y Arquitectura;;Publicado en B.O.E.;(TITULACIÓN EXTINGUIDA)
1015000;Ingeniero Químico;Varias Universidades;Segundo Ciclo de Ciclo Largo;Ingeniería y Arquitectura;;Publicado en B.O.E.;(TITULACIÓN EXTINGUIDA)
1015000;Ingeniero Químico;Varias Universidades;Ciclo Largo;Ingeniería y Arquitectura;;Publicado en B.O.E.;(TITULACIÓN EXTINGUIDA)
5110000;Ingeniero Técnico Agrícola, Especialidad en Explotaciones Agropecuarias;Varias Universidades;Ciclo Corto;Ingeniería y Arquitectura;;Publicado en B.O.E.;(TITULACIÓN EXTINGUIDA)
5111000;Ingeniero Técnico Agrícola, Especialidad en Hortofruticultura y Jardinería;Varias Universidades;Ciclo Corto;Ingeniería y Arquitectura;;Publicado en B.O.E.;(TITULACIÓN EXTINGUIDA)
5112000;Ingeniero Técnico Agrícola, Especialidad en Industrias Agrarias y Alimentarias;Varias Universidades;Ciclo Corto;Ingeniería y Arquitectura;;Publicado en B.O.E.;(TITULACIÓN EXTINGUIDA)
5092000;Ingeniero Técnico de Obras Públicas, Especialidad en Construcciones Civiles;Varias Universidades;Ciclo Corto;Ingeniería y Arquitectura;;Publicado en B.O.E.;(TITULACIÓN EXTINGUIDA)
5093000;Ingeniero Técnico de Obras Públicas, Especialidad en Hidrología;Varias Universidades;Ciclo Corto;Ingeniería y Arquitectura;;Publicado en B.O.E.;(TITULACIÓN EXTINGUIDA)
5094000;Ingeniero Técnico de Obras Públicas, Especialidad en Transportes y Servicios Urbanos;Varias Universidades;Ciclo Corto;Ingeniería y Arquitectura;;Publicado en B.O.E.;(TITULACIÓN EXTINGUIDA)
5101000;Ingeniero Técnico de Telecomunicación, Especialidad en Sonido e Imagen;Varias Universidades;Ciclo Corto;Ingeniería y Arquitectura;;Publicado en B.O.E.;(TITULACIÓN EXTINGUIDA)
5100000;Ingeniero Técnico de Telecomunicación, Especialidad en Telemática;Varias Universidades;Ciclo Corto;Ingeniería y Arquitectura;;Publicado en B.O.E.;(TITULACIÓN EXTINGUIDA)
5047000;Ingeniero Técnico en Diseño Industrial;Varias Universidades;Ciclo Corto;Ingeniería y Arquitectura;;Publicado en B.O.E.;(TITULACIÓN EXTINGUIDA)
5048000;Ingeniero Técnico en Informática de Gestión;Varias Universidades;Ciclo Corto;Ingeniería y Arquitectura;;Publicado en B.O.E.;(TITULACIÓN EXTINGUIDA)
5049000;Ingeniero Técnico en Informática de Sistemas;Varias Universidades;Ciclo Corto;Ingeniería y Arquitectura;;Publicado en B.O.E.;(TITULACIÓN EXTINGUIDA)
5035000;Ingeniero Técnico en Topografía;Varias Universidades;Ciclo Corto;Ingeniería y Arquitectura;;Publicado en B.O.E.;(TITULACIÓN EXTINGUIDA)
5114000;Ingeniero Técnico Forestal, Especialidad en Explotaciones Forestales;Varias Universidades;Ciclo Corto;Ingeniería y Arquitectura;;Publicado en B.O.E.;(TITULACIÓN EXTINGUIDA)
5098000;Ingeniero Técnico Industrial, Especialidad en Electricidad;Varias Universidades;Ciclo Corto;Ingeniería y Arquitectura;;Publicado en B.O.E.;(TITULACIÓN EXTINGUIDA)
5097000;Ingeniero Técnico Industrial, Especialidad en Electrónica Industrial;Varias Universidades;Ciclo Corto;Ingeniería y Arquitectura;;Publicado en B.O.E.;(TITULACIÓN EXTINGUIDA)
5095000;Ingeniero Técnico Industrial, Especialidad en Mecánica;Varias Universidades;Ciclo Corto;Ingeniería y Arquitectura;;Publicado en B.O.E.;(TITULACIÓN EXTINGUIDA)
3037000;Licenciado en Administración y Dirección de Empresas;Varias Universidades;Sólo Segundo Ciclo;Ciencias Sociales y Jurídicas;;Publicado en B.O.E.;(TITULACIÓN EXTINGUIDA)
3037000;Licenciado en Administración y Dirección de Empresas;Varias Universidades;Ciclo Largo;Ciencias Sociales y Jurídicas;;Publicado en B.O.E.;(TITULACIÓN EXTINGUIDA)
3037000;Licenciado en Administración y Dirección de Empresas;Varias Universidades;Segundo Ciclo de Ciclo Largo;Ciencias Sociales y Jurídicas;;Publicado en B.O.E.;(TITULACIÓN EXTINGUIDA)
3063000;Licenciado en Antropología Social y Cultural;Varias Universidades;Sólo Segundo Ciclo;Artes y Humanidades;;Publicado en B.O.E.;(TITULACIÓN EXTINGUIDA)
3035000;Licenciado en Biología;Varias Universidades;Segundo Ciclo de Ciclo Largo;Ciencias;;Publicado en B.O.E.;(TITULACIÓN EXTINGUIDA)
3035000;Licenciado en Biología;Varias Universidades;Ciclo Largo;Ciencias;;Publicado en B.O.E.;(TITULACIÓN EXTINGUIDA)
3036000;Licenciado en Bioquímica;Varias Universidades;Sólo Segundo Ciclo;Ciencias;;Publicado en B.O.E.;(TITULACIÓN EXTINGUIDA)
3064000;Licenciado en Ciencia y Tecnología de los Alimentos;Varias Universidades;Sólo Segundo Ciclo;Ciencias;;Publicado en B.O.E.;(TITULACIÓN EXTINGUIDA)
3064000;Licenciado en Ciencia y Tecnología de los Alimentos;Varias Universidades;Ciclo Largo;Ciencias;;Publicado en B.O.E.;(TITULACIÓN EXTINGUIDA)
3076000;Licenciado en Ciencias Actuariales y Financieras;Varias Universidades;Sólo Segundo Ciclo;Ciencias Sociales y Jurídicas;;Publicado en B.O.E.;(TITULACIÓN EXTINGUIDA)
3077000;Licenciado en Ciencias Ambientales;Varias Universidades;Segundo Ciclo de Ciclo Largo;Ciencias;;Publicado en B.O.E.;(TITULACIÓN EXTINGUIDA)
3077000;Licenciado en Ciencias Ambientales;Varias Universidades;Ciclo Largo;Ciencias;;Publicado en B.O.E.;(TITULACIÓN EXTINGUIDA)
3078000;Licenciado en Ciencias de la Actividad Física y del Deporte;Varias Universidades;Ciclo Largo;Ciencias Sociales y Jurídicas;;Publicado en B.O.E.;(TITULACIÓN EXTINGUIDA)
3078000;Licenciado en Ciencias de la Actividad Física y del Deporte;Varias Universidades;Segundo Ciclo de Ciclo Largo;Ciencias Sociales y Jurídicas;;Publicado en B.O.E.;(TITULACIÓN EXTINGUIDA)
3079000;Licenciado en Ciencias y Técnicas Estadísticas;Varias Universidades;Sólo Segundo Ciclo;Ciencias;;Publicado en B.O.E.;(TITULACIÓN EXTINGUIDA)
3065000;Licenciado en Comunicación Audiovisual;Varias Universidades;Sólo Segundo Ciclo;Ciencias Sociales y Jurídicas;;Publicado en B.O.E.;(TITULACIÓN EXTINGUIDA)
3065000;Licenciado en Comunicación Audiovisual;Varias Universidades;Ciclo Largo;Ciencias Sociales y Jurídicas;;Publicado en B.O.E.;(TITULACIÓN EXTINGUIDA)
3065000;Licenciado en Comunicación Audiovisual;Varias Universidades;Segundo Ciclo de Ciclo Largo;Ciencias Sociales y Jurídicas;;Publicado en B.O.E.;(TITULACIÓN EXTINGUIDA)
3024000;Licenciado en Derecho;Varias Universidades;Segundo Ciclo de Ciclo Largo;Ciencias Sociales y Jurídicas;;Publicado en B.O.E.;(TITULACIÓN EXTINGUIDA)
3024000;Licenciado en Derecho;Varias Universidades;Ciclo Largo;Ciencias Sociales y Jurídicas;;Publicado en B.O.E.;(TITULACIÓN EXTINGUIDA)
3068000;Licenciado en Documentación;Varias Universidades;Sólo Segundo Ciclo;Ciencias Sociales y Jurídicas;;Publicado en B.O.E.;(TITULACIÓN EXTINGUIDA)
3038000;Licenciado en Economía;Varias Universidades;Ciclo Largo;Ciencias Sociales y Jurídicas;;Publicado en B.O.E.;(TITULACIÓN EXTINGUIDA)
3038000;Licenciado en Economía;Varias Universidades;Segundo Ciclo de Ciclo Largo;Ciencias Sociales y Jurídicas;;Publicado en B.O.E.;(TITULACIÓN EXTINGUIDA)
3081000;Licenciado en Enología;Varias Universidades;Sólo Segundo Ciclo;Ciencias;;Publicado en B.O.E.;(TITULACIÓN EXTINGUIDA)
3048000;Licenciado en Filología Clásica;Varias Universidades;Ciclo Largo;Artes y Humanidades;;Publicado en B.O.E.;(TITULACIÓN EXTINGUIDA)
3048000;Licenciado en Filología Clásica;Varias Universidades;Segundo Ciclo de Ciclo Largo;Artes y Humanidades;;Publicado en B.O.E.;(TITULACIÓN EXTINGUIDA)
3050000;Licenciado en Filología Francesa;Varias Universidades;Segundo Ciclo de Ciclo Largo;Artes y Humanidades;;Publicado en B.O.E.;(TITULACIÓN EXTINGUIDA)
3050000;Licenciado en Filología Francesa;Varias Universidades;Ciclo Largo;Artes y Humanidades;;Publicado en B.O.E.;(TITULACIÓN EXTINGUIDA)
3053000;Licenciado en Filología Hispánica;Varias Universidades;Ciclo Largo;Artes y Humanidades;;Publicado en B.O.E.;(TITULACIÓN EXTINGUIDA)
3053000;Licenciado en Filología Hispánica;Varias Universidades;Segundo Ciclo de Ciclo Largo;Artes y Humanidades;;Publicado en B.O.E.;(TITULACIÓN EXTINGUIDA)
3054000;Licenciado en Filología Inglesa;Varias Universidades;Segundo Ciclo de Ciclo Largo;Artes y Humanidades;;Publicado en B.O.E.;(TITULACIÓN EXTINGUIDA)
3054000;Licenciado en Filología Inglesa;Varias Universidades;Ciclo Largo;Artes y Humanidades;;Publicado en B.O.E.;(TITULACIÓN EXTINGUIDA)
3056000;Licenciado en Filología Portuguesa;Varias Universidades;Ciclo Largo;Artes y Humanidades;;Publicado en B.O.E.;(TITULACIÓN EXTINGUIDA)
3056000;Licenciado en Filología Portuguesa;Varias Universidades;Segundo Ciclo de Ciclo Largo;Artes y Humanidades;;Publicado en B.O.E.;(TITULACIÓN EXTINGUIDA)
3032000;Licenciado en Física;Varias Universidades;Ciclo Largo;Ciencias;;Publicado en B.O.E.;(TITULACIÓN EXTINGUIDA)
3060000;Licenciado en Geografía;Varias Universidades;Ciclo Largo;Artes y Humanidades;;Publicado en B.O.E.;(TITULACIÓN EXTINGUIDA)
3061000;Licenciado en Historia;Varias Universidades;Ciclo Largo;Artes y Humanidades;;Publicado en B.O.E.;(TITULACIÓN EXTINGUIDA)
3061000;Licenciado en Historia;Varias Universidades;Segundo Ciclo de Ciclo Largo;Artes y Humanidades;;Publicado en B.O.E.;(TITULACIÓN EXTINGUIDA)
3062000;Licenciado en Historia del Arte;Varias Universidades;Ciclo Largo;Artes y Humanidades;;Publicado en B.O.E.;(TITULACIÓN EXTINGUIDA)
3069000;Licenciado en Humanidades;Varias Universidades;Sólo Segundo Ciclo;Artes y Humanidades;;Publicado en B.O.E.;(TITULACIÓN EXTINGUIDA)
3069000;Licenciado en Humanidades;Varias Universidades;Segundo Ciclo de Ciclo Largo;Artes y Humanidades;;Publicado en B.O.E.;(TITULACIÓN EXTINGUIDA)
3069000;Licenciado en Humanidades;Varias Universidades;Ciclo Largo;Artes y Humanidades;;Publicado en B.O.E.;(TITULACIÓN EXTINGUIDA)
3039000;Licenciado en Investigación y Técnicas de Mercado;Varias Universidades;Sólo Segundo Ciclo;Ciencias Sociales y Jurídicas;;Publicado en B.O.E.;(TITULACIÓN EXTINGUIDA)
3034000;Licenciado en Matemáticas;Varias Universidades;Segundo Ciclo de Ciclo Largo;Ciencias;;Publicado en B.O.E.;(TITULACIÓN EXTINGUIDA)
3034000;Licenciado en Matemáticas;Varias Universidades;Ciclo Largo;Ciencias;;Publicado en B.O.E.;(TITULACIÓN EXTINGUIDA)
3031000;Licenciado en Medicina;Varias Universidades;Ciclo Largo;Ciencias de la Salud;;Publicado en B.O.E.;(TITULACIÓN EXTINGUIDA)
3031000;Licenciado en Medicina;Varias Universidades;Primer Ciclo de Ciclo Largo;Ciencias de la Salud;;Publicado en B.O.E.;(TITULACIÓN EXTINGUIDA)
3001000;Licenciado en Medicina y Cirugía;Varias Universidades;Ciclo Largo;Ciencias de la Salud;;Publicado en B.O.E.;(TITULACIÓN EXTINGUIDA)
3073000;Licenciado en Psicopedagogía;Varias Universidades;Sólo Segundo Ciclo;Ciencias Sociales y Jurídicas;;Publicado en B.O.E.;(TITULACIÓN EXTINGUIDA)
3073000;Licenciado en Psicopedagogía;Varias Universidades;Ciclo Largo;Ciencias Sociales y Jurídicas;;Publicado en B.O.E.;(TITULACIÓN EXTINGUIDA)
3074000;Licenciado en Química;Varias Universidades;Ciclo Largo;Ciencias;;Publicado en B.O.E.;(TITULACIÓN EXTINGUIDA)
3074000;Licenciado en Química;Varias Universidades;Primer Ciclo de Ciclo Largo;Ciencias;;Publicado en B.O.E.;(TITULACIÓN EXTINGUIDA)
3074000;Licenciado en Química;Varias Universidades;Segundo Ciclo de Ciclo Largo;Ciencias;;Publicado en B.O.E.;(TITULACIÓN EXTINGUIDA)
3059000;Licenciado en Teoría de la Literatura y Literatura Comparada;Varias Universidades;Sólo Segundo Ciclo;Artes y Humanidades;;Publicado en B.O.E.;(TITULACIÓN EXTINGUIDA)
3003000;Licenciado en Veterinaria;Varias Universidades;Ciclo Largo;Ciencias de la Salud;;Publicado en B.O.E.;(TITULACIÓN EXTINGUIDA)
4036000;Maestro-Especialidad de Audición y Lenguaje;Varias Universidades;Ciclo Corto;Ciencias Sociales y Jurídicas;;Publicado en B.O.E.;(TITULACIÓN EXTINGUIDA)
4035000;Maestro-Especialidad de Educación Especial;Varias Universidades;Ciclo Corto;Ciencias Sociales y Jurídicas;;Publicado en B.O.E.;(TITULACIÓN EXTINGUIDA)
4033000;Maestro-Especialidad de Educación Física;Varias Universidades;Ciclo Corto;Ciencias Sociales y Jurídicas;;Publicado en B.O.E.;(TITULACIÓN EXTINGUIDA)
4030000;Maestro-Especialidad de Educación Infantil;Varias Universidades;Ciclo Corto;Ciencias Sociales y Jurídicas;;Publicado en B.O.E.;(TITULACIÓN EXTINGUIDA)
4034000;Maestro-Especialidad de Educación Musical;Varias Universidades;Ciclo Corto;Ciencias Sociales y Jurídicas;;Publicado en B.O.E.;(TITULACIÓN EXTINGUIDA)
4031000;Maestro-Especialidad de Educación Primaria;Varias Universidades;Ciclo Corto;Ciencias Sociales y Jurídicas;;Publicado en B.O.E.;(TITULACIÓN EXTINGUIDA)
4032000;Maestro-Especialidad de Lengua Extranjera;Varias Universidades;Ciclo Corto;Ciencias Sociales y Jurídicas;;Publicado en B.O.E.;(TITULACIÓN EXTINGUIDA)
4001557;Doctor en Programa Oficial de Posgrado Básico de Investigación en Técnicas y Procesos Industriales;Universidad de Extremadura;Doctor - RD 56/2005 (2);;;"Autorizado por Comunidad Aut&oacute;noma";(TITULACIÓN EXTINGUIDA)
4000466;Doctor en Programa Oficial de Posgrado en Ciencia y tecnología de la carne;Universidad de Extremadura;Doctor - RD 56/2005 (2);;;"Autorizado por Comunidad Aut&oacute;noma";(TITULACIÓN EXTINGUIDA)
4001556;Doctor en Programa Oficial de Posgrado en Contaminación Ambiental: Prevención, Vigilancia y Corrección;Universidad de Extremadura;Doctor - RD 56/2005 (2);;;"Autorizado por Comunidad Aut&oacute;noma";(TITULACIÓN EXTINGUIDA)
4000694;Doctor en Programa Oficial de Posgrado en gestión de calidad y trazabilidad en alimentos de origen vegetal;Universidad de Extremadura;Doctor - RD 56/2005 (2);;;"Autorizado por Comunidad Aut&oacute;noma";(TITULACIÓN EXTINGUIDA)
4000467;Doctor en Programa Oficial de Posgrado en Gestión del conocimiento biomédico e investigación clínica;Universidad de Extremadura;Doctor - RD 56/2005 (2);;;"Autorizado por Comunidad Aut&oacute;noma";(TITULACIÓN EXTINGUIDA)
4000047;Doctor en Programa Oficial de Posgrado en Investigación en la Enseñanza y el Aprendizaje de las Ciencias Sociales, Experimentales;Universidad de Extremadura;Doctor - RD 56/2005 (2);;;"Autorizado por Comunidad Aut&oacute;noma";(TITULACIÓN EXTINGUIDA)
4001558;Doctor en Programa Oficial de Posgrado en Seguridad y salud laboral;Universidad de Extremadura;Doctor - RD 56/2005 (2);;;"Autorizado por Comunidad Aut&oacute;noma";(TITULACIÓN EXTINGUIDA)
5600417;Programa de Doctorado en Arqueología Espacial por la Universidad de Extremadura y la Universidad de Jaén;(Conjunto);Doctor - RD 99/2011 (0);;;Publicado en B.O.E.;(TITULACIÓN RENOVADA)
5600790;Programa de Doctorado en Biología Molecular y Celular, Biomedicina y Biotecnología por la Universidad de Extremadura;Universidad de Extremadura;Doctor - RD 99/2011 (0);;;Publicado en B.O.E.;(TITULACIÓN RENOVADA)
5600762;Programa de Doctorado en Biomarcadores de Salud y Estados Patológicos por la Universidad de Extremadura;Universidad de Extremadura;Doctor - RD 99/2011 (0);;;Publicado en B.O.E.;(TITULACIÓN RENOVADA)
5601091;Programa de Doctorado en Ciencia de los Alimentos por la Universidad de Extremadura;Universidad de Extremadura;Doctor - RD 99/2011 (0);;;Publicado en B.O.E.;(TITULACIÓN RENOVADA)
5601273;Programa de Doctorado en Ciencia y Tecnología de los Sistemas Agroforestales por la Universidad de Extremadura;Universidad de Extremadura;Doctor - RD 99/2011 (0);;;Publicado en B.O.E.;(TITULACIÓN RENOVADA)
5600795;Programa de Doctorado en Ciencia y Tecnología de Nuevos Materiales por la Universidad de Extremadura y la Universidad de Sevilla;(Conjunto);Doctor - RD 99/2011 (0);;;Publicado en B.O.E.;(TITULACIÓN RENOVADA)
5600793;Programa de Doctorado en Ciencias del Deporte por la Universidad de Extremadura;Universidad de Extremadura;Doctor - RD 99/2011 (0);;;Publicado en B.O.E.;(TITULACIÓN RENOVADA)
5601075;Programa de Doctorado en Desarrollo Territorial Sostenible por la Universidad de Extremadura;Universidad de Extremadura;Doctor - RD 99/2011 (0);;;Publicado en B.O.E.;(TITULACIÓN RENOVADA)
5601260;Programa de Doctorado en Economía y Empresa por la Universidad de Extremadura;Universidad de Extremadura;Doctor - RD 99/2011 (0);;;Publicado en B.O.E.;(TITULACIÓN RENOVADA)
5601275;Programa de Doctorado en Información y Comunicación por la Universidad de Extremadura;Universidad de Extremadura;Doctor - RD 99/2011 (0);;;Publicado en B.O.E.;(TITULACIÓN RENOVADA)
5601434;Programa de Doctorado en Ingenierías Industriales por la Universidad de Extremadura;Universidad de Extremadura;Doctor - RD 99/2011 (0);;;Publicado en B.O.E.;
5600791;Programa de Doctorado en Innovación en Formación del Profesorado. Asesoramiento, Análisis de la Práctica Educativa y TIC en Educación por la Universidad de Extremadura;Universidad de Extremadura;Doctor - RD 99/2011 (0);;;Publicado en B.O.E.;(TITULACIÓN RENOVADA)
5600788;Programa de Doctorado en Investigación Biomédica Aplicada por la Universidad de Extremadura;Universidad de Extremadura;Doctor - RD 99/2011 (0);;;Publicado en B.O.E.;(TITULACIÓN RENOVADA)
5601003;Programa de Doctorado en Investigación en la Enseñanza y el Aprendizaje de las Ciencias Experimentales, Sociales, Matemáticas y la Actividad Física y Deportiva/Research in the Teaching and Learning of Experimental Sciences, Social, Mathematics and Sport and Physical Activity por la Universidad de Extremadura y la Universidad de Huelva;(Conjunto);Doctor - RD 99/2011 (0);;;Publicado en B.O.E.;(TITULACIÓN RENOVADA)
5600301;"Programa de Doctorado en Lenguas y Culturas por la Universidad de Córdoba; la Universidad de Extremadura; la Universidad de Huelva y la Universidad de Jaén";(Conjunto);Doctor - RD 99/2011 (0);;;Publicado en B.O.E.;(TITULACIÓN RENOVADA)
5600785;Programa de Doctorado en Modelización y Experimentación en Ciencia y Tecnología por la Universidad de Extremadura;Universidad de Extremadura;Doctor - RD 99/2011 (0);;;Publicado en B.O.E.;(TITULACIÓN RENOVADA)
5600390;"Programa de Doctorado en Patrimonio por la Universidad de Córdoba; la Universidad de Extremadura; la Universidad de Huelva y la Universidad de Jaén";(Conjunto);Doctor - RD 99/2011 (0);;;Publicado en B.O.E.;(TITULACIÓN RENOVADA)
5601089;Programa de Doctorado en Psicología por la Universidad de Extremadura;Universidad de Extremadura;Doctor - RD 99/2011 (0);;;Publicado en B.O.E.;(TITULACIÓN RENOVADA)
5601090;"Programa de Doctorado en Química Sostenible por la Universidad de Castilla-La Mancha; la Universidad de Extremadura; la Universidad Jaume I de Castellón; la Universitat de València (Estudi General) y la Universitat Politècnica de València";(Conjunto);Doctor - RD 99/2011 (0);;;Publicado en B.O.E.;(TITULACIÓN RENOVADA)
5600888;"Programa de Doctorado en Química Teórica y Modelización Computacional/Theoretical Chemistry and Computational Modelling por la Universidad Autónoma de Madrid; la Universidad Complutense de Madrid; la Universidad de Barcelona; la Universidad de Cantabria; la Universidad de Extremadura; la Universidad de las Illes Balears; la Universidad de Murcia; la Universidad de Oviedo; la Universidad de Sevilla; la Universidad de Vigo; la Universidad del País Vasco/Euskal Herriko Unibertsitatea; la Universidad Jaume I de Castellón y la Universitat de València (Estudi General)";(Conjunto);Doctor - RD 99/2011 (0);;;Publicado en B.O.E.;(TITULACIÓN RENOVADA)
5600789;Programa de Doctorado en Salud Pública y Animal por la Universidad de Extremadura;Universidad de Extremadura;Doctor - RD 99/2011 (0);;;Publicado en B.O.E.;(TITULACIÓN RENOVADA)
5601345;"Programa de Doctorado en Salud y Motricidad Humana por la Universidad de A Coruña; la Universidad de Extremadura y la Universidad de León";(Conjunto);Doctor - RD 99/2011 (0);;;Publicado en B.O.E.;(TITULACIÓN RENOVADA)
5600869;Programa de Doctorado en Tecnología Aeroespacial: Ingenierías Electromagnética, Electrónica, Informática y Mecánica por la Universidad de Extremadura y la Universidad de Vigo;(Conjunto);Doctor - RD 99/2011 (0);;;Publicado en B.O.E.;
5601212;Programa de Doctorado en Tecnologías Informáticas (TIN) por la Universidad de Extremadura;Universidad de Extremadura;Doctor - RD 99/2011 (0);;;Publicado en B.O.E.;(TITULACIÓN RENOVADA)
5601390;"Programa de Doctorado en Turismo por la Universidad Antonio de Nebrija; la Universidad Complutense de Madrid; la Universidad de Alicante; la Universidad de Cádiz; la Universidad de Extremadura; la Universidad de La Laguna; la Universidad de Málaga; la Universidad de Santiago de Compostela; la Universidad de Sevilla; la Universidad de Vigo; la Universidad Rey Juan Carlos y la Universitat Oberta de Catalunya";(Conjunto);Doctor - RD 99/2011 (0);;;Publicado en B.O.E.;
5311226;Programa Oficial de Doctorado en Actualización en Atención Sociosanitaria;Universidad de Extremadura;Doctor - RD 1393/2007 (1);;;Publicado en B.O.E.;(TITULACIÓN EXTINGUIDA)
5311227;Programa Oficial de Doctorado en Anatomía, Biología Celular y Zoología;Universidad de Extremadura;Doctor - RD 1393/2007 (1);;;Publicado en B.O.E.;(TITULACIÓN EXTINGUIDA)
5311228;Programa Oficial de Doctorado en Biología Vegetal, Ecología y Ciencias de la Tierra;Universidad de Extremadura;Doctor - RD 1393/2007 (1);;;Publicado en B.O.E.;(TITULACIÓN EXTINGUIDA)
5311229;Programa Oficial de Doctorado en Biomedicina;Universidad de Extremadura;Doctor - RD 1393/2007 (1);;;Publicado en B.O.E.;(TITULACIÓN EXTINGUIDA)
5311230;Programa Oficial de Doctorado en Bioquímica y Biología Molecular y Genética;Universidad de Extremadura;Doctor - RD 1393/2007 (1);;;Publicado en B.O.E.;(TITULACIÓN EXTINGUIDA)
5311231;Programa Oficial de Doctorado en Ciencia de los Alimentos;Universidad de Extremadura;Doctor - RD 1393/2007 (1);;;Publicado en B.O.E.;(TITULACIÓN EXTINGUIDA)
5311232;Programa Oficial de Doctorado en Ciencia y Tecnología Química;Universidad de Extremadura;Doctor - RD 1393/2007 (1);;;Publicado en B.O.E.;(TITULACIÓN EXTINGUIDA)
5311233;Programa Oficial de Doctorado en Ciencias de la Antigüedad;Universidad de Extremadura;Doctor - RD 1393/2007 (1);;;Publicado en B.O.E.;(TITULACIÓN EXTINGUIDA)
5311234;Programa Oficial de Doctorado en Ciencias de la Información de la Comunicación;Universidad de Extremadura;Doctor - RD 1393/2007 (1);;;Publicado en B.O.E.;(TITULACIÓN EXTINGUIDA)
5311235;Programa Oficial de Doctorado en Derecho Privado;Universidad de Extremadura;Doctor - RD 1393/2007 (1);;;Publicado en B.O.E.;(TITULACIÓN EXTINGUIDA)
5311236;Programa Oficial de Doctorado en Derecho Público;Universidad de Extremadura;Doctor - RD 1393/2007 (1);;;Publicado en B.O.E.;(TITULACIÓN EXTINGUIDA)
5311606;Programa Oficial de Doctorado en Didáctica de las Lenguas, las Literaturas y las Ciencias Sociales;Universidad de Extremadura;Doctor - RD 1393/2007 (1);;;Publicado en B.O.E.;(TITULACIÓN EXTINGUIDA)
5311237;Programa Oficial de Doctorado en Dirección de Empresas y Sociología;Universidad de Extremadura;Doctor - RD 1393/2007 (1);;;Publicado en B.O.E.;(TITULACIÓN EXTINGUIDA)
5311238;Programa Oficial de Doctorado en Economía;Universidad de Extremadura;Doctor - RD 1393/2007 (1);;;Publicado en B.O.E.;(TITULACIÓN EXTINGUIDA)
5311239;Programa Oficial de Doctorado en Economía Financiera y Contabilidad;Universidad de Extremadura;Doctor - RD 1393/2007 (1);;;Publicado en B.O.E.;(TITULACIÓN EXTINGUIDA)
5311240;Programa Oficial de Doctorado en Estudios Filológicos y Lingüísticos;Universidad de Extremadura;Doctor - RD 1393/2007 (1);;;Publicado en B.O.E.;(TITULACIÓN EXTINGUIDA)
5311241;Programa Oficial de Doctorado en Estudios Ingleses;Universidad de Extremadura;Doctor - RD 1393/2007 (1);;;Publicado en B.O.E.;(TITULACIÓN EXTINGUIDA)
5311242;Programa Oficial de Doctorado en Física;Universidad de Extremadura;Doctor - RD 1393/2007 (1);;;Publicado en B.O.E.;(TITULACIÓN EXTINGUIDA)
5311243;Programa Oficial de Doctorado en Física Aplicada;Universidad de Extremadura;Doctor - RD 1393/2007 (1);;;Publicado en B.O.E.;(TITULACIÓN EXTINGUIDA)
5311244;Programa Oficial de Doctorado en Fisiología e Inmunología;Universidad de Extremadura;Doctor - RD 1393/2007 (1);;;Publicado en B.O.E.;(TITULACIÓN EXTINGUIDA)
5311245;Programa Oficial de Doctorado en Formación del Profesorado y Tecnologías de la Información y la Comunicación en Educación;Universidad de Extremadura;Doctor - RD 1393/2007 (1);;;Publicado en B.O.E.;(TITULACIÓN EXTINGUIDA)
5311246;Programa Oficial de Doctorado en Geografía y Ordenación del Territorio;Universidad de Extremadura;Doctor - RD 1393/2007 (1);;;Publicado en B.O.E.;(TITULACIÓN EXTINGUIDA)
5311247;Programa Oficial de Doctorado en Historia;Universidad de Extremadura;Doctor - RD 1393/2007 (1);;;Publicado en B.O.E.;(TITULACIÓN EXTINGUIDA)
5311248;Programa Oficial de Doctorado en Historia del Arte y Patrimonio Histórico - Artístico;Universidad de Extremadura;Doctor - RD 1393/2007 (1);;;Publicado en B.O.E.;(TITULACIÓN EXTINGUIDA)
5311607;Programa Oficial de Doctorado en Ingeniería Agronómica y Forestal;Universidad de Extremadura;Doctor - RD 1393/2007 (1);;;Publicado en B.O.E.;(TITULACIÓN EXTINGUIDA)
5311249;Programa Oficial de Doctorado en Ingeniería Eléctrica, Electrónica y Automática;Universidad de Extremadura;Doctor - RD 1393/2007 (1);;;Publicado en B.O.E.;(TITULACIÓN EXTINGUIDA)
5311250;Programa Oficial de Doctorado en Ingeniería Gráfica, Geomática y Proyectos;Universidad de Extremadura;Doctor - RD 1393/2007 (1);;;Publicado en B.O.E.;(TITULACIÓN EXTINGUIDA)
5311251;Programa Oficial de Doctorado en Ingeniería Mecánica;Universidad de Extremadura;Doctor - RD 1393/2007 (1);;;Publicado en B.O.E.;(TITULACIÓN EXTINGUIDA)
5311252;Programa Oficial de Doctorado en Investigación en la Enseñanza y el Aprendizaje de las Ciencias Experimentales, Sociales y Matemáticas;Universidad de Extremadura;Doctor - RD 1393/2007 (1);;;Publicado en B.O.E.;(TITULACIÓN EXTINGUIDA)
5311608;Programa Oficial de Doctorado en Las Actividades Físicas y Artísticas;Universidad de Extremadura;Doctor - RD 1393/2007 (1);;;Publicado en B.O.E.;(TITULACIÓN EXTINGUIDA)
5311253;Programa Oficial de Doctorado en Lenguas Modernas y Literaturas Comparadas;Universidad de Extremadura;Doctor - RD 1393/2007 (1);;;Publicado en B.O.E.;(TITULACIÓN EXTINGUIDA)
5311257;Programa Oficial de Doctorado en Matemáticas;Universidad de Extremadura;Doctor - RD 1393/2007 (1);;;Publicado en B.O.E.;(TITULACIÓN EXTINGUIDA)
5311254;Programa Oficial de Doctorado en Psicología;Universidad de Extremadura;Doctor - RD 1393/2007 (1);;;Publicado en B.O.E.;(TITULACIÓN EXTINGUIDA)
5310834;"Programa Oficial de Doctorado en Química Sostenible por la Universidad de Castilla-La Mancha; la Universidad de Extremadura; la Universidad Jaume I de Castellón; la Universidad Pública de Navarra; la Universitat de València (Estudi General) y la Universitat Politècnica de València";(Conjunto);Doctor - RD 1393/2007 (1);;;Publicado en B.O.E.;(TITULACIÓN EXTINGUIDA)
5310092;Programa Oficial de Doctorado en Química Teórica y Modelización Computacional;(Conjunto);Doctor - RD 1393/2007 (1);;;Publicado en B.O.E.;(TITULACIÓN EXTINGUIDA)
5311255;Programa Oficial de Doctorado en Tecnologías Informáticas y Comunicaciones;Universidad de Extremadura;Doctor - RD 1393/2007 (1);;;Publicado en B.O.E.;(TITULACIÓN EXTINGUIDA)
5311256;Programa Oficial de Doctorado en Veterinaria;Universidad de Extremadura;Doctor - RD 1393/2007 (1);;;Publicado en B.O.E.;(TITULACIÓN EXTINGUIDA)
2500835;Graduado o Graduada en Administración y Dirección de Empresas por la Universidad de Extremadura;Universidad de Extremadura;Grado - RD 1393/2007 (1);Ciencias Sociales y Jurídicas;Ciencias económicas, administración y dirección de empresas, márquetin, comercio, contabilidad y turismo;Publicado en B.O.E.;(TITULACIÓN RENOVADA POR ACREDITACIÓN INSTITUCIONAL)
2501253;Graduado o Graduada en Administración y Gestión Pública por la Universidad de Extremadura;Universidad de Extremadura;Grado - RD 1393/2007 (1);Ciencias Sociales y Jurídicas;Derecho y especialidades jurídicas;Publicado en B.O.E.;(TITULACIÓN RENOVADA POR ACREDITACIÓN INSTITUCIONAL)
2500923;Graduado o Graduada en Biología por la Universidad de Extremadura;Universidad de Extremadura;Grado - RD 1393/2007 (1);Ciencias;Biología y genética;Publicado en B.O.E.;(TITULACIÓN RENOVADA POR ACREDITACIÓN INSTITUCIONAL)
2502909;Graduado o Graduada en Bioquímica por la Universidad de Extremadura;Universidad de Extremadura;Grado - RD 1393/2007 (1);Ciencias;Bioquímica y biotecnología;Publicado en B.O.E.;(TITULACIÓN RENOVADA POR ACREDITACIÓN INSTITUCIONAL)
2502908;Graduado o Graduada en Biotecnología por la Universidad de Extremadura;Universidad de Extremadura;Grado - RD 1393/2007 (1);Ciencias;Bioquímica y biotecnología;Publicado en B.O.E.;(TITULACIÓN RENOVADA POR ACREDITACIÓN INSTITUCIONAL)
2502183;Graduado o Graduada en Ciencia y Tecnología de los Alimentos por la Universidad de Extremadura;Universidad de Extremadura;Grado - RD 1393/2007 (1);Ciencias;Ciencias agrarias y tecnología de los alimentos;Publicado en B.O.E.;(TITULACIÓN RENOVADA POR ACREDITACIÓN INSTITUCIONAL)
2501033;Graduado o Graduada en Ciencias Ambientales por la Universidad de Extremadura;Universidad de Extremadura;Grado - RD 1393/2007 (1);Ciencias;Ciencias medioambientales y ecología;Publicado en B.O.E.;(TITULACIÓN RENOVADA POR ACREDITACIÓN INSTITUCIONAL)
2500488;Graduado o Graduada en Ciencias de la Actividad Física y del Deporte por la Universidad de Extremadura;Universidad de Extremadura;Grado - RD 1393/2007 (1);Ciencias Sociales y Jurídicas;Actividad física y ciencias del deporte;Publicado en B.O.E.;(TITULACIÓN RENOVADA POR ACREDITACIÓN INSTITUCIONAL)
2500318;Graduado o Graduada en Comunicación Audiovisual por la Universidad de Extremadura;Universidad de Extremadura;Grado - RD 1393/2007 (1);Ciencias Sociales y Jurídicas;Periodismo, comunicación, publicidad y relaciones públicas;Publicado en B.O.E.;(TITULACIÓN RENOVADA POR ACREDITACIÓN INSTITUCIONAL)
2503427;Graduado o Graduada en Criminología por la Universidad de Extremadura;Universidad de Extremadura;Grado - RD 1393/2007 (1);Ciencias Sociales y Jurídicas;Derecho y especialidades jurídicas;Publicado en B.O.E.;(TITULACIÓN RENOVADA POR ACREDITACIÓN INSTITUCIONAL)
2501255;Graduado o Graduada en Derecho por la Universidad de Extremadura;Universidad de Extremadura;Grado - RD 1393/2007 (1);Ciencias Sociales y Jurídicas;Derecho y especialidades jurídicas;Publicado en B.O.E.;(TITULACIÓN RENOVADA POR ACREDITACIÓN INSTITUCIONAL)
2500837;Graduado o Graduada en Economía  por la Universidad de Extremadura;Universidad de Extremadura;Grado - RD 1393/2007 (1);Ciencias Sociales y Jurídicas;Ciencias económicas, administración y dirección de empresas, márquetin, comercio, contabilidad y turismo;Publicado en B.O.E.;(TITULACIÓN RENOVADA POR ACREDITACIÓN INSTITUCIONAL)
2500695;Graduado o Graduada en Edificación por la Universidad de Extremadura;Universidad de Extremadura;Grado - RD 1393/2007 (1);Ingeniería y Arquitectura;Arquitectura, construcción, edificación y urbanismo, e ingeniería civil;Publicado en B.O.E.;(TITULACIÓN RENOVADA POR ACREDITACIÓN INSTITUCIONAL)
2500984;Graduado o Graduada en Educación Infantil por la Universidad de Extremadura;Universidad de Extremadura;Grado - RD 1393/2007 (1);Ciencias Sociales y Jurídicas;Ciencias de la educación;Publicado en B.O.E.;(TITULACIÓN RENOVADA POR ACREDITACIÓN INSTITUCIONAL)
2500926;Graduado o Graduada en Educación Primaria por la Universidad de Extremadura;Universidad de Extremadura;Grado - RD 1393/2007 (1);Ciencias Sociales y Jurídicas;Ciencias de la educación;Publicado en B.O.E.;(TITULACIÓN RENOVADA POR ACREDITACIÓN INSTITUCIONAL)
2500838;Graduado o Graduada en Educación Social por la Universidad de Extremadura;Universidad de Extremadura;Grado - RD 1393/2007 (1);Ciencias Sociales y Jurídicas;Ciencias de la educación;Publicado en B.O.E.;(TITULACIÓN RENOVADA POR ACREDITACIÓN INSTITUCIONAL)
2500313;Graduado o Graduada en Enfermería por la Universidad de Extremadura;Universidad de Extremadura;Grado - RD 1393/2007 (1);Ciencias de la Salud;Enfermería;Publicado en B.O.E.;(TITULACIÓN RENOVADA POR ACREDITACIÓN INSTITUCIONAL)
2502184;Graduado o Graduada en Enología por la Universidad de Extremadura;Universidad de Extremadura;Grado - RD 1393/2007 (1);Ciencias;Interdisciplinar;Publicado en B.O.E.;(TITULACIÓN RENOVADA POR ACREDITACIÓN INSTITUCIONAL)
2502185;Graduado o Graduada en Estadística por la Universidad de Extremadura;Universidad de Extremadura;Grado - RD 1393/2007 (1);Ciencias;Matemáticas y estadística;Publicado en B.O.E.;(TITULACIÓN RENOVADA POR ACREDITACIÓN INSTITUCIONAL)
2500694;Graduado o Graduada en Estudios Ingleses por la Universidad de Extremadura;Universidad de Extremadura;Grado - RD 1393/2007 (1);Artes y Humanidades;Filología, estudios clásicos, traducción y lingüística;Publicado en B.O.E.;(TITULACIÓN RENOVADA)
2500919;Graduado o Graduada en Filología Clásica por la Universidad de Extremadura;Universidad de Extremadura;Grado - RD 1393/2007 (1);Artes y Humanidades;Filología, estudios clásicos, traducción y lingüística;Publicado en B.O.E.;(TITULACIÓN RENOVADA)
2500983;Graduado o Graduada en Filología Hispánica por la Universidad de Extremadura;Universidad de Extremadura;Grado - RD 1393/2007 (1);Artes y Humanidades;Filología, estudios clásicos, traducción y lingüística;Publicado en B.O.E.;(TITULACIÓN RENOVADA)
2502186;Graduado o Graduada en Finanzas y Contabilidad por la Universidad de Extremadura;Universidad de Extremadura;Grado - RD 1393/2007 (1);Ciencias Sociales y Jurídicas;;Publicado en B.O.E.;(TITULACIÓN RENOVADA POR ACREDITACIÓN INSTITUCIONAL)
2500924;Graduado o Graduada en Física por la Universidad de Extremadura;Universidad de Extremadura;Grado - RD 1393/2007 (1);Ciencias;Física y astronomía;Publicado en B.O.E.;(TITULACIÓN RENOVADA POR ACREDITACIÓN INSTITUCIONAL)
2500509;Graduado o Graduada en Fisioterapia por la Universidad de Extremadura;Universidad de Extremadura;Grado - RD 1393/2007 (1);Ciencias de la Salud;Fisioterapia, podología, nutrición y dietética, terapia ocupacional, óptica y optometría y logopedia;Publicado en B.O.E.;(TITULACIÓN RENOVADA POR ACREDITACIÓN INSTITUCIONAL)
2500920;Graduado o Graduada en Geografía y Ordenación del Territorio por la Universidad de Extremadura;Universidad de Extremadura;Grado - RD 1393/2007 (1);Artes y Humanidades;Historia, arqueología, geografía, filosofía y humanidades;Publicado en B.O.E.;(TITULACIÓN RENOVADA)
2501254;Graduado o Graduada en Historia del Arte y Patrimonio Histórico-Artístico por la Universidad de Extremadura;Universidad de Extremadura;Grado - RD 822/2021 (2);Artes y Humanidades;Historia del arte y de la expresión artística, y bellas artes;Publicado en B.O.E.;(TITULACIÓN RENOVADA)
2500834;Graduado o Graduada en Historia y Patrimonio Histórico por la Universidad de Extremadura;Universidad de Extremadura;Grado - RD 1393/2007 (1);Artes y Humanidades;Historia, arqueología, geografía, filosofía y humanidades;Publicado en B.O.E.;(TITULACIÓN RENOVADA)
2502187;Graduado o Graduada en Información y Documentación por la Universidad de Extremadura;Universidad de Extremadura;Grado - RD 1393/2007 (1);Ciencias Sociales y Jurídicas;Periodismo, comunicación, publicidad y relaciones públicas;Publicado en B.O.E.;(TITULACIÓN RENOVADA POR ACREDITACIÓN INSTITUCIONAL)
2501034;Graduado o Graduada en Ingeniería Civil - Construcciones Civiles por la Universidad de Extremadura;Universidad de Extremadura;Grado - RD 1393/2007 (1);Ingeniería y Arquitectura;;Publicado en B.O.E.;(TITULACIÓN A EXTINGUIR)
2501035;Graduado o Graduada en Ingeniería Civil - Hidrología por la Universidad de Extremadura;Universidad de Extremadura;Grado - RD 1393/2007 (1);Ingeniería y Arquitectura;;Publicado en B.O.E.;(TITULACIÓN A EXTINGUIR)
2504167;Graduado o Graduada en Ingeniería Civil por la Universidad de Extremadura;Universidad de Extremadura;Grado - RD 1393/2007 (1);Ingeniería y Arquitectura;Arquitectura, construcción, edificación y urbanismo, e ingeniería civil;Publicado en B.O.E.;(TITULACIÓN RENOVADA POR ACREDITACIÓN INSTITUCIONAL)
2501036;Graduado o Graduada en Ingeniería Civil -Transportes y Servicios Urbanos por la Universidad de Extremadura;Universidad de Extremadura;Grado - RD 1393/2007 (1);Ingeniería y Arquitectura;;Publicado en B.O.E.;(TITULACIÓN A EXTINGUIR)
2501037;Graduado o Graduada en Ingeniería de las Explotaciones Agropecuarias por la Universidad de Extremadura;Universidad de Extremadura;Grado - RD 1393/2007 (1);Ingeniería y Arquitectura;Ingeniería química, ingeniería de los materiales e ingeniería del medio natural;Publicado en B.O.E.;(TITULACIÓN RENOVADA POR ACREDITACIÓN INSTITUCIONAL)
2501038;Graduado o Graduada en Ingeniería de las Industrias Agrarias y Alimentarias por la Universidad de Extremadura;Universidad de Extremadura;Grado - RD 1393/2007 (1);Ingeniería y Arquitectura;Ingeniería química, ingeniería de los materiales e ingeniería del medio natural;Publicado en B.O.E.;(TITULACIÓN RENOVADA POR ACREDITACIÓN INSTITUCIONAL)
2502896;Graduado o Graduada en Ingeniería de Materiales por la Universidad de Extremadura;Universidad de Extremadura;Grado - RD 1393/2007 (1);Ingeniería y Arquitectura;;Publicado en B.O.E.;(TITULACIÓN A EXTINGUIR)
2500696;Graduado o Graduada en Ingeniería de Sonido e Imagen en Telecomunicación por la Universidad de Extremadura;Universidad de Extremadura;Grado - RD 1393/2007 (1);Ingeniería y Arquitectura;Ingeniería eléctrica, ingeniería electrónica e ingeniería de la telecomunicación;Publicado en B.O.E.;(TITULACIÓN RENOVADA POR ACREDITACIÓN INSTITUCIONAL)
2501039;Graduado o Graduada en Ingeniería Eléctrica (Rama Industrial) por la Universidad de Extremadura;Universidad de Extremadura;Grado - RD 1393/2007 (1);Ingeniería y Arquitectura;Ingeniería industrial, ingeniería mecánica, ingeniería automática, ingeniería de la organización industrial e ingeniería de la navegación;Publicado en B.O.E.;(TITULACIÓN RENOVADA POR ACREDITACIÓN INSTITUCIONAL)
2501040;Graduado o Graduada en Ingeniería Electrónica y Automática (Rama Industrial) por la Universidad de Extremadura;Universidad de Extremadura;Grado - RD 1393/2007 (1);Ingeniería y Arquitectura;Ingeniería industrial, ingeniería mecánica, ingeniería automática, ingeniería de la organización industrial e ingeniería de la navegación;Publicado en B.O.E.;(TITULACIÓN RENOVADA POR ACREDITACIÓN INSTITUCIONAL)
2500927;Graduado o Graduada en Ingeniería en Diseño Industrial y Desarrollo de Productos por la Universidad de Extremadura;Universidad de Extremadura;Grado - RD 1393/2007 (1);Ingeniería y Arquitectura;Ingeniería industrial, ingeniería mecánica, ingeniería automática, ingeniería de la organización industrial e ingeniería de la navegación;Publicado en B.O.E.;(TITULACIÓN RENOVADA POR ACREDITACIÓN INSTITUCIONAL)
2504263;Graduado o Graduada en Ingeniería en Geoinformación y Geomática por la Universidad de Extremadura;Universidad de Extremadura;Grado - RD 1393/2007 (1);Ingeniería y Arquitectura;Arquitectura, construcción, edificación y urbanismo, e ingeniería civil;Publicado en B.O.E.;(TITULACIÓN RENOVADA POR ACREDITACIÓN INSTITUCIONAL)
2501041;Graduado o Graduada en Ingeniería en Geomática y Topografía por la Universidad de Extremadura;Universidad de Extremadura;Grado - RD 1393/2007 (1);Ingeniería y Arquitectura;;Publicado en B.O.E.;(TITULACIÓN A EXTINGUIR)
2503855;Graduado o Graduada en Ingeniería en Tecnologías Industriales por la Universidad de Extremadura;Universidad de Extremadura;Grado - RD 1393/2007 (1);Ingeniería y Arquitectura;Ingeniería industrial, ingeniería mecánica, ingeniería automática, ingeniería de la organización industrial e ingeniería de la navegación;Publicado en B.O.E.;(TITULACIÓN RENOVADA POR ACREDITACIÓN INSTITUCIONAL)
2501094;Graduado o Graduada en Ingeniería Forestal y del Medio Natural por la Universidad de Extremadura;Universidad de Extremadura;Grado - RD 1393/2007 (1);Ingeniería y Arquitectura;Ingeniería química, ingeniería de los materiales e ingeniería del medio natural;Publicado en B.O.E.;(TITULACIÓN RENOVADA POR ACREDITACIÓN INSTITUCIONAL)
2501042;Graduado o Graduada en Ingeniería Hortofrutícola y Jardinería por la Universidad de Extremadura;Universidad de Extremadura;Grado - RD 1393/2007 (1);Ingeniería y Arquitectura;Ingeniería química, ingeniería de los materiales e ingeniería del medio natural;Publicado en B.O.E.;(TITULACIÓN RENOVADA POR ACREDITACIÓN INSTITUCIONAL)
2502188;Graduado o Graduada en Ingeniería Informática en Ingeniería de Computadores por la Universidad de Extremadura;Universidad de Extremadura;Grado - RD 1393/2007 (1);Ingeniería y Arquitectura;;Publicado en B.O.E.;(TITULACIÓN RENOVADA POR ACREDITACIÓN INSTITUCIONAL)
2502189;Graduado o Graduada en Ingeniería Informática en Ingeniería del Software por la Universidad de Extremadura;Universidad de Extremadura;Grado - RD 1393/2007 (1);Ingeniería y Arquitectura;;Publicado en B.O.E.;(TITULACIÓN RENOVADA POR ACREDITACIÓN INSTITUCIONAL)
2502190;Graduado o Graduada en Ingeniería Informática en Tecnologías de la Información por la Universidad de Extremadura;Universidad de Extremadura;Grado - RD 1393/2007 (1);Ingeniería y Arquitectura;;Publicado en B.O.E.;(TITULACIÓN RENOVADA POR ACREDITACIÓN INSTITUCIONAL)
2500928;Graduado o Graduada en Ingeniería Mecánica (Rama Industrial) por la Universidad de Extremadura;Universidad de Extremadura;Grado - RD 1393/2007 (1);Ingeniería y Arquitectura;Ingeniería industrial, ingeniería mecánica, ingeniería automática, ingeniería de la organización industrial e ingeniería de la navegación;Publicado en B.O.E.;(TITULACIÓN RENOVADA POR ACREDITACIÓN INSTITUCIONAL)
2500929;Graduado o Graduada en Ingeniería Química;Universidad de Extremadura;Grado - RD 1393/2007 (1);Ingeniería y Arquitectura;;Publicado en B.O.E.;(TITULACIÓN EXTINGUIDA)
2502712;Graduado o Graduada en Ingeniería Química Industrial por la Universidad de Extremadura;Universidad de Extremadura;Grado - RD 1393/2007 (1);Ingeniería y Arquitectura;Ingeniería química, ingeniería de los materiales e ingeniería del medio natural;Publicado en B.O.E.;(TITULACIÓN RENOVADA POR ACREDITACIÓN INSTITUCIONAL)
2500697;Graduado o Graduada en Ingeniería Telemática en Telecomunicación por la Universidad de Extremadura;Universidad de Extremadura;Grado - RD 1393/2007 (1);Ingeniería y Arquitectura;;Publicado en B.O.E.;(TITULACIÓN RENOVADA POR ACREDITACIÓN INSTITUCIONAL)
2500921;Graduado o Graduada en Lenguas y Literaturas Modernas-Francés por la Universidad de Extremadura;Universidad de Extremadura;Grado - RD 1393/2007 (1);Artes y Humanidades;Filología, estudios clásicos, traducción y lingüística;Publicado en B.O.E.;(TITULACIÓN RENOVADA)
2500922;Graduado o Graduada en Lenguas y Literaturas Modernas-Portugués por la Universidad de Extremadura;Universidad de Extremadura;Grado - RD 1393/2007 (1);Artes y Humanidades;Filología, estudios clásicos, traducción y lingüística;Publicado en B.O.E.;(TITULACIÓN RENOVADA)
2500982;Graduado o Graduada en Matemáticas por la Universidad de Extremadura;Universidad de Extremadura;Grado - RD 1393/2007 (1);Ciencias;Matemáticas y estadística;Publicado en B.O.E.;(TITULACIÓN RENOVADA POR ACREDITACIÓN INSTITUCIONAL)
2500314;Graduado o Graduada en Medicina por la Universidad de Extremadura;Universidad de Extremadura;Grado - RD 822/2021 (2);Ciencias de la Salud;Medicina y Odontología;Publicado en B.O.E.;(TITULACIÓN RENOVADA POR ACREDITACIÓN INSTITUCIONAL)
2503853;Graduado o Graduada en Periodismo por la Universidad de Extremadura;Universidad de Extremadura;Grado - RD 1393/2007 (1);Ciencias Sociales y Jurídicas;Periodismo, comunicación, publicidad y relaciones públicas;Publicado en B.O.E.;(TITULACIÓN RENOVADA POR ACREDITACIÓN INSTITUCIONAL)
2500315;Graduado o Graduada en Podología por la Universidad de Extremadura;Universidad de Extremadura;Grado - RD 1393/2007 (1);Ciencias de la Salud;Fisioterapia, podología, nutrición y dietética, terapia ocupacional, óptica y optometría y logopedia;Publicado en B.O.E.;(TITULACIÓN RENOVADA POR ACREDITACIÓN INSTITUCIONAL)
2503030;Graduado o Graduada en Psicología por la Universidad de Extremadura;Universidad de Extremadura;Grado - RD 1393/2007 (1);Ciencias Sociales y Jurídicas;Ciencias del comportamiento y psicología;Publicado en B.O.E.;(TITULACIÓN RENOVADA POR ACREDITACIÓN INSTITUCIONAL)
2500925;Graduado o Graduada en Química por la Universidad de Extremadura;Universidad de Extremadura;Grado - RD 1393/2007 (1);Ciencias;Química;Publicado en B.O.E.;(TITULACIÓN RENOVADA POR ACREDITACIÓN INSTITUCIONAL)
2500836;Graduado o Graduada en Relaciones Laborales y Recursos Humanos por la Universidad de Extremadura;Universidad de Extremadura;Grado - RD 1393/2007 (1);Ciencias Sociales y Jurídicas;Ciencias sociales, trabajo social, relaciones laborales y recursos humanos, sociología, ciencia política y relaciones internacionales;Publicado en B.O.E.;(TITULACIÓN RENOVADA POR ACREDITACIÓN INSTITUCIONAL)
2500316;Graduado o Graduada en Terapia Ocupacional por la Universidad de Extremadura;Universidad de Extremadura;Grado - RD 1393/2007 (1);Ciencias de la Salud;Fisioterapia, podología, nutrición y dietética, terapia ocupacional, óptica y optometría y logopedia;Publicado en B.O.E.;(TITULACIÓN RENOVADA POR ACREDITACIÓN INSTITUCIONAL)
2500775;Graduado o Graduada en Trabajo Social por la Universidad de Extremadura;Universidad de Extremadura;Grado - RD 1393/2007 (1);Ciencias Sociales y Jurídicas;Ciencias sociales, trabajo social, relaciones laborales y recursos humanos, sociología, ciencia política y relaciones internacionales;Publicado en B.O.E.;(TITULACIÓN RENOVADA POR ACREDITACIÓN INSTITUCIONAL)
2500839;Graduado o Graduada en Turismo por la Universidad de Extremadura;Universidad de Extremadura;Grado - RD 1393/2007 (1);Ciencias Sociales y Jurídicas;;Publicado en B.O.E.;(TITULACIÓN RENOVADA POR ACREDITACIÓN INSTITUCIONAL)
2500317;Graduado o Graduada en Veterinaria por la Universidad de Extremadura;Universidad de Extremadura;Grado - RD 1393/2007 (1);Ciencias de la Salud;Veterinaria;Publicado en B.O.E.;(TITULACIÓN RENOVADA POR ACREDITACIÓN INSTITUCIONAL)
3002600;Máster Universitario Básico de Investigación en Técnicas y Procesos Industriales;Universidad de Extremadura;Máster - RD 56/2005 (2);Ingeniería y Arquitectura;;"Autorizado por Comunidad Aut&oacute;noma";(TITULACIÓN EXTINGUIDA)
4313641;Máster Universitario en Abogacía y Procura por la Universidad de Extremadura;Universidad de Extremadura;Máster - RD 1393/2007 (1);Ciencias Sociales y Jurídicas;Derecho y especialidades jurídicas;Publicado en B.O.E.;(TITULACIÓN RENOVADA POR ACREDITACIÓN INSTITUCIONAL)
4313643;Máster Universitario en Administración Electrónica por la Universidad de Extremadura;Universidad de Extremadura;Máster - RD 1393/2007 (1);Ingeniería y Arquitectura;;Publicado en B.O.E.;(TITULACIÓN EXTINGUIDA)
4314373;Máster Universitario en Antropología Social por la Universidad de Extremadura;Universidad de Extremadura;Máster - RD 1393/2007 (1);Ciencias Sociales y Jurídicas;Ciencias sociales, trabajo social, relaciones laborales y recursos humanos, sociología, ciencia política y relaciones internacionales;Publicado en B.O.E.;(TITULACIÓN RENOVADA POR ACREDITACIÓN INSTITUCIONAL)
3000391;Máster Universitario en Atención a Pacientes con Dependencias;Universidad de Extremadura;Máster - RD 56/2005 (2);Ciencias Sociales y Jurídicas;;"Autorizado por Comunidad Aut&oacute;noma";(TITULACIÓN EXTINGUIDA)
4318404;Máster Universitario en Atención Temprana por la Universidad de Extremadura;Universidad de Extremadura;Máster - RD 1393/2007 (1);Ciencias Sociales y Jurídicas;Ciencias del comportamiento y psicología;Publicado en B.O.E.;(TITULACIÓN RENOVADA POR ACREDITACIÓN INSTITUCIONAL)
4314167;Máster Universitario en Biotecnología Avanzada por la Universidad de Extremadura;Universidad de Extremadura;Máster - RD 1393/2007 (1);Ciencias;Bioquímica y biotecnología;Publicado en B.O.E.;(TITULACIÓN RENOVADA POR ACREDITACIÓN INSTITUCIONAL)
3000389;Máster Universitario en Ciencia y Tecnología de la Carne;Universidad de Extremadura;Máster - RD 56/2005 (2);Ciencias Sociales y Jurídicas;;"Autorizado por Comunidad Aut&oacute;noma";(TITULACIÓN EXTINGUIDA)
4310700;Máster Universitario en Ciencia y Tecnología de la Carne por la Universidad de Extremadura;Universidad de Extremadura;Máster - RD 1393/2007 (1);Ciencias de la Salud;Ciencias agrarias y tecnología de los alimentos;Publicado en B.O.E.;(TITULACIÓN RENOVADA POR ACREDITACIÓN INSTITUCIONAL)
4315216;Máster Universitario en Cirugía de Mínima Invasión Urológica Avanzada por la Universidad de Extremadura;Universidad de Extremadura;Máster - RD 1393/2007 (1);Ciencias de la Salud;;Publicado en B.O.E.;(TITULACIÓN RENOVADA)
3500384;Máster Universitario en Comercio Internacional por la Universidad de Extremadura;Universidad de Extremadura;Máster - RD 822/2021 (3);Ciencias Sociales y Jurídicas;Ciencias económicas, administración y dirección de empresas, márquetin, comercio, contabilidad y turismo;Publicado en B.O.E.;(TITULACIÓN RENOVADA POR ACREDITACIÓN INSTITUCIONAL)
3001479;Máster Universitario en Computación Grid y Paralelismo;Universidad de Extremadura;Máster - RD 56/2005 (2);Ingeniería y Arquitectura;;"Autorizado por Comunidad Aut&oacute;noma";(TITULACIÓN EXTINGUIDA)
4311196;Máster Universitario en Computación Grid y Paralelismo por la Universidad de Extremadura;Universidad de Extremadura;Máster - RD 1393/2007 (1);Ingeniería y Arquitectura;;Publicado en B.O.E.;(TITULACIÓN EXTINGUIDA)
4314282;Máster Universitario en Computación Verde / Green Computing por la Universidad de Extremadura;Universidad de Extremadura;Máster - RD 1393/2007 (1);Ingeniería y Arquitectura;;Publicado en B.O.E.;(TITULACIÓN EXTINGUIDA)
3002599;Máster Universitario en Contaminación Ambiental: Prevención, Vigilancia y Corrección;Universidad de Extremadura;Máster - RD 56/2005 (2);Ciencias;;"Autorizado por Comunidad Aut&oacute;noma";(TITULACIÓN EXTINGUIDA)
4311198;Máster Universitario en Contaminación Ambiental: Prevención, Vigilancia y Corrección por la Universidad de Extremadura;Universidad de Extremadura;Máster - RD 1393/2007 (1);Ciencias;;Publicado en B.O.E.;(TITULACIÓN EXTINGUIDA)
4315734;Máster Universitario en Creación de Empresas e Innovación por la Universidad de Extremadura;Universidad de Extremadura;Máster - RD 1393/2007 (1);Ciencias Sociales y Jurídicas;;Publicado en B.O.E.;(TITULACIÓN RENOVADA POR ACREDITACIÓN INSTITUCIONAL)
4314161;Máster Universitario en Criminalidad, Intervención Social y Derecho Penal de Menores por la Universidad de Extremadura;Universidad de Extremadura;Máster - RD 1393/2007 (1);Ciencias Sociales y Jurídicas;;Publicado en B.O.E.;(TITULACIÓN EXTINGUIDA)
3002809;Máster Universitario en Desarrollo Rural;Universidad de Extremadura;Máster - RD 56/2005 (2);Artes y Humanidades;;"Autorizado por Comunidad Aut&oacute;noma";(TITULACIÓN EXTINGUIDA)
4311200;Máster Universitario en Desarrollo Rural por la Universidad de Extremadura;Universidad de Extremadura;Máster - RD 1393/2007 (1);Artes y Humanidades;;Publicado en B.O.E.;(TITULACIÓN RENOVADA)
4315228;Máster Universitario en Dirección de Marketing por la Universidad de Extremadura;Universidad de Extremadura;Máster - RD 1393/2007 (1);Ciencias Sociales y Jurídicas;Ciencias económicas, administración y dirección de empresas, márquetin, comercio, contabilidad y turismo;Publicado en B.O.E.;(TITULACIÓN RENOVADA POR ACREDITACIÓN INSTITUCIONAL)
4312508;Máster Universitario en Dirección TIC por la Universidad de Extremadura;Universidad de Extremadura;Máster - RD 1393/2007 (1);Ingeniería y Arquitectura;;Publicado en B.O.E.;(TITULACIÓN RENOVADA POR ACREDITACIÓN INSTITUCIONAL)
4310109;Máster Universitario en Dirección Turística por la Universidad de Extremadura;Universidad de Extremadura;Máster - RD 1393/2007 (1);Ciencias Sociales y Jurídicas;;Publicado en B.O.E.;(TITULACIÓN RENOVADA POR ACREDITACIÓN INSTITUCIONAL)
4317710;Máster Universitario en Dirección y Gestión de Proyectos por la Universidad de Extremadura;Universidad de Extremadura;Máster - RD 1393/2007 (1);Ingeniería y Arquitectura;;Publicado en B.O.E.;(TITULACIÓN RENOVADA POR ACREDITACIÓN INSTITUCIONAL)
4314298;Máster Universitario en Educación Digital por la Universidad de Extremadura;Universidad de Extremadura;Máster - RD 1393/2007 (1);Ciencias Sociales y Jurídicas;Ciencias de la educación;Publicado en B.O.E.;(TITULACIÓN RENOVADA POR ACREDITACIÓN INSTITUCIONAL)
4315220;Máster Universitario en Endoscopia y Cirugía de Mínima Invasión en Pequeños Animales por la Universidad de Extremadura;Universidad de Extremadura;Máster - RD 1393/2007 (1);Ciencias de la Salud;;Publicado en B.O.E.;(TITULACIÓN RENOVADA)
4317620;Máster Universitario en Energías Renovables, Gestión y Eficiencia Energética por la Universidad de Extremadura;Universidad de Extremadura;Máster - RD 1393/2007 (1);Ingeniería y Arquitectura;;Publicado en B.O.E.;(TITULACIÓN RENOVADA POR ACREDITACIÓN INSTITUCIONAL)
4314226;Máster Universitario en Enseñanza Bilingüe en Inglés para la Educación Primaria y Secundaria / Master in Bilingual Education through English for Primary and Secondary School Teachers por la Universidad de Extremadura;Universidad de Extremadura;Máster - RD 1393/2007 (1);Ciencias Sociales y Jurídicas;;Publicado en B.O.E.;(TITULACIÓN RENOVADA POR ACREDITACIÓN INSTITUCIONAL)
4314275;Máster Universitario en Enseñanza de Español como Lengua Extranjera por la Universidad de Extremadura;Universidad de Extremadura;Máster - RD 1393/2007 (1);Artes y Humanidades;;Publicado en B.O.E.;(TITULACIÓN RENOVADA)
4315747;Máster Universitario en Enseñanza de Portugués Lengua Extranjera para Hispanohablantes por la Universidad de Extremadura;Universidad de Extremadura;Máster - RD 1393/2007 (1);Ciencias Sociales y Jurídicas;Ciencias de la educación;Publicado en B.O.E.;(TITULACIÓN RENOVADA POR ACREDITACIÓN INSTITUCIONAL)
4312509;Máster Universitario en Especialización en Geotecnologías Topográficas en la Ingeniería por la Universidad de Extremadura;Universidad de Extremadura;Máster - RD 1393/2007 (1);Ingeniería y Arquitectura;;Publicado en B.O.E.;(TITULACIÓN EXTINGUIDA)
3002594;Máster Universitario en Estudios Textuales;Universidad de Extremadura;Máster - RD 56/2005 (2);;;"Autorizado por Comunidad Aut&oacute;noma";(TITULACIÓN EXTINGUIDA)
3002598;Máster Universitario en Evaluación y Gestión del Ruido Ambiental;Universidad de Extremadura;Máster - RD 56/2005 (2);Ingeniería y Arquitectura;;"Autorizado por Comunidad Aut&oacute;noma";(TITULACIÓN EXTINGUIDA)
4311202;Máster Universitario en Evaluación y Gestión del Ruido Ambiental;Universidad de Extremadura;Máster - RD 1393/2007 (1);Ingeniería y Arquitectura;;Publicado en B.O.E.;(TITULACIÓN EXTINGUIDA)
4310520;Máster Universitario en Formación del Profesorado de Educación Secundaria por la Universidad de Extremadura;Universidad de Extremadura;Máster - RD 1393/2007 (1);Ciencias Sociales y Jurídicas;Ciencias de la educación;Publicado en B.O.E.;(TITULACIÓN RENOVADA POR ACREDITACIÓN INSTITUCIONAL)
4312504;Máster Universitario en Formación en Portugués para Profesorado de Enseñanza Primaria y Secundaria por la Universidad de Extremadura;Universidad de Extremadura;Máster - RD 1393/2007 (1);Ciencias Sociales y Jurídicas;;Publicado en B.O.E.;(TITULACIÓN A EXTINGUIR)
4313655;Máster Universitario en Gerontología por la Universidad de Extremadura;Universidad de Extremadura;Máster - RD 1393/2007 (1);Ciencias Sociales y Jurídicas;Interdisciplinar;Publicado en B.O.E.;(TITULACIÓN RENOVADA POR ACREDITACIÓN INSTITUCIONAL)
3001478;Máster Universitario en Gestión de Calidad y Trazabilidad en Alimentos de Origen Vegetal;Universidad de Extremadura;Máster - RD 56/2005 (2);Ciencias;;"Autorizado por Comunidad Aut&oacute;noma";(TITULACIÓN EXTINGUIDA)
4311204;Máster Universitario en Gestión de Calidad y Trazabilidad en Alimentos de Origen Vegetal  por la Universidad de Extremadura;Universidad de Extremadura;Máster - RD 1393/2007 (1);Ciencias;Ciencias agrarias y tecnología de los alimentos;Publicado en B.O.E.;(TITULACIÓN RENOVADA POR ACREDITACIÓN INSTITUCIONAL)
4312503;Máster Universitario en Gestión de la Ganadería Extensiva por la Universidad de Extremadura;Universidad de Extremadura;Máster - RD 1393/2007 (1);Ciencias de la Salud;;Publicado en B.O.E.;(TITULACIÓN EXTINGUIDA)
4312505;Máster Universitario en Gestión de la Información Digital por la Universidad de Extremadura;Universidad de Extremadura;Máster - RD 1393/2007 (1);Ciencias Sociales y Jurídicas;;Publicado en B.O.E.;(TITULACIÓN A EXTINGUIR)
4315733;Máster Universitario en Gestión de la Información en Redes Sociales y de los Productos Digitales en Internet por la Universidad de Extremadura;Universidad de Extremadura;Máster - RD 1393/2007 (1);Ciencias Sociales y Jurídicas;;Publicado en B.O.E.;(TITULACIÓN RENOVADA POR ACREDITACIÓN INSTITUCIONAL)
4315189;Máster Universitario en Gestión de la Innovación Tecnológica por la Universidad de Extremadura;Universidad de Extremadura;Máster - RD 1393/2007 (1);Ingeniería y Arquitectura;Interdisciplinar;Publicado en B.O.E.;(TITULACIÓN RENOVADA POR ACREDITACIÓN INSTITUCIONAL)
3001110;Máster Universitario en Gestión del Conocimiento Biomédico e Investigación Clínica: Especialidad en Gestión del Conocimiento Biomédico;Universidad de Extremadura;Máster - RD 56/2005 (2);;;"Autorizado por Comunidad Aut&oacute;noma";(TITULACIÓN EXTINGUIDA)
3001111;Máster Universitario en Gestión del Conocimiento Biomédico e Investigación Clínica: Especialidad en Principios  y Prácticas de la Investigación Clínica;Universidad de Extremadura;Máster - RD 56/2005 (2);;;"Autorizado por Comunidad Aut&oacute;noma";(TITULACIÓN EXTINGUIDA)
4310701;Máster Universitario en Gestión del Conocimiento Biomédico e Investigación Clínica por la Universidad de Extremadura;Universidad de Extremadura;Máster - RD 1393/2007 (1);Ciencias de la Salud;;Publicado en B.O.E.;(TITULACIÓN EXTINGUIDA)
3001477;Máster Universitario en Gestión y Dirección Hostelera;Universidad de Extremadura;Máster - RD 56/2005 (2);;;"Autorizado por Comunidad Aut&oacute;noma";(TITULACIÓN EXTINGUIDA)
3500257;"Máster Universitario en Informática Industrial y Robótica por la Universidad de A Coruña; la Universidad de Extremadura y la Universidad de La Laguna";(Conjunto);Máster - RD 822/2021 (3);Ingeniería y Arquitectura;Ingeniería industrial, ingeniería mecánica, ingeniería automática, ingeniería de la organización industrial e ingeniería de la navegación;Publicado en B.O.E.;
4314798;Máster Universitario en Ingeniería Agronómica por la Universidad de Extremadura;Universidad de Extremadura;Máster - RD 1393/2007 (1);Ingeniería y Arquitectura;Ingeniería química, ingeniería de los materiales e ingeniería del medio natural;Publicado en B.O.E.;(TITULACIÓN RENOVADA POR ACREDITACIÓN INSTITUCIONAL)
4313642;Máster Universitario en Ingeniería Biomédica por la Universidad de Extremadura;Universidad de Extremadura;Máster - RD 1393/2007 (1);Ingeniería y Arquitectura;;Publicado en B.O.E.;(TITULACIÓN EXTINGUIDA)
4317426;Máster Universitario en Ingeniería de Caminos, Canales y Puertos por la Universidad de Extremadura;Universidad de Extremadura;Máster - RD 1393/2007 (1);Ingeniería y Arquitectura;;Publicado en B.O.E.;(TITULACIÓN RENOVADA POR ACREDITACIÓN INSTITUCIONAL)
4312510;Máster Universitario en Ingeniería de Telecomunicación por la Universidad de Extremadura;Universidad de Extremadura;Máster - RD 1393/2007 (1);Ingeniería y Arquitectura;;Publicado en B.O.E.;(TITULACIÓN RENOVADA POR ACREDITACIÓN INSTITUCIONAL)
4314338;Máster Universitario en Ingeniería Industrial por la Universidad de Extremadura;Universidad de Extremadura;Máster - RD 1393/2007 (1);Ingeniería y Arquitectura;Ingeniería industrial, ingeniería mecánica, ingeniería automática, ingeniería de la organización industrial e ingeniería de la navegación;Publicado en B.O.E.;(TITULACIÓN RENOVADA POR ACREDITACIÓN INSTITUCIONAL)
4312511;Máster Universitario en Ingeniería Informática por la Universidad de Extremadura;Universidad de Extremadura;Máster - RD 1393/2007 (1);Ingeniería y Arquitectura;;Publicado en B.O.E.;(TITULACIÓN RENOVADA POR ACREDITACIÓN INSTITUCIONAL)
4314533;Máster Universitario en Ingeniería Química por la Universidad de Extremadura;Universidad de Extremadura;Máster - RD 1393/2007 (1);Ingeniería y Arquitectura;;Publicado en B.O.E.;(TITULACIÓN EXTINGUIDA)
4314302;Máster Universitario en Iniciación y Rendimiento en el Deporte por la Universidad de Extremadura;Universidad de Extremadura;Máster - RD 1393/2007 (1);Ciencias Sociales y Jurídicas;;Publicado en B.O.E.;(TITULACIÓN RENOVADA POR ACREDITACIÓN INSTITUCIONAL)
4311193;Máster Universitario en Investigación en Artes y Humanidades por la Universidad de Extremadura;Universidad de Extremadura;Máster - RD 1393/2007 (1);Artes y Humanidades;;Publicado en B.O.E.;(TITULACIÓN EXTINGUIDA)
4315782;Máster Universitario en Investigación en Biomedicina y Salud por la Universidad de Extremadura;Universidad de Extremadura;Máster - RD 1393/2007 (1);Ciencias de la Salud;;Publicado en B.O.E.;(TITULACIÓN RENOVADA POR ACREDITACIÓN INSTITUCIONAL)
4310521;Máster Universitario en Investigación en Ciencias de la Salud por la Universidad de Extremadura;Universidad de Extremadura;Máster - RD 1393/2007 (1);Ciencias de la Salud;;Publicado en B.O.E.;(TITULACIÓN EXTINGUIDA POR NO RENOVACIÓN)
4314241;Máster Universitario en Investigación en Ciencias de la Salud por la Universidad de Extremadura;Universidad de Extremadura;Máster - RD 822/2021 (3);Ciencias de la Salud;Interdisciplinar;Publicado en B.O.E.;(TITULACIÓN RENOVADA POR ACREDITACIÓN INSTITUCIONAL)
4311192;Máster Universitario en Investigación en Ciencias por la Universidad de Extremadura;Universidad de Extremadura;Máster - RD 822/2021 (3);Ciencias;Interdisciplinar;Publicado en B.O.E.;(TITULACIÓN RENOVADA POR ACREDITACIÓN INSTITUCIONAL)
4310519;Máster Universitario en Investigación en Ciencias Sociales por la Universidad de Extremadura;Universidad de Extremadura;Máster - RD 1393/2007 (1);Ciencias Sociales y Jurídicas;Interdisciplinar;Publicado en B.O.E.;(TITULACIÓN RENOVADA POR ACREDITACIÓN INSTITUCIONAL)
4312507;Máster Universitario en Investigación en Economía, Gestión y Comercio Internacional por la Universidad de Extremadura;Universidad de Extremadura;Máster - RD 1393/2007 (1);Ciencias Sociales y Jurídicas;;Publicado en B.O.E.;(TITULACIÓN RENOVADA POR ACREDITACIÓN INSTITUCIONAL)
4315067;Máster Universitario en Investigación en Formación del Profesorado y Tecnología Educativa por la Universidad de Extremadura;Universidad de Extremadura;Máster - RD 1393/2007 (1);Ciencias Sociales y Jurídicas;;Publicado en B.O.E.;(TITULACIÓN RENOVADA POR ACREDITACIÓN INSTITUCIONAL)
4314283;Máster Universitario en Investigación en Humanidades por la Universidad de Extremadura;Universidad de Extremadura;Máster - RD 1393/2007 (1);Artes y Humanidades;;Publicado en B.O.E.;(TITULACIÓN RENOVADA)
4311194;Máster Universitario en Investigación en Ingeniería y Arquitectura por la Universidad de Extremadura;Universidad de Extremadura;Máster - RD 822/2021 (3);Ingeniería y Arquitectura;Interdisciplinar;Publicado en B.O.E.;(TITULACIÓN RENOVADA POR ACREDITACIÓN INSTITUCIONAL)
4310110;Máster Universitario en Investigación en la Enseñanza y el Aprendizaje de las Ciencias Experimentales, Sociales y Matemáticas;(Conjunto);Máster - RD 1393/2007 (1);Ciencias Sociales y Jurídicas;;Publicado en B.O.E.;(TITULACIÓN A EXTINGUIR)
3001109;Máster Universitario en Investigación en la Enseñanza y el Aprendizaje de las Ciencias Experimentales, Sociales y Matemáticas;Universidad de Extremadura;Máster - RD 56/2005 (2);Ciencias Sociales y Jurídicas;;"Autorizado por Comunidad Aut&oacute;noma";(TITULACIÓN EXTINGUIDA)
4316051;Máster Universitario en Investigación en la Enseñanza y el Aprendizaje de las Ciencias Experimentales, Sociales y Matemáticas por la Universidad de Extremadura;Universidad de Extremadura;Máster - RD 1393/2007 (1);Ciencias Sociales y Jurídicas;;Publicado en B.O.E.;(TITULACIÓN RENOVADA POR ACREDITACIÓN INSTITUCIONAL)
4314462;Máster Universitario en Investigación en la Enseñanza y el Aprendizaje de las Ciencias Experimentales Sociales y Matemáticas por la Universidad de Extremadura;Universidad de Extremadura;Máster - RD 1393/2007 (1);Ciencias Sociales y Jurídicas;;Publicado en B.O.E.;(TITULACIÓN A EXTINGUIR)
4315330;Máster Universitario en Investigaciones Históricas por la Universidad de Extremadura;Universidad de Extremadura;Máster - RD 1393/2007 (1);Artes y Humanidades;;Publicado en B.O.E.;(TITULACIÓN RENOVADA)
3002597;Máster Universitario en Marketing e Investigación de Mercados;Universidad de Extremadura;Máster - RD 56/2005 (2);Ciencias Sociales y Jurídicas;;"Autorizado por Comunidad Aut&oacute;noma";(TITULACIÓN EXTINGUIDA)
4310111;Máster Universitario en Marketing e Investigación de Mercados por la Universidad de Extremadura;Universidad de Extremadura;Máster - RD 1393/2007 (1);Ciencias Sociales y Jurídicas;;Publicado en B.O.E.;(TITULACIÓN A EXTINGUIR)
4316954;Máster Universitario en Metodología para la Modelización de la Información de la Construcción (Building Information Modeling BIM) en el Desarrollo Colaborativo de Proyectos por la Universidad de Extremadura;Universidad de Extremadura;Máster - RD 1393/2007 (1);Ingeniería y Arquitectura;;Publicado en B.O.E.;(TITULACIÓN RENOVADA POR ACREDITACIÓN INSTITUCIONAL)
4314930;Máster Universitario en Olivicultura y Elaiotecnia por la Universidad de Extremadura;Universidad de Extremadura;Máster - RD 1393/2007 (1);Ingeniería y Arquitectura;;Publicado en B.O.E.;(TITULACIÓN EXTINGUIDA)
4316768;Máster Universitario en Prevención de Riesgos Laborales por la Universidad de Extremadura;Universidad de Extremadura;Máster - RD 1393/2007 (1);Ingeniería y Arquitectura;;Publicado en B.O.E.;(TITULACIÓN RENOVADA POR ACREDITACIÓN INSTITUCIONAL)
4314299;Máster Universitario en Promoción de la Salud mediante la Actividad Física por la Universidad de Extremadura;Universidad de Extremadura;Máster - RD 1393/2007 (1);Ciencias de la Salud;;Publicado en B.O.E.;(TITULACIÓN RENOVADA POR ACREDITACIÓN INSTITUCIONAL)
3500129;"Máster Universitario en Protección Radiológica Ambiental por la Universidad de Barcelona; la Universidad de Cantabria; la Universidad de Extremadura; la Universidad de Huelva; la Universidad de Las Palmas de Gran Canaria; la Universitat de les Illes Balears y la Universitat de València (Estudi General)";(Conjunto);Máster - RD 822/2021 (3);Ciencias;Ciencias medioambientales y ecología;Publicado en B.O.E.;
4318536;Máster Universitario en Psicología General Sanitaria por la Universidad de Extremadura;Universidad de Extremadura;Máster - RD 1393/2007 (1);Ciencias de la Salud;;Publicado en B.O.E.;(TITULACIÓN RENOVADA POR ACREDITACIÓN INSTITUCIONAL)
4315939;Máster Universitario en Psicopedagogía por la Universidad de Extremadura;Universidad de Extremadura;Máster - RD 1393/2007 (1);Ciencias Sociales y Jurídicas;Ciencias de la educación;Publicado en B.O.E.;(TITULACIÓN RENOVADA POR ACREDITACIÓN INSTITUCIONAL)
3500317;"Máster Universitario en Química Sanitaria por la Universidad de Córdoba; la Universidad de Extremadura; la Universidad de Huelva y la Universidad de Sevilla";(Conjunto);Máster - RD 822/2021 (3);Ciencias;Química;Publicado en B.O.E.;
4315518;"Máster Universitario en Química Sostenible por la Universidad de Extremadura; la Universidad Jaume I de Castellón; la Universitat de València (Estudi General) y la Universitat Politècnica de València";(Conjunto);Máster - RD 1393/2007 (1);Ciencias;;Publicado en B.O.E.;(TITULACIÓN EXTINGUIDA)
4317480;"Máster Universitario en Química Sostenible por la Universidad de Extremadura; la Universidad Jaume I de Castellón y la Universitat Politècnica de València";(Conjunto);Máster - RD 1393/2007 (1);Ciencias;Química;Publicado en B.O.E.;(TITULACIÓN RENOVADA POR ACREDITACIÓN INSTITUCIONAL)
4310366;"Máster Universitario en Química Sostenible por la Universidad Jaume I de Castellón; la Universidad Pública de Navarra; la Universidad de Castilla-La Mancha; la Universidad de Extremadura; la Universitat Politècnica de València y la Universitat de València (Estudi General)";(Conjunto);Máster - RD 1393/2007 (1);Ciencias;;Publicado en B.O.E.;(TITULACIÓN EXTINGUIDA)
4311360;Máster Universitario en Química Teórica y Modelización Computacional;(Conjunto);Máster - RD 1393/2007 (1);Ciencias;;Publicado en B.O.E.;(TITULACIÓN EXTINGUIDA)
3001681;Máster Universitario en Química Teórica y Modelización Computacional / Theoretical Chemistry and Computational Modelling;(Conjunto);Máster - RD 56/2005 (2);Ciencias;;"Autorizado por Comunidad Aut&oacute;noma";(TITULACIÓN EXTINGUIDA)
4314273;"Máster Universitario en Química Teórica y Modelización Computacional por la Universidad Autónoma de Madrid; la Universidad de Barcelona; la Universidad de Cantabria; la Universidad de Extremadura; la Universidad de Murcia; la Universidad de Oviedo; la Universidad de Salamanca; la Universidad de Santiago de Compostela; la Universidad de Valladolid; la Universidad de Vigo; la Universidad del País Vasco/Euskal Herriko Unibertsitatea; la Universidad Jaume I de Castellón; la Universitat de les Illes Balears y la Universitat de València (Estudi General)";(Conjunto);Máster - RD 1393/2007 (1);Ciencias;;Publicado en B.O.E.;(TITULACIÓN RENOVADA POR ACREDITACIÓN INSTITUCIONAL)
3001480;Máster Universitario en Recursos Renovables e Ingeniería Energética;Universidad de Extremadura;Máster - RD 56/2005 (2);Ingeniería y Arquitectura;;"Autorizado por Comunidad Aut&oacute;noma";(TITULACIÓN EXTINGUIDA)
4311206;Máster Universitario en Recursos Renovables e Ingeniería Energética por la Universidad de Extremadura;Universidad de Extremadura;Máster - RD 1393/2007 (1);Ingeniería y Arquitectura;;Publicado en B.O.E.;(TITULACIÓN EXTINGUIDA)
3000386;Máster Universitario en Seguridad y Salud Laboral;Universidad de Extremadura;Máster - RD 56/2005 (2);Ciencias Sociales y Jurídicas;;"Autorizado por Comunidad Aut&oacute;noma";(TITULACIÓN EXTINGUIDA)
4311207;Máster Universitario en Seguridad y Salud Laboral por la Universidad de Extremadura;Universidad de Extremadura;Máster - RD 1393/2007 (1);Ingeniería y Arquitectura;;Publicado en B.O.E.;(TITULACIÓN A EXTINGUIR)
4316011;Máster Universitario en Simulación en Ciencias e Ingeniería por la Universidad de Extremadura;Universidad de Extremadura;Máster - RD 1393/2007 (1);Ingeniería y Arquitectura;;Publicado en B.O.E.;(TITULACIÓN RENOVADA POR ACREDITACIÓN INSTITUCIONAL)
4314301;Máster Universitario en Tecnologías de la Información Geográfica: SIG y Teledetección por la Universidad de Extremadura;Universidad de Extremadura;Máster - RD 822/2021 (3);Ciencias Sociales y Jurídicas;Historia, arqueología, geografía, filosofía y humanidades;Publicado en B.O.E.;(TITULACIÓN RENOVADA)
