Address,Address-Wikidata,Address-Wiki-URI,DockBikes,FreeBases,Name,Name-Wikidata,Name-URI-Wikidata,number,TotalBases,POINT_X,POINT_Y
Calle Miguel Moya nº 1,Calle Miguel Moya nº 1,,15,12,Metro Callao,Metro Callao,,2,27,"-3,70569","40,4204"
Plaza Conde Surchill,Plaza Conde Surchill,,3,16,Plaza Conde Suchil,"Plaza del Conde del Valle de Súchil, Madrid",,3,19,"-3,707254","40,430322"
Calle Manuela Malasaña nº 3,Calle Manuela Malasaña nº 3,,2,25,Malasaña,Plan Malasaña,,4,27,"-3,7025","40,428626"
Calle Fuencarral nº 106,Calle Fuencarral nº 106,,4,23,Fuencarral,Fuencarral,,5,27,"-3,702135","40,428521"
Calle Hortaleza nº 63,Calle Hortaleza nº 63,,9,9,Colegio Arquitectos,Colegio Arquitectos,,6,19,"-3,698447","40,424148"
Calle Hortaleza nº 75,Calle Hortaleza nº 75,,18,1,Hortaleza,Casa de las Asociaciones de Hortaleza,,7,19,"-3,697771","40,425191"
Plaza de Alonso Martínez nº 6,Plaza de Alonso Martínez nº 6,,19,5,Metro Alonso Martínez,Metro Alonso Martínez,,8,24,"-3,69544","40,427868"
Plaza de San Miguel nº 10,Plaza de San Miguel nº 10,,12,12,Plaza de San Miguel,Plaza de San Miguel,,9,24,"-3,709508","40,415606"
Calle Marqués de la Ensenada (junto a edif,Calle Marqués de la Ensenada (junto a edif,,21,2,Marqués de la Ensenada,Catastro of Ensenada,,10,23,"-3,692104","40,425403"
Calle San Andrés nº 18 - 20,,,2,21,Plaza del Dos de Mayo,plaza del Dos de Mayo,https://www.wikidata.org/entity/Q1531008,11,23,"-3,7036","40,427"
Calle San Bernardo nº 85 - 87,Calle San Bernardo nº 85 - 87,,11,16,San Hermenegildo,Fiestas de San Hermenegildo,,12,27,"-3,706141","40,428467"
Calle Conde Duque nº 22,Calle Conde Duque nº 22,,3,20,Conde Duque,Duke of Benavente,,13,23,"-3,7105","40,4273"
Ventura Rodríguez,Ventura Rodríguez,,5,22,Ventura Rodríguez,Ventura Rodríguez,,14,27,"-3,713307","40,426043"
Calle norte nº 10,Calle norte nº 10,,1,18,Norte,Norte,,15,19,"-3,707445","40,426238"
Calle San Bernardo nº 22,Calle San Bernardo nº 22,,7,12,San Bernardo,San Bernardo,,16,19,"-3,707481","40,422937"
Plaza de Carlos Cambronero nº 2,Plaza de Carlos Cambronero nº 2,,6,17,Plaza de Carlos Cambronero,Plaza de Carlos Cambronero,,17,23,"-3,704166","40,423126"
Plaza de Pedro Zerolo nº 20,,,9,15,Plaza de Pedro Zerolo,plaza de Pedro Zerolo,https://www.wikidata.org/entity/Q6080146,18,24,"-3,699678","40,420925"
Calle Prim nº 4,Calle Prim nº 4,,20,8,Prim,geometric primitive,,19,28,"-3,695498","40,421862"
Calle Alcalá nº 48,Calle Alcalá nº 48,,15,12,Banco de España,Banco de España,,20A,27,"-3,695247","40,418808"
Plaza de Santo Domingo nº 1,Plaza de Santo Domingo nº 1,,6,18,Santo Domingo,Santo Domingo,,23,24,"-3,708249","40,42026"
Calle Carlos III nº 1,Calle Carlos III nº 1,,12,6,Palacio de Oriente,Palacio de Oriente,,24,18,"-3,71065","40,417767"
Plaza de Celenque nº 1,Plaza de Celenque nº 1,,6,18,Plaza de Celenque A,"Plaza de Celenque, Madrid",,25A,24,"-3,705779","40,41737"
Plaza de Celenque nº 1,Plaza de Celenque nº 1,,13,11,Plaza de Celenque B,Plaza de Celenque B,,25B,24,"-3,705898","40,417369"
Plaza de las Salesas nº 2,,,15,12,Plaza de las Salesas,"Plaza de las Salesas, Madrid",https://www.wikidata.org/entity/Q28916480,26,27,"-3,6945","40,4239"
Calle Jesús nº 6,Calle Jesús nº 6,,15,12,Huertas,Huertas de Caballar,,27,27,"-3,6957","40,4133"
Calle Alcalá nº 28,Calle Alcalá nº 28,,17,1,Metro Sevilla,Metro Sevilla,,28,18,"-3,698458","40,41806"
Calle del Marqués de Cubas nº 25,Calle del Marqués de Cubas nº 25,,20,3,Marqués de Cubas,Cuba Cola,,29,23,"-3,695743","40,416384"
Calle Pavía nº 4,Calle Pavía nº 4,,8,19,San Quintín,San Quintín (sopka),,30,27,"-3,711504","40,41921"
Calle Mayor nº 16,Calle Mayor nº 16,,18,9,Mayor,military staff,,31,27,"-3,706897","40,416364"
Plaza de la Provincia (esquina calle Gerona),Plaza de la Provincia (esquina calle Gerona),,17,1,Plaza de la Provincia,plaza de la Provincia,,32,18,"-3,706103","40,41501"
Calle Carretas nº 3,Calle Carretas nº 3,,19,4,Puerta del Sol,Puerta del Sol,,33,23,"-3,70333","40,416587"
Plaza de Jacinto Benavente,Plaza de Jacinto Benavente,https://www.wikidata.org/entity/Q6080004,3,21,Jacinto Benavente,Plaza de Jacinto Benavente,,34,24,"-3,703683","40,414676"
Plaza del Cordón nº1,,,18,6,Plaza del Cordón,Plaza del Cordón,https://www.wikidata.org/entity/Q52063495,35,24,"-3,710329","40,414193"
Plaza de Ramales nº1,Plaza de Ramales nº1,,14,10,Plaza Ramales,"Plaza de Ramales, Madrid",,36,24,"-3,71183","40,4168"
Plaza de San Francisco,Plaza de San Francisco,,13,11,Plaza de San Francisco,Plaza de San Francisco,,37,24,"-3,714113","40,4108"
Carrera de San Francisco enfrente del nº 2,,,17,9,Plaza de los Carros,plaza de los Carros,https://www.wikidata.org/entity/Q27186278,38,27,"-3,71159","40,411359"
Plaza de la Cebada nº 3,,,4,27,Plaza de la Cebada,plaza de la Cebada,https://www.wikidata.org/entity/Q9060972,39,31,"-3,708834","40,411274"
Plaza del Conde de Romanones nº 2,Plaza del Conde de Romanones nº 2,,2,16,Conde de Romanones,First government of the Count of Romanones,,40,18,"-3,704795","40,413778"
Calle Atocha nº 56,Calle Atocha nº 56,,12,7,Metro Antón Martín,Metro Antón Martín,,41,19,"-3,699115","40,412205"
Calle Santa Isabel 32,Calle Santa Isabel 32,,0,26,Santa Isabel,Santa Isabel,,42,27,"-3,698292","40,410849"
Calle Jesús y María,Calle Jesús y María,,12,6,Jesús y María,Visions of Jesus and Mary,,43,18,"-3,702471","40,410039"
Plaza Nelson Mandela,,,1,18,Plaza de Nelson Mandela,Nelson Mandela plaza,https://www.wikidata.org/entity/Q28662636,44,19,"-3,703864","40,409791"
Puerta de Toledo 1,Puerta de Toledo 1,,9,10,Metro Puerta de Toledo,Metro Puerta de Toledo,,45,19,"-3,711103","40,406866"
Calle Ribera de Curtidores nº 28,Calle Ribera de Curtidores nº 28,,14,13,Ribera de Curtidores,Ribera de Curtidores,,46,27,"-3,707126","40,405315"
Glorieta de Embajadores,"Glorieta de Embajadores, Madrid",https://www.wikidata.org/entity/Q16571874,11,13,Renfe/Cercanías Embajadores,Renfe/Cercanías Embajadores,,47,24,"-3,7028","40,404577"
Glorieta de Embajadores nº 7,Glorieta de Embajadores nº 7,,18,6,Casa de baños Embajadores,Casa de baños Embajadores,,48,24,"-3,702057","40,405482"
Ronda de Atocha nº 34,Ronda de Atocha nº 34,,12,15,Casa Encendida,Casa Encendida,,49,27,"-3,699277","40,406053"
Calle de Santa Isabel (esquina con plaza del Emperador Carlos V),Calle de Santa Isabel (esquina con plaza del Emperador Carlos V),,22,2,Museo Reina Sofía,Radio del Museo Reina Sofía,,50,24,"-3,693346","40,408368"
Ronda de Atocha (esquina con Plaza del Emperador Carlos V),Ronda de Atocha (esquina con Plaza del Emperador Carlos V),,24,3,Ronda de Atocha,Ronda de Atocha,,51,27,"-3,69352","40,407561"
Plaza de Santa Ana nº 10,Plaza de Santa Ana nº 10,,9,6,Plaza de Santa Ana,Plaza de Santa Ana,,52,15,"-3,700716","40,414423"
Plazuela de Ana Diosdado,,,8,16,Plaza de Lavapiés,Plaza de Lavapies,https://www.wikidata.org/entity/Q6080017,53,24,"-3,700754","40,408309"
Calle Barceló nº 9,Calle Barceló nº 9,,15,4,Metro Tribunal,Metro Tribunal,,54,19,"-3,700393","40,426599"
Plaza de San Ildefonso nº4,Plaza de San Ildefonso nº4,,3,21,Plaza de San Ildefonso,plaza de San Ildefonso,,55,24,"-3,702084","40,423976"
Plaza del Carmen nº 1,Plaza del Carmen nº 1,,14,9,Plaza del Carmen,Plaza del Carmen,,56,23,"-3,703241","40,418419"
Calle Santa Cruz del Marcenado nº 26,Calle Santa Cruz del Marcenado nº 26,,18,5,Santa Cruz de Marcenado,Santa Cruz de Marcenado,,57,23,"-3,71263","40,429566"
Calle Augusto Figueroa nº 33,Calle Augusto Figueroa nº 33,,7,20,Metro Chueca,Metro Chueca,,58,27,"-3,697858","40,422278"
Calle Espíritu Santo nº 30,,,4,15,Plaza de Juan Pujol,"Plaza del Rastrillo, Madrid",https://www.wikidata.org/entity/Q29834891,59,19,"-3,704342","40,42555"
Plaza de la Independencia,Plaza de la Independencia,,10,13,Puerta de Alcalá,Plaza de toros de la Puerta de Alcalá,,60,23,"-3,688398","40,419752"
Calle O Donnell nº 30,Calle O Donnell nº 30,,24,3,O Donnell - Narváez,O Donnell - Narváez,,61,27,"-3,675314","40,421455"
Calle O Donnell nº 48,Calle O Donnell nº 48,,22,5,Hospital M. Infantil Gregorio Marañón,Hospital M. Infantil Gregorio Marañón,,62,27,"-3,672497","40,421315"
Calle Ibiza nº 64,Calle Ibiza nº 64,,4,19,Hospital Gral. Uni. Gregorio Marañón,Hospital Gral. Uni. Gregorio Marañón,,63,23,"-3,670896","40,417924"
Calle Antonio Maura nº 13,Calle Antonio Maura nº 13,,22,2,Parque del Retiro - Calle Antonio Maura,Parque del Retiro - Calle Antonio Maura,,65,24,"-3,689425","40,416701"
Calle Almadén 26,Calle Almadén 26,,23,0,CaixaForum Madrid,CaixaForum Madrid,,67,23,"-3,693225","40,410847"
Calle Espalter nº 3,Calle Espalter nº 3,,11,8,Espalter - Ruiz de Alarcón,Espalter - Ruiz de Alarcón,,68,19,"-3,691323","40,412769"
Avenida de Alfonso XII nº 54,Avenida de Alfonso XII nº 54,,8,19,Parque del Retiro - Puerta Ángel Caído,Parque del Retiro - Puerta Ángel Caído,,69,27,"-3,688822","40,409808"
Avenida de Menéndez Pelayo nº 63,Avenida de Menéndez Pelayo nº 63,,17,10,Hospital Uni. Infantil Niño Jesús,Hospital Uni. Infantil Niño Jesús,,70,27,"-3,677873","40,415382"
Calle Doce de Octubre nº 28,,,5,18,Plaza del Doctor Laguna,plaza del Doctor Laguna,https://www.wikidata.org/entity/Q118143467,71,23,"-3,6739","40,4161"
Calle Doctor Esquerdo nº 62,Calle Doctor Esquerdo nº 62,,7,16,Metro Sáinz de Baranda,Metro Sáinz de Baranda,,72,23,"-3,6696","40,4159"
Calle de los Astros,Calle de los Astros,,9,14,Plaza de los Astros,Plaza de los Astros,,73,23,"-3,6687","40,4115"
Avenida de Menéndez Pelayo nº 69,Avenida de Menéndez Pelayo nº 69,,20,7,Parque Retiro - Jardines Cecilio Rguez,Parque Retiro - Jardines Cecilio Rguez,,74,27,"-3,676589","40,412063"
Avenida Menéndez pelayo (esquina con calle Poeta Esteban Villegas),Avenida Menéndez pelayo (esquina con calle Poeta Esteban Villegas),,9,18,Parque del Retiro - Plaza Mariano Cavia,Parque del Retiro - Plaza Mariano Cavia,,75,27,"-3,678475","40,408272"
Avenida del Mediterráneo nº 19,Avenida del Mediterráneo nº 19,,4,20,"Avenida del Mediterráneo, 19","Avenida del Mediterráneo, 19",,76,24,"-3,675102","40,407271"
Plaza del Conde de Casal nº 8,,,13,5,Plaza del Conde de Casal,"Plaza del Conde de Casal, Madrid",https://www.wikidata.org/entity/Q30342082,77,18,"-3,670713","40,406478"
Calle Cerro de la Plata nº 4,Calle Cerro de la Plata nº 4,,12,15,Metro Pacífico,Metro Pacífico,,78,27,"-3,674524","40,400637"
Avenida de Menéndez Pelayo nº 38,Avenida de Menéndez Pelayo nº 38,,8,19,Metro Menéndez Pelayo,Metro Menéndez Pelayo,,79,27,"-3,68044","40,40511"
Calle Claudio Moyano,Calle Claudio Moyano,,0,24,Cuesta de Moyano,Cuesta de Moyano,,81,24,"-3,691833","40,409343"
Calle Lira,Calle Lira,,1,22,Doctor Esquerdo - Metro Conde de Casal,Doctor Esquerdo - Metro Conde de Casal,,82,23,"-3,669753","40,408456"
Calle Pío Baroja nº8,Calle Pío Baroja nº8,,6,17,Pío Baroja,Plaza Pío Baroja,,83,23,"-3,674479","40,4133"
Calle Doctor Esquerdo nº 191,Calle Doctor Esquerdo nº 191,,3,20,Biblioteca Pública Elena Fortún,Biblioteca Pública Elena Fortún,,84,23,"-3,672482","40,403572"
Avenida de Menéndez Pelayo,Avenida de Menéndez Pelayo,,11,16,Parque del Retiro - Puerta de O´Donnell,Parque del Retiro - Puerta de O´Donnell,,85,27,"-3,679891","40,421314"
Paseo del Prado,Paseo del Prado,,22,2,Cibeles,plaza de Cibeles,,86,24,"-3,69335","40,418652"
Calle Ayala nº 46,Calle Ayala nº 46,,22,1,Ayala - Velázquez,Fortín Teniente Coronel Eugenio Ayala Velázquez,,87,23,"-3,683257","40,427736"
Calle Velázquez,Calle Velázquez,,21,2,Velázquez-Padilla,Velázquez-Padilla,,88,23,"-3,68383","40,431358"
Calle Ayala nº 104,Calle Ayala nº 104,,16,7,Ayala - Conde de Peñalver,Ayala - Conde de Peñalver,,89,23,"-3,675202","40,427258"
Calle Goya,Calle Goya,,19,8,Metro Velázquez,Metro Velázquez,,90,27,"-3,683842","40,425149"
Calle Hermosilla nº 71,Calle Hermosilla nº 71,,8,15,Hermosilla - General Pardiñas,Hermosilla - General Pardiñas,,91,23,"-3,678628","40,426049"
Calle Claudio Coello,Claudio Coello Street,https://www.wikidata.org/entity/Q28059043,22,1,Claudio Coello - Hermosilla,Claudio Coello - Hermosilla,,92,23,"-3,686546","40,426294"
Calle Goya (esquina calle Marqués de Zurgeña),Calle Goya (esquina calle Marqués de Zurgeña),,23,0,Plaza de Margaret Tatcher,Plaza de Margaret Tatcher,,93,23,"-3,689336","40,425759"
Paseo de Recoletos nº 20,Paseo de Recoletos nº 20,,20,3,Estación de tren de Recoletos,Estación de tren de Recoletos,,94,23,"-3,690756","40,423215"
Calle Claudio Coello nº 19,Calle Claudio Coello nº 19,,22,1,Claudio Coello - Villanueva,Claudio Coello - Villanueva,,95,23,"-3,686929","40,422543"
Calle Alcalá nº 111,Calle Alcalá nº 111,,18,9,Alcalá - Castelló,Alcalá - Castelló,,96,27,"-3,682205","40,422015"
Avenida Menéndez Pelayo (esquina calle Alcalá),Avenida Menéndez Pelayo (esquina calle Alcalá),,13,14,Metro Príncipe de Vergara,Metro Príncipe de Vergara,,97,27,"-3,680256","40,422536"
Calle Narváez,"Calle de Narváez, Madrid",https://www.wikidata.org/entity/Q28936837,20,4,Plaza de Felipe II,Plaza de Felipe II,,98,24,"-3,675768","40,424132"
Calle Alcántara,Calle Alcántara,,5,18,Alcántara - Hermosilla,Alcántara - Hermosilla,,99,23,"-3,674018","40,426039"
Calle Goya nº 99,Calle Goya nº 99,,6,21,Wizink Center,Wizink Center,,100,27,"-3,67384","40,42478"
Calle Jorge Juán,Calle de Jorge Juan,https://www.wikidata.org/entity/Q28070822,18,6,Metro O Donnell,Metro O Donnell,,101,24,"-3,66968","40,423077"
Calle Alcalá nº 95,Calle Alcalá nº 95,,23,0,Metro Retiro,Metro Retiro,,102,23,"-3,684232","40,421185"
Calle José Ortega y Gasset,"Calle de José Ortega y Gasset, Madrid",https://www.wikidata.org/entity/Q16540548,19,4,Ortega y Gasset - Serrano,Ortega y Gasset - Serrano,,103,23,"-3,686744","40,43053"
Paseo de la Castellana nº 4,Paseo de la Castellana nº 4,,21,2,Castellana - Hermosilla,Castellana - Hermosilla,,104,23,"-3,68958","40,42677"
Calle Serrano nº 46,Calle Serrano nº 46,,20,3,"Serrano, 46","Serrano, 46",,105,23,"-3,687542","40,427083"
Calle Serrano nº 32,Calle Serrano nº 32,,19,0,Plaza de Colón B,Plaza de Colón B,,106B,19,"-3,68789","40,424776"
Calle Serrano nº 8,Calle Serrano nº 8,,16,7,Serrano - Conde de Aranda,Serrano - Conde de Aranda,,107,23,"-3,688384","40,421561"
Calle Mártires Concepcionistas nº 2,Calle Mártires Concepcionistas nº 2,,18,9,Mártires Concepcionistas - Alcalá,Mártires Concepcionistas - Alcalá,,108,27,"-3,670652","40,427402"
Calle José Ortega y Gasset nº 30,Calle José Ortega y Gasset nº 30,,22,1,Marqués de Salamanca,"Plaza del Marqués de Salamanca, Madrid",,109,23,"-3,681452","40,430124"
Paseo de Moret nº 1,Paseo de Moret nº 1,,3,20,Intercambiador de Moncloa,Línea 623 (Interurbanos Madrid),,110,23,"-3,720102","40,434745"
Calle Arcipreste de Hita nº 8,Calle Arcipreste de Hita nº 8,,4,19,Metro Moncloa A,Metro Moncloa A,,111A,23,"-3,717525","40,433603"
Calle Arcipreste de Hita nº 12,Calle Arcipreste de Hita nº 12,,1,22,Metro Moncloa B,Metro Moncloa B,,111B,23,"-3,717743","40,433913"
Paseo Moret,paseo de Moret,https://www.wikidata.org/entity/Q26821443,17,6,Paseo de Moret - Parque del Oeste,Paseo de Moret - Parque del Oeste,,112,23,"-3,724736","40,43269"
Paseo del Pintor Rosales frente al nº 38,Paseo del Pintor Rosales frente al nº 38,,16,8,Teleférico Madrid - Estación Rosales,Teleférico Madrid - Estación Rosales,,113,24,"-3,720726","40,427538"
Calle Quintana nº 13,Calle Quintana nº 13,,11,12,Quintana - Juan Álvarez de Mendizábal,Quintana - Juan Álvarez de Mendizábal,,114,23,"-3,717463","40,427838"
Paseo de Pintor Rosales (esquina Marqués de Cerralbo),Paseo de Pintor Rosales (esquina Marqués de Cerralbo),,5,18,Ferraz - Templo de Debod,Ferraz - Templo de Debod,,115,23,"-3,717052","40,425315"
Plaza de España nº16,Plaza de España nº16,,10,8,Plaza de España - Martín de los Heros,Plaza de España - Martín de los Heros,,116A,18,"-3,713043","40,423679"
Calle de los Reyes,calle de los Reyes,https://www.wikidata.org/entity/Q20908841,14,4,Metro Plaza de España,Metro Plaza de España,,116B,18,"-3,71046","40,423684"
Calle Altamirano nº 24,Calle Altamirano nº 24,,1,22,Altamirano - Martín de los Heros,Altamirano - Martín de los Heros,,117,23,"-3,71889","40,43098"
Calle Juan Martínez el empeciado (esquina calle Bustamante),Calle Juan Martínez el empeciado (esquina calle Bustamante),,15,8,"OFICINA DEL SER, APR Y BICIREGISTRO","OFICINA DEL SER, APR Y BICIREGISTRO",,118,23,"-3,688241","40,400781"
Calle Méndez Álvaro nº 11,Calle Méndez Álvaro nº 11,,18,5,Méndez Álvaro,plaza del Amanecer en Méndez Álvaro,,119,23,"-3,686265","40,401291"
Calle Palos de la Frontera nº 27,Calle Palos de la Frontera nº 27,,25,2,Metro Palos de la Frontera,Metro Palos de la Frontera,,120,27,"-3,694825","40,40309"
Paseo de Santa María de la Cabeza nº 58,,,8,19,Glorieta de Santa María de la Cabeza,"Glorieta de Santa María de la Cabeza, Madrid",https://www.wikidata.org/entity/Q55943044,121,27,"-3,698603","40,401749"
Calle Santa Engracia nº 14,Calle Santa Engracia nº 14,,18,5,Santa Engracia - Zurbarán,Santa Engracia - Zurbarán,,122,23,"-3,696366","40,429536"
Calle Guzmán el Bueno nº 2,Calle Guzmán el Bueno nº 2,,13,14,Metro Argüelles,Metro Argüelles,,123,27,"-3,713341","40,430646"
Calle Manuel Silvela nº 20,Calle Manuel Silvela nº 20,,2,25,Metro Bilbao,Metro Bilbao,,124,27,"-3,699369","40,430969"
Calle Fernández de la Hoz nº 29,Calle Fernández de la Hoz nº 29,,21,6,Fdez. de la Hoz - Gral. Martínez Campos,Fdez. de la Hoz - Gral. Martínez Campos,,125,27,"-3,6948","40,4353"
Calle del General Álvarez de Castro,"Calle del General Álvarez de Castro, Madrid",https://www.wikidata.org/entity/Q28024232,4,23,General Álvarez de Castro,General Álvarez de Castro,,126,27,"-3,701804","40,434598"
Calle Fernando el Católico nº 19,Calle Fernando el Católico nº 19,,3,24,Mercado Municipal de Vallehermoso,Mercado de Vallehermoso,,127,27,"-3,708439","40,433852"
Calle Cea Bermúdez nº 59,Calle Cea Bermúdez nº 59,,20,7,Metro Islas Filipinas,Metro Islas Filipinas,,128,27,"-3,7154","40,4392"
Calle de José Abascal,"Calle de José Abascal, Madrid",https://www.wikidata.org/entity/Q27310549,0,27,Metro Alonso Cano,Metro Alonso Cano,,129,27,"-3,698235","40,438387"
Calle de Santa Engracia,Calle de Santa Engracia,,19,4,Metro Ríos Rosas,Metro Ríos Rosas,,130,23,"-3,70164","40,44156"
Calle Bravo Murillo nº 44,,,8,15,Plaza de Juan Zorrilla,plaza de Juan Zorrilla,https://www.wikidata.org/entity/Q28064968,131,23,"-3,704031","40,441788"
Calle Santa Engracia,,,14,13,Glorieta de Cuatro Caminos,glorieta de Cuatro Caminos,https://www.wikidata.org/entity/Q5881378,132,27,"-3,703605","40,446378"
Calle Dulcinea,Calle Dulcinea,,0,24,Raimundo Fdez. Villaverde - Dulcinea,Raimundo Fdez. Villaverde - Dulcinea,,133,24,"-3,700167","40,447125"
Calle María de Guzmán nº 58,Calle María de Guzmán nº 58,,2,21,María de Guzmán - Agustín de Betancourt,María de Guzmán - Agustín de Betancourt,,134,23,"-3,695569","40,444182"
Plaza de San Juan de la Cruz,,,23,0,Plaza de San Juan de la Cruz,Square of San Juan de la Cruz,https://www.wikidata.org/entity/Q27345106,135,23,"-3,692734","40,441481"
Paseo de la Castellana nº 106,Paseo de la Castellana nº 106,,21,2,Metro Nuevos Ministerios,Metro Nuevos Ministerios,,136,23,"-3,690769","40,445124"
Plaza de la republica argentina,Plaza de la republica argentina,,19,5,Plaza de la República Argentina,"Plaza de la República Argentina, Madrid",,137,24,"-3,685338","40,445448"
Paseo de la Castellana,Paseo de la Castellana,,13,10,Estación de tren Nuevos Ministerios,Estación de tren Nuevos Ministerios,,138,23,"-3,691406","40,445741"
Calle Pedro de Valdivia,"Calle de Pedro de Valdivia, Madrid",https://www.wikidata.org/entity/Q28059081,16,8,José Gutiérrez Abascal - Castellana,José Gutiérrez Abascal - Castellana,,139,24,"-3,690419","40,439396"
Calle Velázquez,Calle Velázquez,,22,5,Velázquez - López de Hoyos,Velázquez - López de Hoyos,,140,27,"-3,683058","40,438757"
Paseo de la Castellana nº 43,,,8,4,Plaza de Emilio Castelar,Plaza de Emilio Castelar,https://www.wikidata.org/entity/Q28000791,141,12,"-3,689392","40,435405"
Paseo de la Castellana nº 42,Paseo de la Castellana nº 42,,20,3,Bajo elevado de Eduardo Dato,Bajo elevado de Eduardo Dato,,142,23,"-3,687915","40,433409"
Calle General Pardiñas,General Pardiñas Street,https://www.wikidata.org/entity/Q28065178,13,10,General Pardiñas - Don Ramón de la Cruz,General Pardiñas - Don Ramón de la Cruz,,186,23,"-3,678302","40,42898"
Calle de Juan Bravo,Calle de Juan Bravo,,15,12,Metro Diego de León,Metro Diego de León,,144,27,"-3,675556","40,432408"
Calle Ortega y Gasset nº 87,Calle Ortega y Gasset nº 87,,2,21,Ortega y Gasset 87,Ortega y Gasset 87,,145,23,"-3,671282","40,429887"
Calle de María Francisca,Calle de María Francisca,,10,9,"María Francisca, 3","María Francisca, 3",,146,19,"-3,67885","40,444254"
Avenida del Doctor Arce nº 45,Avenida del Doctor Arce nº 45,,4,19,Doctor Arce 45,Doctor Arce 45,,147,23,"-3,6794","40,4484"
Calle Serrano nº 210,Calle Serrano nº 210,,9,14,Serrano 210,Serrano 210,,148,23,"-3,681397","40,451117"
Paseo de la Habana nº 42,Paseo de la Habana nº 42,,20,3,Plaza de Quito,Plaza de la Independencia,,149,23,"-3,68793","40,449852"
Calle Orense nº 12,Calle Orense nº 12,,24,3,Orense 12,Orense 12,,151,27,"-3,695359","40,448812"
Avenida del General Perón,Avenida del General Perón,https://www.wikidata.org/entity/Q26761632,3,20,"General Perón, 4","General Perón, 4",,152,23,"-3,6989","40,4525"
Avenida del General Perón,Avenida del General Perón,https://www.wikidata.org/entity/Q26761632,20,3,General Perón - Poeta Joan Maragall,General Perón - Poeta Joan Maragall,,153,23,"-3,6936","40,4523"
Calle Orense nº 36,Calle Orense nº 36,,12,12,Orense 36,Orense 36,,154,24,"-3,694622","40,454846"
Calle San Germán nº 57,Calle San Germán nº 57,,0,23,San Germán 57,San Germán 57,,155,23,"-3,70093","40,457334"
Calle Sor Ángela de la Cruz nº 2,Calle Sor Ángela de la Cruz nº 2,,21,3,Sor Ángela de la Cruz-Paseo Castellana,Sor Ángela de la Cruz-Paseo Castellana,,156,24,"-3,691533","40,459235"
Avenida de Alberto Alcocer nº 22,Avenida de Alberto Alcocer nº 22,,12,11,Alberto Alcocer - Padre Damián,Alberto Alcocer - Padre Damián,,158,23,"-3,684625","40,45869"
Paseo de la Habana nº 63,Paseo de la Habana nº 63,,13,10,Paseo de la Habana 63,Paseo de la Habana 63,,159,23,"-3,683593","40,454385"
Calle Colombia,calle de Colombia,https://www.wikidata.org/entity/Q118275227,3,21,Metro Colombia,Metro Colombia,,160,24,"-3,676344","40,457247"
Paseo de la Florida nº 8,Paseo de la Florida nº 8,,3,24,Intercambiador de Príncipe Pío A,Intercambiador de Príncipe Pío A,,161,27,"-3,722099","40,422192"
Paseo de los Olmos,Paseo de los Olmos,,13,10,Metro Pirámides,Metro Pirámides,,162,23,"-3,710577","40,403497"
Paseo de la Esperanza,"Paseo de la Esperanza, Madrid",https://www.wikidata.org/entity/Q55947011,11,8,Metro Acacias,Metro Acacias,,163,19,"-3,706445","40,403759"
Paseo de las Delicias nº 94,Paseo de las Delicias nº 94,,7,20,Paseo de las Delicias - Tomás Bretón,Paseo de las Delicias - Tomás Bretón,,164,27,"-3,69461","40,39723"
Paseo de la Chopera frente 51,Paseo de la Chopera frente 51,,12,31,Entrada Matadero - Paseo de la Chopera,Entrada Matadero - Paseo de la Chopera,,165,43,"-3,697596","40,392888"
Calle Segovia nº 26,Calle Segovia nº 26,,15,12,Viaducto de Segovia,Viaducto de Segovia,,166,27,"-3,713377","40,413905"
Calle Segovia nº 45,Calle Segovia nº 45,,9,18,Segovia 45,Segovia 45,,167,27,"-3,717489","40,413748"
Paseo Santa María de la Cabeza frente al 30,Paseo Santa María de la Cabeza frente al 30,,9,14,Santa María Cabeza - Batalla del Salado,Santa María Cabeza - Batalla del Salado,,168,23,"-3,6959","40,4046"
Calle Toledo nº 181,,,22,2,Glorieta de Pirámides,Glorieta de Pirámides,https://www.wikidata.org/entity/Q5790715,169,24,"-3,713823","40,401589"
Paseo de la Esperanza nº 21,Paseo de la Esperanza nº 21,,14,10,"Paseo de la Esperanza, 21","Paseo de la Esperanza, 21",,170,24,"-3,704396","40,401055"
Calle Embajadores nº 97,Calle Embajadores nº 97,,15,12,Embajadores-Cáceres,Embajadores-Cáceres,,171,27,"-3,698402","40,399701"
Calle Bustamante nº 3,Calle Bustamante nº 3,,8,15,Estación de tren de Delicias,Estación de tren de Delicias,,172,23,"-3,693493","40,400828"
Paseo de la Esperanza nº 59,Paseo de la Esperanza nº 59,,1,23,Paseo Esperanza - Santa María Cabeza,Paseo Esperanza - Santa María Cabeza,,173,24,"-3,702484","40,398347"
Paseo de Yeserías nº 45,Paseo de Yeserías nº 45,,1,26,"Paseo de las Yeserías, 45","Paseo de las Yeserías, 45",,174,27,"-3,706526","40,39743"
Calle Jaime el Conquistador nº 30,Calle Jaime el Conquistador nº 30,,2,17,Jaime el Conquistador - Divino Vallés,Jaime el Conquistador - Divino Vallés,,175,19,"-3,698345","40,396226"
Calle Bolívar nº 3,Calle Bolívar nº 3,,23,0,Metro Legazpi,Metro Legazpi,,177,23,"-3,694188","40,391447"
Calle León Gil de Palacio nº 1,Calle León Gil de Palacio nº 1,,4,20,Junta Municipal Distrito de Retiro,Junta Municipal Distrito de Retiro,,178,24,"-3,678834","40,40292"
Avenida de la Albufera nº 6,Avenida de la Albufera nº 6,,12,12,Metro Puente de Vallecas,Metro Puente de Vallecas,,179,24,"-3,669272","40,397927"
Calle Retama (esquina con calle Acanto),Calle Retama (esquina con calle Acanto),,22,1,Estación Sur Méndez Álvaro B,Estación Sur Méndez Álvaro B,,180,23,"-3,67589","40,394042"
Calle Ibiza nº 16,Calle Ibiza nº 16,,6,21,Ibiza - Narváez,Ibiza - Narváez,,181,27,"-3,676444","40,418169"
Alcalde Sainz de Baranda (esquina con calle de Juan Espladiu),,,15,8,Parque Roma,Roma square,https://www.wikidata.org/entity/Q109690129,182,23,"-3,665778","40,418667"
Calle Hermosilla,Calle de Hermosilla,https://www.wikidata.org/entity/Q28052826,3,20,Hermosilla - Doctor Esquerdo,Hermosilla - Doctor Esquerdo,,183,23,"-3,669339","40,425635"
Paseo del Marqués Zafra,Paseo del Marqués Zafra,,4,20,"Marqués de Zafra, 24","Marqués de Zafra, 24",,184,24,"-3,665306","40,426"
Calle Sancho Dávila,Calle Sancho Dávila,,7,17,Parque Quinta de la Fuente del Berro,Parque Quinta de la Fuente del Berro,,185,24,"-3,661528","40,425083"
Calle de Diego de León,Calle de Diego de León,,3,20,Diego de León - General Pardiñas,Diego de León - General Pardiñas,,143,23,"-3,67808","40,434676"
Alcala-Ventas,Alcala-Ventas,,10,13,Alejandro González - Alcalá,Alejandro González - Alcalá,,187,23,"-3,663825","40,430133"
Avenida de Daroca,"Avenida de Daroca, Madrid",https://www.wikidata.org/entity/Q62107216,16,11,Puente de Ventas,Puente de Ventas,,188,27,"-3,659029","40,431256"
Avenida donostiarra,Avenida donostiarra,,1,22,Virgen de la Alegría,Virgen de la Alegría,,189,23,"-3,655492","40,435126"
Calle Velázquez,Calle Velázquez,,15,8,Velázquez - Diego de León,Velázquez - Diego de León,,190,23,"-3,683375","40,434305"
Calle de Alfonso Heredia,Calle de Alfonso Heredia,,1,18,Metro Diego de León,Metro Diego de León,,191,19,"-3,674078","40,434569"
Avenida de los Toreros,"Avenida de los Toreros, Madrid",https://www.wikidata.org/entity/Q29918658,15,12,Avda. de los Toreros - Fco. Silvela,Avda. de los Toreros - Fco. Silvela,,192,27,"-3,671468","40,431826"
Avenida De los Toreros,,,11,16,Plaza de las Ventas,Las Ventas,https://www.wikidata.org/entity/Q756621,193,27,"-3,665555","40,432472"
Calle Francisco Silvela,Francisco Silvela Street,https://www.wikidata.org/entity/Q26833642,22,2,Intercambiador de Avenida de América,Intercambiador de Avenida de América,,194,24,"-3,677154","40,437264"
Calle Mataelpino,Calle Mataelpino,,22,2,Indalecio Hernández - Mataelpino,Indalecio Hernández - Mataelpino,,195,24,"-3,675444","40,439222"
Calle Suero de Quiñones,"Calle de Suero de Quiñones, Madrid",https://www.wikidata.org/entity/Q29202471,2,25,Metro Prosperidad,Metro Prosperidad,,196,27,"-3,675222","40,444224"
Avenida de Concha Espina,avenida de Concha Espina,https://www.wikidata.org/entity/Q27137943,9,14,Parque de Berlín,Parque de Berlín,,197,23,"-3,677916","40,451606"
Paseo de las Castellana,Paseo de las Castellana,,21,2,Metro Rubén Darío,Metro Rubén Darío,,198,23,"-3,6891","40,432"
Calle Fernando el Católico,"Calle de Fernando el Católico, Madrid",https://www.wikidata.org/entity/Q27243299,4,23,"Fernando el Católico, 61","Fernando el Católico, 61",,199,27,"-3,714917","40,434361"
Glorieta de Quevedo,Glorieta de Quevedo,https://www.wikidata.org/entity/Q12175532,15,9,Metro Quevedo,Metro Quevedo,,200,24,"-3,704579","40,433754"
Calle José Abascal,Calle José Abascal,,10,13,Metro Canal,Metro Canal,,201,23,"-3,703833","40,438694"
Calle de Santander,Calle de Santander,,13,14,Parque de Santander,Parque Santander,,202,27,"-3,7083","40,4413"
Calle General de Ampudia 2,Calle General de Ampudia 2,,17,7,General Ampudia - San Francisco Sales,General Ampudia - San Francisco Sales,,203,24,"-3,714472","40,44175"
Calle Doctor Santero,Calle Doctor Santero,,5,18,Doctor Santero - Bravo Murillo,Doctor Santero - Bravo Murillo,,204,23,"-3,70404","40,447649"
Calle Navarra,Calle Navarra,,3,20,Metro Estrecho,Metro Estrecho,,205,23,"-3,703278","40,4535"
Calle Marqués de Viana,"Calle del Marqués de Viana, Madrid",https://www.wikidata.org/entity/Q28944893,1,22,Metro Tetuán,Metro Tetuán,,206,23,"-3,698916","40,460747"
Calle Azucenas,,,0,19,Plaza de la Remonta,Plaza de la Remonta,https://www.wikidata.org/entity/Q17625482,207,19,"-3,697335","40,463044"
Paseo de la Castellana,Paseo de la Castellana,,0,18,Intercambiador de Plaza de Castilla,Línea 722 (Interurbanos Madrid),,208,18,"-3,689061","40,466281"
Plaza de Castilla,Plaza de Castilla,,1,22,Plaza de Castilla - Fundación Canal,Plaza de Castilla - Fundación Canal,,209,23,"-3,6887","40,4657"
Calle de las Tres Cruces,calle de las Tres Cruces,https://www.wikidata.org/entity/Q24537177,23,4,Calle de las Tres Cruces - Gran Vía,Calle de las Tres Cruces - Gran Vía,,210,27,"-3,702716","40,419652"
Calle de el Desengaño,Calle de el Desengaño,,15,8,Desengaño - Valverde,Desengaño - Valverde,,211,23,"-3,70239","40,42059"
Glorieta Marqués de Vadillo,Glorieta Marqués de Vadillo,,13,14,Metro Marqués de Vadillo,Metro Marqués de Vadillo,,212,27,"-3,716591","40,398247"
Calle de Antonio López,calle de Antonio López,https://www.wikidata.org/entity/Q42238475,10,13,Glorieta de Cádiz,Glorieta de Cádiz,,213,23,"-3,700225","40,388992"
Calle Condesa de Venadito,Calle Condesa de Venadito,,23,1,Condesa de Venadito - Albacete,Condesa de Venadito - Albacete,,214,24,"-3,656903","40,443432"
Calle Gutierre de Cetina,Calle Gutierre de Cetina,,7,16,Gutierre de Cetina - Ascao,Gutierre de Cetina - Ascao,,215,23,"-3,640809","40,429588"
Plaza Puerta del Ángel,Plaza Puerta del Ángel,,4,23,Plaza de Puerta del Ángel,Línea 158 (EMT Madrid),,216,27,"-3,72897","40,4141"
Calle Pedro Rico,"Calle de Pedro Rico, Madrid",https://www.wikidata.org/entity/Q56427389,20,3,Hospital Universitario La Paz,Hospital Universitario La Paz,,217,23,"-3,689076","40,480884"
Camino de Vinateros,Camino de Vinateros,,6,17,Camino de los Vinateros A,Camino de los Vinateros A,,218,23,"-3,657297","40,410548"
Camino de los Vinateros,Camino de los Vinateros,,7,11,Camino de los Vinateros B,Camino de los Vinateros B,,219,18,"-3,646734","40,408359"
Calle Arrollo de las Pilillas,,,14,10,Plaza del Encuentro,Square of the Encounter,https://www.wikidata.org/entity/Q126282847,220,24,"-3,651384","40,406156"
Calle Hacienda de Pavones,"Calle de la Hacienda de Pavones, Madrid",https://www.wikidata.org/entity/Q28936083,20,3,Metro Pavones,Metro Pavones,,221,23,"-3,634744","40,400492"
Calle Eugenio Caxes,Calle Eugenio Caxes,,15,8,Eugenio Caxes - Antonio López,Eugenio Caxes - Antonio López,,222,23,"-3,702679","40,391787"
Paseo de la Ermita del Santo,Paseo de la Ermita del Santo,https://www.wikidata.org/entity/Q28137105,10,17,Ermita del Santo,Ermita del Santo Cristo de Marbella,,223,27,"-3,724576","40,406448"
Calle Caramuel,Calle Caramuel,,3,24,Parque de Caramuel,Parque de Caramuel,,224,27,"-3,7287","40,409"
Calle Sierra Toledana,Calle Sierra Toledana,,10,14,Sierra Toledana - Doctor Lozano,Sierra Toledana - Doctor Lozano,,225,24,"-3,660345","40,402506"
Camino Valderribas,Camino Valderribas,,0,23,Sierra Toledana - Camino de Valderribas,Sierra Toledana - Camino de Valderribas,,226,23,"-3,660777","40,399015"
Calle Arrollo del Olivar,Calle Arrollo del Olivar,,0,24,Arroyo del Olivar,Arroyo del Olivar,,227,24,"-3,665936","40,39383"
Calle San Delfín,Calle San Delfín,,0,18,San Delfín - Antonio López,San Delfín - Antonio López,,228,18,"-3,708043","40,394406"
Calle José del Hierro,"Calle de José del Hierro, Madrid",https://www.wikidata.org/entity/Q29910699,0,23,Centro Deportivo Municipal Concepción,Centro Deportivo Municipal Concepción,,229,23,"-3,648651","40,436938"
Calle Carlota O Neill,calle de Carlota O'Neill,https://www.wikidata.org/entity/Q29909274,2,22,Carlota O´Neill - Agastia,Carlota O´Neill - Agastia,,230,24,"-3,648825","40,443679"
Calle Derechos Humanos,Calle Derechos Humanos,,9,15,Derechos Humanos - Verdaguer y García,Derechos Humanos - Verdaguer y García,,231,24,"-3,655719","40,439828"
Calle De José Maria Pereda,Calle De José Maria Pereda,,15,12,José María de Pereda - Alcalá,José María de Pereda - Alcalá,,232,27,"-3,648617","40,432766"
Calle Marqués de Corbera,Calle Marqués de Corbera,,12,12,El dragón de La Elipa,El dragón de La Elipa,,233,24,"-3,655579","40,422952"
Avenida Marques de Corbera,"Avenida del Marqués de Corbera, Madrid",https://www.wikidata.org/entity/Q29168364,8,16,Metro La Elipa,Metro La Elipa,,234,24,"-3,651092","40,426128"
Calle del Sodio,Calle del Sodio,,11,12,Sodio - Embajadores,Sodio - Embajadores,,235,23,"-3,691076","40,389041"
Paseo Imperial,paseo Imperial,https://www.wikidata.org/entity/Q118634190,21,6,Paseo Imperial,Paseo Imperial,,236,27,"-3,717078","40,407579"
CalleSan Germán,CalleSan Germán,,22,2,"San Germán, 5","San Germán, 5",,238,24,"-3,693261","40,456182"
Calle de Francos Rodríguez,"Calle de Francos Rodríguez, Madrid",https://www.wikidata.org/entity/Q26810988,3,20,Francos Rodríguez - José Calvo,Francos Rodríguez - José Calvo,,239,23,"-3,707833","40,456713"
Avenida De Brasilia,avenida de Brasilia,https://www.wikidata.org/entity/Q118670004,4,19,Brasilia - Parque Breogán,Brasilia - Parque Breogán,,240,23,"-3,66096","40,43666"
Calle Camilo José Cela,"Calle Camilo José Cela, Seville",https://www.wikidata.org/entity/Q122804724,2,21,Camilo José Cela,Camilo José Cela,,241,23,"-3,66779","40,4378"
Avenida De Bruselas,Avenida De Bruselas,,14,9,Metro Parque de las Avenidas,Metro Parque de las Avenidas,,242,23,"-3,662928","40,439513"
Calle Cartagena,"Calle de Cartagena, Madrid",https://www.wikidata.org/entity/Q27038851,3,20,Cartagena,Cartagena,,243,23,"-3,67012","40,43503"
Calle Isaac Peral,Calle Isaac Peral,,10,13,Hospital Clínico San Carlos,Hospital Clínico San Carlos,,244,23,"-3,71757","40,44003"
Calle Galileo,Calle Galileo,,2,22,Galileo - Donoso Cortés,Galileo - Donoso Cortés,,245,24,"-3,710138","40,436364"
Calle de Santa Engracia,Calle de Santa Engracia,,23,4,Metro Iglesia,Miguel Iglesias (Metro de Lima),,246,27,"-3,699248","40,435958"
Calle de Zurbano,calle de Zurbano,https://www.wikidata.org/entity/Q27043742,18,5,Zurbano - José Abascal,Zurbano - José Abascal,,247,23,"-3,69281","40,43837"
Calle de Sinesio Delgado,Sinesio Delgado Street,https://www.wikidata.org/entity/Q52245452,22,5,Sinesio Delgado - Cuatro Torres,Sinesio Delgado - Cuatro Torres,,248,27,"-3,687997","40,474321"
Paseo de la Castellana,Paseo de la Castellana,,23,1,Castellana - Cuatro Torres,Castellana - Cuatro Torres,,249,24,"-3,685319","40,479502"
Calle Serrano,Calle Serrano,,16,11,Serrano - CSIC,Serrano - CSIC,,250,27,"-3,68581","40,440649"
Calle Santa Hortensia,"Calle de Santa Hortensia, Madrid",https://www.wikidata.org/entity/Q28943619,2,21,Santa Hortensia - Corazón de María,Santa Hortensia - Corazón de María,,251,23,"-3,66683","40,44421"
Calle Agustín de Foxá,"Calle de Agustín de Foxá, Madrid",https://www.wikidata.org/entity/Q54526348,1,22,Est. tren Chamartín - Clara Campoamor,Est. tren Chamartín - Clara Campoamor,,252,23,"-3,683969","40,47174"
Calle del Doctor Fleming,Calle del Doctor Fleming,,19,0,Doctor Fleming - Estadio S. Bernabéu,Doctor Fleming - Estadio S. Bernabéu,,253,19,"-3,68844","40,45546"
Avenida De Pio XII,Avenida De Pio XII,,6,17,Plaza del Perú,Plaza República del Perú,,254,23,"-3,67656","40,461"
Calle General López pozas,"Calle del General López Pozas, Madrid",https://www.wikidata.org/entity/Q29055446,9,14,General López Pozas - Apolonio Morales,General López Pozas - Apolonio Morales,,255,23,"-3,685292","40,46361"
Calle Beatriz de Bobadilla,"Calle de Beatriz de Bobadilla, Madrid",https://www.wikidata.org/entity/Q62935606,4,19,Reina Victoria - Beatriz de Bobadilla,Reina Victoria - Beatriz de Bobadilla,,256,23,"-3,71383","40,44635"
Avenida Juan Herrera,Avenida Juan Herrera,,22,1,Ciudad Universitaria - INEF,Ciudad Universitaria - INEF,,257,23,"-3,730527","40,438873"
Ciudad Universitaria,Ciudad Universitaria,,24,0,Metro Ciudad Universitaria A,Metro Ciudad Universitaria A,,258,24,"-3,726939","40,444311"
Ciudad Universitaria,Ciudad Universitaria,,19,0,Metro Ciudad Universitaria B,Metro Ciudad Universitaria B,,259,19,"-3,726752","40,442705"
Facultad de Biología,Facultad de Biología,,20,4,Ciudad Universitaria - Fac. de Biología,Ciudad Universitaria - Fac. de Biología,,260,24,"-3,727295","40,448332"
Avenida Complutense,"Avenida Complutense, Madrid",https://www.wikidata.org/entity/Q63954356,23,0,Ciudad Universitaria - Facultad Derecho,Ciudad Universitaria - Facultad Derecho,,261,23,"-3,729676","40,450552"
Calle Amparo Usera,Calle Amparo Usera,,22,1,Metro Usera,Metro Usera,,384,23,"-3,706145","40,387075"
Calle Doctor Tolosa Latour,Calle Doctor Tolosa Latour,,13,10,Estación tren - Hospital 12 de Octubre,Estación tren - Hospital 12 de Octubre,,388,23,"-3,700415","40,37838"
Calle Campotejar,Calle Campotejar,,12,11,Estación de tren Orcasitas,Estación de tren Orcasitas,,385,23,"-3,703887","40,367211"
Calle Isabelita Usera,Calle Isabelita Usera,,10,13,"Isabelita Usera, 44","Isabelita Usera, 44",,387,23,"-3,70774","40,382723"
Avenida de la Perla,Avenida de la Perla,,20,3,Metro San Fermín-Orcasur,Metro San Fermín-Orcasur,,383,23,"-3,69397","40,370002"
Avenida de los Poblados,avenida de los Poblados,https://www.wikidata.org/entity/Q26795575,11,12,"Avenida de los Poblados, 130","Avenida de los Poblados, 130",,386,23,"-3,713315","40,373474"
Avenida Ramon y Cajal,Avenida Ramon y Cajal,,2,21,Metro Avenida de la Paz,Metro Avenida de la Paz,,476,23,"-3,662016","40,453493"
Calle de los Misterios,Calle de los Misterios,,4,19,Metro Ciudad Lineal,Metro Ciudad Lineal,,477,23,"-3,638904","40,438278"
Calle José del Hierro esquina con Arturo Soria,Calle José del Hierro esquina con Arturo Soria,,1,22,José del Hierro - Misterios,José del Hierro - Misterios,,478,23,"-3,641057","40,441521"
Angel Muñoz,Angel Muñoz,,15,12,Metro Arturo Soria,Metro Arturo Soria,,479,27,"-3,655837","40,454784"
Calle Vicente Muzas,Calle Vicente Muzas,,8,15,Vicente Muzas - Arturo Soria,Vicente Muzas - Arturo Soria,,480,23,"-3,660443","40,459033"
Diego Ayllon,Diego Ayllon,,4,19,Diego Ayllón - Arturo Soria,Diego Ayllón - Arturo Soria,,481,23,"-3,652191","40,451179"
Calle de Velero,Calle de Velero,,2,25,Metro El Capricho,Metro El Capricho,,554,27,"-3,5941","40,453"
Avda. de Burgos,avenida de Burgos,https://www.wikidata.org/entity/Q29902431,8,15,"Avenida de Burgos, 17","Avenida de Burgos, 17",,284,23,"-3,67579","40,473594"
Campuzano,Campuzano,,3,20,Metro Pueblo Nuevo,Metro Pueblo Nuevo,,482,23,"-3,642339","40,435687"
Calle Marcelino Álvarez,Calle Marcelino Álvarez,,10,13,Marcelino Álvarez - Daroca,Marcelino Álvarez - Daroca,,483,23,"-3,653432","40,429743"
Calle Luis Campos,Calle Luis Campos,,18,5,Metro García Noblejas,Metro García Noblejas,,484,23,"-3,632389","40,428931"
Calle carretera de canillas,Calle carretera de canillas,,11,12,Carretera de Canillas,Carretera de Canillas,,523,23,"-3,650893","40,46287"
Calle Santa María Magdalena,calle de Santa María Magdalena,https://www.wikidata.org/entity/Q62991157,19,4,Santa María Magdalena - La Drácena,Santa María Magdalena - La Drácena,,285,23,"-3,6706","40,4631"
Plaza Duque de Pastrana,Plaza Duque de Pastrana,,7,16,Plaza Duque de Pastrana,Plaza Duque de Pastrana,,286,23,"-3,6779","40,4679"
Calle de la Yuca,Calle de la Yuca,,12,11,Metro Bambú,Metro Bambú,,287,23,"-3,6762","40,4765"
Calle Caídos de la División Azul,Calle Caídos de la División Azul,,18,5,Caídos de la División Azul,Caídos de la División Azul,,288,23,"-3,6723","40,4664"
Glorieta de Luís Rosales (esquina con López De Hoyos),Glorieta de Luís Rosales (esquina con López De Hoyos),,9,14,Glorieta Luis Rosales,Glorieta Luis Rosales,,524,23,"-3,6543","40,4673"
Fuente Carrantona,Fuente Carrantona,,4,23,Fuente Carrantona - Doctor García Tapia,Fuente Carrantona - Doctor García Tapia,,460,27,"-3,631923","40,407022"
Luis de Hoyos Sainz,Luis de Hoyos Sainz,https://www.wikidata.org/entity/Q5984524,6,17,"Luis de Hoyos Sainz, 198","Luis de Hoyos Sainz, 198",,455,23,"-3,629275","40,400094"
Encomienda de Palacios,Encomienda de Palacios,,4,19,"Encomienda de Palacios, 8","Encomienda de Palacios, 8",,456,23,"-3,6464","40,4005"
Calle Ramirez Tomé,Calle Ramirez Tomé,,2,25,Ramírez Tomé,Ramírez Tomé,,416,27,"-3,645974","40,388756"
Calle Romeo y Julieta,Calle Romeo y Julieta,,10,17,"Romeo y Julieta, 12","Romeo y Julieta, 12",,417,27,"-3,662176","40,378738"
Calle Puerto de Arlabán,Calle Puerto de Arlabán,,3,24,Puerto de Arlabán - San Diego,Puerto de Arlabán - San Diego,,418,27,"-3,6675","40,3864"
Calle Cronos,Calle Cronos,,26,1,Cronos,Cronoshare,,496,27,"-3,619433","40,438469"
Calle Hermanos García Noblejas,"Calle de los Hermanos García Noblejas, Madrid",https://www.wikidata.org/entity/Q5740959,8,15,Metro Alsacia,Metro Alsacia,,501,23,"-3,6242","40,4191"
Calle Alcalá,Alcalá Street,https://www.wikidata.org/entity/Q2424746,12,15,Metro Torre Arias,Metro Torre Arias,,498,27,"-3,617832","40,443134"
Calle Alcala,Alcalá Street,https://www.wikidata.org/entity/Q2424746,1,22,Biblioteca Pública Municipal Canillejas,Biblioteca Pública Municipal Canillejas,,499,23,"-3,6122","40,446656"
Calle Aracne,Calle Aracne,,2,25,"Aracne, 17","Aracne, 17",,500,27,"-3,5895","40,445"
Calle Alcalá,Alcalá Street,https://www.wikidata.org/entity/Q2424746,22,1,Metro Suances,Metro Suances,,497,23,"-3,6274","40,4407"
Calle Puerto Serrano,Calle Puerto Serrano,,2,21,Puerto Serrano - Embajadores,Puerto Serrano - Embajadores,,265,23,"-3,688461","40,385412"
Calle Comandante Fontanés,Calle Comandante Fontanés,,5,18,Comandante Fontanes - General Ricardos,Comandante Fontanes - General Ricardos,,351,23,"-3,721121","40,395142"
Calle Ervigio,Calle Ervigio,,9,14,Ervigio - Amalarico,Ervigio - Amalarico,,350,23,"-3,7315","40,3947"
Calle Julio Merino,Calle Julio Merino,,6,17,Julio Merino - Pilarica,Julio Merino - Pilarica,,389,23,"-3,7032","40,3831"
Calle avena,Calle avena,,15,8,Avena - Mijo,Avena - Mijo,,390,23,"-3,7159","40,3773"
Avenida de Cantabria,Avenida de Cantabria,,11,13,"Cantabria, 6","Cantabria, 6",,556,24,"-3,587722","40,454625"
Paseo de la Alameda de Osuna,Paseo de la Alameda de Osuna,,13,14,Parque del Capricho,Parque del Capricho,,555,27,"-3,598122","40,454768"
Calle Francisco Villaespesa,Calle Francisco Villaespesa,,8,15,Francisco Villaespesa - Ledesma,Francisco Villaespesa - Ledesma,,485,23,"-3,646463","40,429326"
Calle Arzobispo Morcillo,calle del Arzobispo Morcillo,https://www.wikidata.org/entity/Q131384255,9,18,Uni. Autónoma Madrid - Facul. Medicina,Uni. Autónoma Madrid - Facul. Medicina,,570,27,"-3,6938","40,4815"
Calle Hernani,Calle Hernani,,23,0,Hernani - Edgar Neville,Hernani - Edgar Neville,,295,23,"-3,6972","40,4481"
Calle de la Costa Verde,Calle de la Costa Verde,,8,15,Costa Verde,Costa Verde Express,,296,23,"-3,696862","40,469477"
Calle Simancas,Calle Simancas,,2,21,Simancas - Pinos Alta,Simancas - Pinos Alta,,297,23,"-3,695113","40,4655"
Calle Gallur,Calle Gallur,,2,21,Centro Deportivo Municipal Gallur,Centro Deportivo Municipal Gallur,,323,23,"-3,7359","40,3984"
Calle de las Higueras,Calle de las Higueras,,17,6,Metro Lucero,Metro Lucero,,324,23,"-3,745096","40,404571"
Hacienda de Pavones,Hacienda de Pavones,,5,18,"Hacienda de Pavones, 148","Hacienda de Pavones, 148",,457,23,"-3,6419","40,4026"
Calle de la Maquinilla,Calle de la Maquinilla,,17,7,Maquinilla - Tranvía Blanco,Maquinilla - Tranvía Blanco,,432,24,"-3,636484","40,380781"
Calle Marqués de Viana,"Calle del Marqués de Viana, Madrid",https://www.wikidata.org/entity/Q28944893,0,19,Marques de Viana - Bellver,Marques de Viana - Bellver,,298,19,"-3,704478","40,463643"
Calle Sierra de Guadalupe,Calle Sierra de Guadalupe,,4,22,Metro Sierra de Guadalupe,Metro Sierra de Guadalupe,,437,27,"-3,623765","40,381352"
Calle de la Verdad,Calle de la Verdad,,18,5,Verdad,True Cross,,358,23,"-3,71716","40,391787"
Calle Algorta,Calle Algorta,,14,9,Algorta - General Ricardos,Algorta - General Ricardos,,352,23,"-3,727452","40,391623"
Fernando Gabriel,Fernando Gabriel Vougado Ribeiro,https://www.wikidata.org/entity/Q18981716,1,23,Metro La Almudena,Metro La Almudena,,492,24,"-3,639499","40,424664"
Paseo de los Jesuitas,Paseo de los Jesuitas,,2,25,Ps. Jesuitas - Mercado Alto Extremadura,Ps. Jesuitas - Mercado Alto Extremadura,,322,27,"-3,7351","40,408"
Avenida Córdoba,Avenida Córdoba,,21,2,Metro Almendrales,Metro Almendrales,,392,23,"-3,697856","40,38268"
Calle Candilejas,"Calle de Candilejas, Madrid",https://www.wikidata.org/entity/Q29551148,19,4,"Candilejas, 5","Candilejas, 5",,420,23,"-3,663004","40,382636"
Calle Puerto de Balbarán,Calle Puerto de Balbarán,,17,10,Estación de tren de El Pozo,Estación de tren de El Pozo,,419,27,"-3,655868","40,376237"
Calle Cabeza de Mesada,Calle Cabeza de Mesada,,15,12,Cabeza Mesada - Parque de Valdeperdices,Cabeza Mesada - Parque de Valdeperdices,,439,27,"-3,629413","40,376479"
Avenida de Orovilla,Avenida de Orovilla,,23,4,Orovilla - Felicidad,Orovilla - Felicidad,,398,27,"-3,6895","40,3587"
Avenida Monforte de Lemos,Avenida Monforte de Lemos,,16,7,C. Deportivo Mpal. Vicente del Bosque,C. Deportivo Mpal. Vicente del Bosque,,569,23,"-3,6965","40,4795"
Calle Melchor Fernandez Almagro,Calle Melchor Fernandez Almagro,,16,7,Melchor Fernández Almagro - Plaza Tuy,Melchor Fernández Almagro - Plaza Tuy,,571,23,"-3,710326","40,475648"
Calle Valle de Mena,Calle Valle de Mena,,2,21,"Valle de Mena, 5","Valle de Mena, 5",,304,23,"-3,715272","40,469627"
Calle del Cobre,Calle del Cobre,,17,6,Metro Arganzuela-Planetario,Metro Arganzuela-Planetario,,268,23,"-3,689031","40,393383"
Paseo de la Florida,Paseo de la Florida,,10,13,Intercambiador de Príncipe Pío B,Intercambiador de Príncipe Pío B,,305,23,"-3,723178","40,422761"
Avenida Del Santo Ángel de la Guarda,"Avenida del Santo Ángel de la Guarda, Madrid",https://www.wikidata.org/entity/Q56086839,2,21,Centro Deportivo Mpal Fernando Martín,Centro Deportivo Mpal Fernando Martín,,306,23,"-3,712197","40,461796"
Calle Serrano Galvache 1,Calle Serrano Galvache 1,,18,5,Serrano Galvache - Arturo Soria,Serrano Galvache - Arturo Soria,,486,23,"-3,667938","40,471382"
Calle de Puertollano,Calle de Puertollano,,18,5,Puertollano - Veinticinco de Septiembre,Puertollano - Veinticinco de Septiembre,,502,23,"-3,623737","40,442516"
Calle Gallegos 27,Calle Gallegos 27,,16,11,Gallegos - Lavadero Viejo,Gallegos - Lavadero Viejo,,462,27,"-3,610275","40,402404"
Calle Arroyo del Olivar,"Calle del Arroyo del Olivar, Madrid",https://www.wikidata.org/entity/Q29561517,2,22,Arroyo del Olivar - Buenos Aires,Arroyo del Olivar - Buenos Aires,,421,24,"-3,653269","40,388435"
Calle Manuel Uribe,Calle Manuel Uribe,,9,14,Manuel Uribe - Arturo Soria,Manuel Uribe - Arturo Soria,,487,23,"-3,665034","40,464341"
422 - Travesia de Palomeras,422 - Travesia de Palomeras,,1,23,"Travesia de Palomeras, 7","Travesia de Palomeras, 7",,422,24,"-3,670518","40,39017"
Avenida de Entrevias,Avenida de Entrevias,,11,13,Estación de tren Asamblea de Madrid,Estación de tren Asamblea de Madrid,,423,24,"-3,66855","40,381388"
Camino de Valderribas,Camino de Valderribas,,17,7,"Camino de Valderribas, 47","Camino de Valderribas, 47",,424,24,"-3,663958","40,400223"
Calle Ramón Pérez de Ayala,Calle Ramón Pérez de Ayala,,5,19,Ramón Perez Ayala - Pque. Cerro Tío Pío,Ramón Perez Ayala - Pque. Cerro Tío Pío,,425,24,"-3,65381","40,400035"
Calle Humanes,Calle Humanes,,18,6,Humanes - Benjamín Palencia,Humanes - Benjamín Palencia,,426,24,"-3,649327","40,395212"
Calle de los Andaluces,Calle de los Andaluces,,13,11,"Andaluces, 2","Andaluces, 2",,427,24,"-3,641483","40,391424"
Avenida La Albufera,Avenida La Albufera,,12,12,Estadio de Vallecas,Estadio de Vallecas,,428,24,"-3,6571","40,3919"
Calle Manuel Noya,Calle Manuel Noya,,18,6,"Manuel Noya , 29","Manuel Noya , 29",,393,24,"-3,711798","40,385379"
Serrano Galvache,Serrano Galvache,,17,7,Serrano Galvache - Yerma,Serrano Galvache - Yerma,,489,24,"-3,671445","40,476753"
Calle Hermanos García Nobleza (esquina Plaza del Reloj Solar),Calle Hermanos García Nobleza (esquina Plaza del Reloj Solar),,8,16,Hnos.García Noblejas-FcoLargo Caballero,Hnos.García Noblejas-FcoLargo Caballero,,490,24,"-3,628881","40,424275"
Calle Ricardo Ortiz,Calle Ricardo Ortiz,,6,18,"Ricardo Ortiz, 33","Ricardo Ortiz, 33",,488,24,"-3,657964","40,42657"
Calle Bacares,Calle Bacares,,10,14,Metro Manoteras,Metro Manoteras,,525,24,"-3,66269","40,476755"
Calle de San Roman del Valle,Calle de San Roman del Valle,,8,16,Biblioteca Pública Municipal San Blas,Biblioteca Pública Municipal San Blas,,504,24,"-3,623467","40,423099"
Calle Zaldivar,Calle Zaldivar,,21,3,Zaldívar - Valdecanillas,Zaldívar - Valdecanillas,,503,24,"-3,626504","40,43209"
Calle Arroyo Bueno,Calle Arroyo Bueno,,4,23,Junta Municipal Distrito de Villaverde,Junta Municipal Distrito de Villaverde,,404,27,"-3,710985","40,349111"
Calle Mercedes Arteaga,Calle Mercedes Arteaga,,12,12,"Mercedes Arteaga, 21","Mercedes Arteaga, 21",,353,24,"-3,722218","40,392516"
Calle de la Vía,Calle de la Vía,,11,13,Intercambiador de Plaza Elíptica,Intercambiador de Plaza Elíptica,,355,24,"-3,718234","40,385464"
Calle Francisco Tejada,Calle Francisco Tejada,,13,11,Metro Alto de Extremadura,Metro Alto de Extremadura,,326,24,"-3,739616","40,40938"
Calle El Greco,Calle El Greco,,4,20,"El Greco, 27 - C. Cultural El Greco","El Greco, 27 - C. Cultural El Greco",,327,24,"-3,747262","40,407412"
Calle del Arroyo Belincoso,Calle del Arroyo Belincoso,,8,16,Metro Vinateros,Metro Vinateros,,458,24,"-3,652566","40,409911"
Avenida Moratalaz,Avenida Moratalaz,,10,14,Moratalaz,Mercado de Moratalaz,,459,24,"-3,660003","40,407506"
Corregidor licenciado Antonio de Mena,Corregidor licenciado Antonio de Mena,,11,13,Plaza Corregidor Ldo. Antonio de Mena,Plaza Corregidor Ldo. Antonio de Mena,,461,24,"-3,6408","40,4099"
Calle Portalegre,Calle Portalegre,,22,2,Portalegre - Tinamús,Portalegre - Tinamús,,356,24,"-3,723648","40,389377"
Avenida Monforte de Lemos,Avenida Monforte de Lemos,,14,10,Junta Mpal. Dtto. Fuencarral - El Pardo,Junta Mpal. Dtto. Fuencarral - El Pardo,,572,24,"-3,709973","40,478104"
Calle Melchor Fernandez Almagro,Calle Melchor Fernandez Almagro,,8,16,Melchor Fernández Almagro - Villa Marín,Melchor Fernández Almagro - Villa Marín,,573,24,"-3,699626","40,477728"
Ginzo de Limia,Ginzo de Limia,,10,14,Metro Barrio del Pilar,Metro Barrio del Pilar,,575,24,"-3,703526","40,47817"
Calle Chantada,Calle Chantada,,8,16,Chantada,Chantada,,574,24,"-3,710678","40,472695"
Paseo de Federico García Lorca,"Paseo de Federico García Lorca, Madrid",https://www.wikidata.org/entity/Q131349608,15,3,Metro Villa de Vallecas,Metro Villa de Vallecas,,440,18,"-3,621447","40,379503"
Calle Seis (esquina con Avenida Quinta),Calle Seis (esquina con Avenida Quinta),,2,22,Seis - Sexta,six-dimensional space,,507,24,"-3,596503","40,44845"
Calle Rosario Pino,"Calle de Rosario Pino, Madrid",https://www.wikidata.org/entity/Q29055028,5,19,Rosario Pino - Joan Maragall,Rosario Pino - Joan Maragall,,299,24,"-3,691932","40,46205"
Calle Capitan Blanco Argibay,Capitán Blanco Argibay Street,https://www.wikidata.org/entity/Q27038685,1,23,Capitan Blanco Argibay - Alfalfa,Capitan Blanco Argibay - Alfalfa,,300,24,"-3,703188","40,466743"
Calle Muller,Calle Muller,,1,23,Muller - Capitan Blanco Argibay,Muller - Capitan Blanco Argibay,,301,24,"-3,698376","40,465182"
Gran Avenida,Gran Avenida,,16,8,"Gran Avenida, 27","Gran Avenida, 27",,396,24,"-3,707606","40,369977"
Calle Periana,Calle Periana,,0,24,"Periana, 24","Periana, 24",,394,24,"-3,687658","40,366723"
Calle Moreja,Calle Moreja,,21,3,Centro Deportivo Municipal Orcasur,Centro Deportivo Municipal Orcasur,,397,24,"-3,69838","40,368093"
Calle Bohemios,Calle Bohemios,,10,14,Bohemios - Gigantes y Cabezudos,Bohemios - Gigantes y Cabezudos,,399,24,"-3,693901","40,356536"
Calle Torremolinos,Calle Torremolinos,,9,15,Torremolinos - Rafael Alberti,Torremolinos - Rafael Alberti,,430,24,"-3,64179","40,385009"
Calle Ariel,Calle Ariel,,10,14,"Ariel, 7 - Parque Enrique Tierno Galván","Ariel, 7 - Parque Enrique Tierno Galván",,269,24,"-3,679702","40,393024"
Calle Esteban Collantes 63,Calle Esteban Collantes 63,,16,8,Esteban Collantes - José Arcones Gil,Esteban Collantes - José Arcones Gil,,491,24,"-3,637663","40,432883"
Calle Velacho Alto,Calle Velacho Alto,,6,18,Velacho Alto - Trinquete,Velacho Alto - Trinquete,,527,24,"-3,659269","40,472503"
Plaza del Liceo (esquina con Calle Silvano),Plaza del Liceo (esquina con Calle Silvano),,6,18,Plaza del Liceo,Plaza del Liceo,,526,24,"-3,644419","40,457544"
Calle Estación de Canfrac,Calle Estación de Canfrac,,13,11,"Puerto Canfranc, 18","Puerto Canfranc, 18",,431,24,"-3,6634","40,3969"
Calle Carlos Martín Álvarez,Calle Carlos Martín Álvarez,,9,14,Carlos M. Alvarez - Javier de Miguel,Carlos M. Alvarez - Javier de Miguel,,429,23,"-3,6635","40,3895"
Calle del Sorbe,Calle del Sorbe,,9,15,Sorbe - Baleares,Sorbe - Baleares,,357,24,"-3,713209","40,38987"
Calle Teresa López Valcarcel (esquina calle Teniente Coronel Noreña),Calle Teresa López Valcarcel (esquina calle Teniente Coronel Noreña),,9,15,Teresa L. Valcárcel - Tte. Cnel. Noreña,Teresa L. Valcárcel - Tte. Cnel. Noreña,,270,24,"-3,693288","40,388629"
Calle Arturo Soria (esquina con calle Jazmín),Calle Arturo Soria (esquina con calle Jazmín),,10,13,Arturo Soria - San Luis,Arturo Soria - San Luis,,493,23,"-3,668417","40,476367"
Calle Villalobos,Calle Villalobos,,14,10,"Villalobos, 28","Villalobos, 28",,433,24,"-3,65076","40,381617"
Calle Alan Turing,Calle Alan Turing,,17,6,Campus Sur UPM,Campus Sur UPM,,436,23,"-3,627137","40,390167"
Calle Charleroi,Calle Charleroi,,10,14,Charleroi - Cocherón de la Villa,Charleroi - Cocherón de la Villa,,434,24,"-3,632194","40,381917"
Calle Albarracin,Calle Albarracin,,23,1,Albarracín - Julián Camarillo,Albarracín - Julián Camarillo,,506,24,"-3,632516","40,433973"
Calle Castillo de Ucles,Calle Castillo de Ucles,,16,8,"Castillo de Uclés, 37","Castillo de Uclés, 37",,505,24,"-3,623066","40,431525"
Calle San Claudio,Calle San Claudio,,11,13,San Claudio,San Claudio,,435,24,"-3,63954","40,389029"
Paseo de la Dirección,Paseo de la Dirección,,1,23,Ps. Dirección B - Pque A. Rguez Sahagún,Ps. Dirección B - Pque A. Rguez Sahagún,,302,24,"-3,703955","40,470245"
Calle Casalarreina,Calle Casalarreina,,11,13,"Casalarreina, 18","Casalarreina, 18",,463,24,"-3,612319","40,409391"
Avenida de Daroca 321,Avenida de Daroca 321,,13,11,Univ. Rey Juan Carlos - Campus Madrid,Univ. Rey Juan Carlos - Campus Madrid,,464,24,"-3,612834","40,40634"
Paseo de los Gigantes y Cabezudos,Paseo de los Gigantes y Cabezudos,,13,11,Metro Ciudad de los Ángeles,Metro Ciudad de los Ángeles,,400,24,"-3,693997","40,360647"
Calle San Restituto,"Calle de San Restituto, Madrid",https://www.wikidata.org/entity/Q28938015,9,15,Metro Valdezarza,Metro Valdezarza,,307,24,"-3,71693","40,46588"
Paseo de la Dirección,Paseo de la Dirección,,14,10,Ps. Dirección A - Pque A. Rguez Sahagún,Ps. Dirección A - Pque A. Rguez Sahagún,,303,24,"-3,708085","40,467789"
Avenida El Ferrol,Avenida El Ferrol,,4,20,"El Ferrol, 18","El Ferrol, 18",,576,24,"-3,705105","40,474313"
Calle Aurora boreal,Calle Aurora boreal,,12,12,Monforte de Lemos - Plaza de Mondariz,Monforte de Lemos - Plaza de Mondariz,,577,24,"-3,705669","40,479"
Calle Ofelia Nieto,"Calle de Ofelia Nieto, Madrid",https://www.wikidata.org/entity/Q26832655,0,24,Ofelia Nieto - Villaamil,Ofelia Nieto - Villaamil,,309,24,"-3,708734","40,462051"
Calle María Auxiliadora,Calle María Auxiliadora,,2,22,María Auxiliadora - Francos Rodríguez,María Auxiliadora - Francos Rodríguez,,308,24,"-3,713461","40,457729"
Avenida de Guadalajara,Avenida de Guadalajara,,12,12,Metro Avenida de Guadalajara,Metro Avenida de Guadalajara,,510,24,"-3,613462","40,42219"
Calle Aquitania,Calle Aquitania,,3,24,Aquitania 31,Aquitania 31,,511,27,"-3,617267","40,419123"
Calle de los Aparejadores,Calle de los Aparejadores,,9,15,Semilla - Aparejadores,Semilla - Aparejadores,,512,24,"-3,61537","40,426679"
Avenida de Niza,"Avenida de Niza, Madrid",https://www.wikidata.org/entity/Q28972102,10,17,Centro Deportivo Mpal. Pepu Hernández,Centro Deportivo Mpal. Pepu Hernández,,513,27,"-3,606454","40,427121"
Calle Maria Sevilla Diago,"Calle de María Sevilla Diago, Madrid",https://www.wikidata.org/entity/Q28972080,3,21,María Sevilla Diago,María Sevilla Diago,,514,24,"-3,610951","40,43283"
Avenida de Hellin,Avenida de Hellin,,9,15,"Avenida de Hellin, 13","Avenida de Hellin, 13",,515,24,"-3,6158","40,430917"
Calle de El Toboso,Calle de El Toboso,,11,12,El Toboso - Zaida,El Toboso - Zaida,,359,23,"-3,73634","40,39299"
Avenida Nuestra Señora de Fatima,Avenida Nuestra Señora de Fatima,,7,16,Ntra. Sra. Fátima - Ntra. Sra. de Luz,Ntra. Sra. Fátima - Ntra. Sra. de Luz,,360,23,"-3,747088","40,384015"
Avenida de Abrantes,Avenida de Abrantes,,16,7,Metro Pan Bendito,Metro Pan Bendito,,361,23,"-3,732667","40,377347"
Avenida Santa Eugenia,Avenida Santa Eugenia,,14,10,Estación de tren de Santa Eugenia,Estación de tren de Santa Eugenia,,441,24,"-3,609482","40,386008"
Avenida de Santa Eugenia con Calle sauzal,Avenida de Santa Eugenia con Calle sauzal,,10,17,Santa Eugenia - Zazuar,Santa Eugenia - Zazuar,,442,27,"-3,60463","40,383059"
Calle Fuentespina,Calle Fuentespina,,10,14,"Fuentespina, 33","Fuentespina, 33",,443,24,"-3,607248","40,379415"
Calle Hilario Herránz Establos,Calle Hilario Herránz Establos,,18,9,"Hilario Herranz Establos, 36","Hilario Herranz Establos, 36",,362,27,"-3,726638","40,372839"
Calle Rioja,Calle Rioja,,8,16,Metro Alameda de Osuna,Metro Alameda de Osuna,,557,24,"-3,588151","40,457467"
Calle Francisco Suárez,Calle Francisco Suárez,,8,15,Francisco Suárez - Paseo de La Habana,Francisco Suárez - Paseo de La Habana,,290,23,"-3,679944","40,464378"
Calle López de Hoyos,calle de López de Hoyos,https://www.wikidata.org/entity/Q27043844,12,11,"Lopez de Hoyos , 478","Lopez de Hoyos , 478",,529,23,"-3,649843","40,47175"
Calle de los Emigrantes,Calle de los Emigrantes,,21,6,Metro Mar de Cristal,Metro Mar de Cristal,,530,27,"-3,637883","40,468575"
Calle de Santa Virgilia,Calle de Santa Virgilia,,0,23,Metro Parque de Santa María,Metro Parque de Santa María,,531,23,"-3,645074","40,476878"
Avenida de San Luis,Avenida de San Luis,,3,20,"San Luis, 23","San Luis, 23",,533,23,"-3,655115","40,471487"
Calle Serrano nº 32,Calle Serrano nº 32,,13,6,Plaza de Colón A,plaza de Colón,,106A,19,"-3,687807","40,424924"
Calle de la Isla Graciosa,Calle de la Isla Graciosa,,8,16,Isla Graciosa - Isla de Java,Isla Graciosa - Isla de Java,,582,24,"-3,686266","40,492622"
Calle de Angel Mugica,Calle de Angel Mugica,,19,5,Ángel Múgica - Marcos de Orueta,Ángel Múgica - Marcos de Orueta,,583,24,"-3,68529","40,484683"
Avenida Monasterio de Silos,Avenida Monasterio de Silos,,1,23,Metro Montecarmelo,Metro Montecarmelo,,584,24,"-3,696033","40,50501"
Calle Molins de Rey,Calle Molins de Rey,,3,21,Metro Fuencarral,Metro Fuencarral,,585,24,"-3,693748","40,495466"
Calle Caldas de Estrach,Calle Caldas de Estrach,,2,21,Caldas Estrach - San Cugat del Vallés,Caldas Estrach - San Cugat del Vallés,,586,23,"-3,697472","40,496392"
Calle Mesena,Calle Mesena,,5,19,"Mesena, 102","Mesena, 102",,534,24,"-3,663406","40,467724"
Calle de las Delicias,Delicias street,https://www.wikidata.org/entity/Q131379287,7,12,Delicias - General Lacy,Delicias - General Lacy,,273,19,"-3,690918","40,403819"
Calle Costa Brava,Calle Costa Brava,,26,1,Metro Paco de Lucía,Metro Paco de Lucía,,587,27,"-3,708657","40,498924"
Av. del Campo de Calatrava,Av. del Campo de Calatrava,,2,25,Campo Calatrava - Rda Ingenioso Hidalgo,Campo Calatrava - Rda Ingenioso Hidalgo,,588,27,"-3,691123","40,500522"
Avenida Monasterio de Silos,Avenida Monasterio de Silos,,24,0,Monast. Silos - Monast. Montesclaros,Monast. Silos - Monast. Montesclaros,,589,24,"-3,702903","40,503405"
Calle Ramón Power,Calle Ramón Power,,1,26,Metro Canillas,Metro Canillas,,535,27,"-3,634999","40,463575"
Calle de Cebreros,Calle de Cebreros,,3,20,"Cebreros, 97","Cebreros, 97",,328,23,"-3,752192","40,403238"
Calle Alhambra,Calle Alhambra,,12,11,Metro Laguna,Metro Laguna,,329,23,"-3,744452","40,398816"
Calle Duquesa de Parcent,Calle Duquesa de Parcent,,11,12,Duquesa de Parcent - Marcelino Castillo,Duquesa de Parcent - Marcelino Castillo,,330,23,"-3,744728","40,395002"
Calle Valmojado,Calle Valmojado,,11,13,Valmojado,Valmojado,,331,24,"-3,757572","40,396496"
Calle de los Yébenes,Calle de los Yébenes,,0,23,"Los Yébenes, 159","Los Yébenes, 159",,332,23,"-3,751817","40,393028"
Avenida de Oporto,Avenida de Oporto,,20,3,Metro Oporto,Metro Oporto,,363,23,"-3,729873","40,387451"
Avenida de Oporto,Avenida de Oporto,,13,10,Metro Opañel,Metro Opañel,,364,23,"-3,723781","40,385507"
Calle de Boj,Calle de Boj,,8,15,Boj,combat,,536,23,"-3,618082","40,45602"
Avenida de Machupichu,"Avenida de Machupichu, Madrid",https://www.wikidata.org/entity/Q28971955,16,11,Plaza López de la Plata,Plaza López de la Plata,,537,27,"-3,625794","40,458415"
Calle de Haendel,Calle de Haendel,,17,10,"Haendel, 8","Haendel, 8",,538,27,"-3,625321","40,462751"
Calle Illescas,Calle Illescas,,0,23,Illescas - Camarena,Illescas - Camarena,,333,23,"-3,756232","40,392175"
Avenida Plaza de Toros,Avenida Plaza de Toros,,15,8,Palacio Vistalegre Arena,Palacio Vistalegre,,365,23,"-3,737259","40,385372"
Paseo de Marcelino Camacho,paseo de Marcelino Camacho,https://www.wikidata.org/entity/Q53414018,23,0,Metro Carabanchel,Madrid Metro in Carabanchel,,366,23,"-3,744521","40,387737"
Avenida Alfonso XIII,"Avenida de Alfonso XIII, Madrid",https://www.wikidata.org/entity/Q29397736,16,7,Plaza José María Soler,Plaza José María Soler,,291,23,"-3,667903","40,458665"
Calle Pradillo,calle de Pradillo,https://www.wikidata.org/entity/Q55868790,7,16,Centro Deportivo Municipal Pradillo,Centro Deportivo Municipal Pradillo,,292,23,"-3,671794","40,449041"
Arturo Soria,Arturo Soria,,7,16,Metro Pinar de Chamartín,Metro Pinar de Chamartín,,494,23,"-3,666529","40,480694"
Calle Juan Ignacio Luca de Tena,Calle Juan Ignacio Luca de Tena,,21,6,Juan Ignacio Luca Tena - Quinta Molinos,Juan Ignacio Luca Tena - Quinta Molinos,,516,27,"-3,631103","40,447968"
Calle Eugenia de Montijo,Calle Eugenia de Montijo,,14,1,Eugenia de Montijo,Eugenia de Montijo,,368,15,"-3,747061","40,379102"
Plaza De la Parroquia,Plaza De la Parroquia,,4,19,Junta Municipal Distrito de Carabanchel,Junta Municipal Distrito de Carabanchel,,369,23,"-3,741583","40,380245"
Calle de Avefria,Calle de Avefria,,1,22,Avefría - Plaza de Tarifa,Avefría - Plaza de Tarifa,,370,23,"-3,730802","40,383869"
Calle Maria de Maeztu,Maria de Maeztu street,https://www.wikidata.org/entity/Q124399653,1,26,Metro Arroyofresno,Metro Arroyofresno,,590,27,"-3,727572","40,49093"
Calle de San Mariano,Calle de San Mariano,,27,0,San Mariano - Circe,San Mariano - Circe,,517,27,"-3,611905","40,441753"
Calle Tampico,Calle Tampico,,8,15,Tampico - Plaza Barbados,Tampico - Plaza Barbados,,518,23,"-3,635345","40,444569"
Calle Joaquin Turina,Calle Joaquin Turina,,14,13,"Joaquin Turina, 49","Joaquin Turina, 49",,371,27,"-3,76182","40,372458"
Calle Lonja de la Seda,Calle Lonja de la Seda,,12,11,"Lonja de la Seda, 33","Lonja de la Seda, 33",,372,23,"-3,761583","40,366122"
Calle Salvador Allende,Calle Salvador Allende,,11,12,Metro La Peseta,Metro La Peseta,,373,23,"-3,75787","40,362778"
Calle del Dinero,Calle del Dinero,,6,21,Dinero - La Peseta,Dinero - La Peseta,,374,27,"-3,750147","40,362571"
Calle Calderilla,Calle Calderilla,,19,8,"Calderilla, 4","Calderilla, 4",,375,27,"-3,73866","40,36515"
Av.Ventisquero de la Condesa,Av.Ventisquero de la Condesa,,15,4,Metro Mirasierra,Metro Mirasierra,,591,19,"-3,716229","40,491082"
Calle de Gloria Fuertes,calle Gloria Fuertes,https://www.wikidata.org/entity/Q134085408,8,19,Estación de tren de Pitis,Estación de tren de Pitis,,592,27,"-3,724953","40,495697"
Calle del Pinzón,Calle del Pinzón,,7,17,Metro Carpetana,Metro Carpetana,,376,24,"-3,740544","40,392292"
Avenida De Abrantes,Avenida De Abrantes,,15,8,Metro Abrantes,Metro Abrantes,,377,23,"-3,727836","40,380918"
Calle Mota del Cuervo,Calle Mota del Cuervo,,13,11,Mota del Cuervo,Pan de la Mota,,539,24,"-3,631357","40,464876"
Calle Seseña,Calle Seseña,,10,14,Metro Campamento,Metro Campamento,,334,24,"-3,768156","40,394973"
Plaza Patricio,Plaza Patricio,,18,6,"Cardaño, 10","Cardaño, 10",,335,24,"-3,770575","40,396598"
Calle Troya,Calle Troya,,16,8,"Troya, 11","Troya, 11",,519,24,"-3,611915","40,436996"
Calle Eugenia de Montijo,Calle Eugenia de Montijo,,11,13,"Eugenia de Montijo, 83","Eugenia de Montijo, 83",,378,24,"-3,750973","40,375623"
Calle Antonia Rodriguez Sacristan,Calle Antonia Rodriguez Sacristan,,20,4,Antonia Rodríguez Sacristán - Valeriana,Antonia Rodríguez Sacristán - Valeriana,,379,24,"-3,747657","40,373138"
Calle Caleruega,"Calle de Caleruega, Madrid",https://www.wikidata.org/entity/Q29353439,13,11,Caleruega,Real Monasterio de Santo Domingo de Caleruega,,495,24,"-3,670588","40,478746"
Calle Islas Cies,Calle Islas Cies,,15,9,Metro Avenida de la Ilustración,Metro Avenida de la Ilustración,,593,24,"-3,718691","40,480274"
Calle Pedro Rico,"Calle de Pedro Rico, Madrid",https://www.wikidata.org/entity/Q56427389,5,19,"Calle Pedro Rico, 49","Calle Pedro Rico, 49",,594,24,"-3,703918","40,48194"
Avenida de Betanzos,Avenida de Betanzos,,17,7,Betanzos - Fermín Caballero,Betanzos - Fermín Caballero,,595,24,"-3,713221","40,481788"
Calle Ramon Gomez de la Serna,Calle Ramón Gómez de la Serna,https://www.wikidata.org/entity/Q123399169,7,17,Metro Lacoma,Metro Lacoma,,596,24,"-3,723826","40,484328"
Calle Dulce Chacón,"Calle de Dulce Chacón, Madrid",https://www.wikidata.org/entity/Q30183488,18,6,Estación de tren Fuente de la Mora,Estación de tren Fuente de la Mora,,540,24,"-3,663648","40,48456"
Calle Oliva de Plasencia,Calle Oliva de Plasencia,,4,20,"Calle Oliva de Plasencia, 1","Calle Oliva de Plasencia, 1",,336,24,"-3,779152","40,378501"
Calle Valmojado,Calle Valmojado,,10,8,Metro Aluche,Metro Aluche,,337,18,"-3,760489","40,386141"
Calle Guareña,Calle Guareña,,10,8,Guareña - Luis Chamizo,Guareña - Luis Chamizo,,338,18,"-3,765339","40,386362"
Avenida de las Aguilas,"Avenida de Las Águilas, Madrid",https://www.wikidata.org/entity/Q29405114,19,5,Estación de tren Las Águilas,Estación de tren Las Águilas,,339,24,"-3,78062","40,381326"
Calle de la Foresta nº8,Calle de la Foresta nº8,,8,15,"Foresta, 8","Foresta, 8",,597,23,"-3,667777","40,498533"
Calle La Cabrera,Calle La Cabrera,,13,14,Instalación Deportiva La Cabrera,Instalación Deportiva La Cabrera,,599,27,"-3,719204","40,472233"
Calle Fuente de Lima,Calle Fuente de Lima,,10,13,Metro Aviación Española,Metro Aviación Española,,343,23,"-3,783393","40,38359"
Calle Ocaña,Calle Ocaña,,8,15,"Ocaña, 103","Ocaña, 103",,344,23,"-3,75292","40,385863"
Paseo de Juan XXIII,"Paseo de Juan XXIII, Madrid",https://www.wikidata.org/entity/Q28367318,26,1,"Juan XXIII, 24","Juan XXIII, 24",,313,27,"-3,716936","40,448084"
Avenida Valladolid,Avenida Valladolid,,26,1,Av. Valladolid - Parque de la Bombilla,Av. Valladolid - Parque de la Bombilla,,314,27,"-3,73068","40,42966"
Calle de Caroli,Calle de Caroli,,8,15,Caroli,Caroli,,315,23,"-3,784627","40,45862"
Calle Antonio Machado,Calle Antonio Machado,,5,14,C. Deportivo Mpal. Ciudad De Los Poetas,C. Deportivo Mpal. Ciudad De Los Poetas,,316,19,"-3,719954","40,464397"
Calle Antonio Machado,Calle Antonio Machado,,1,26,"Antonio Machado, 30","Antonio Machado, 30",,317,27,"-3,719217","40,46827"
Calle Fuente del Tiro,Calle Fuente del Tiro,,8,16,Fuente del Tiro - Avd. de las Águilas,Fuente del Tiro - Avd. de las Águilas,,345,24,"-3,7798","40,383088"
Calle del Pico Chilegua,Calle del Pico Chilegua,,14,10,Metro Congosto,Metro Congosto,,449,24,"-3,618691","40,372867"
Calle Camino de las Hormigueras,Calle Camino de las Hormigueras,,13,11,"Camino de las Hormigueras, 161","Camino de las Hormigueras, 161",,450,24,"-3,637076","40,376255"
Calle Clara del Rey,Clara del Rey Street,https://www.wikidata.org/entity/Q28055037,16,8,Edificio Torres Blancas,White Towers (Bogotá Colombia),,294,24,"-3,672339","40,440944"
Avenida del Camino de Santiago,Avenida del Camino de Santiago,,8,15,Metro Las Tablas,Metro Las Tablas,,604,23,"-3,669552","40,509104"
Calle José de cadalso,Calle José de cadalso,,8,19,José de Cadalso - Rafael Finat,José de Cadalso - Rafael Finat,,348,27,"-3,770248","40,379591"
Calle Enrique Garcia Alvarez,Calle Enrique Garcia Alvarez,,15,12,Biblioteca Pública Luis Martín Santos,Biblioteca Pública Luis Martín Santos,,438,27,"-3,614061","40,380448"
Calle Granja de San Idelfonso,Calle Granja de San Idelfonso,,15,12,"La Granja de San Ildefonso, 14","La Granja de San Ildefonso, 14",,451,27,"-3,622831","40,368134"
Avenida de Las Suertes,Avenida de Las Suertes,,3,20,"Las Suertes, 15","Las Suertes, 15",,452,23,"-3,607854","40,371361"
Avenida del Ensanche de Vallecas,Avenida del Ensanche de Vallecas,,14,13,Metro La Gavia,Metro La Gavia,,453,27,"-3,61253","40,37044"
Calle Gran Via del Sureste,Calle Gran Via del Sureste,,9,18,Gran Vía del Sureste - Las Suertes,Gran Vía del Sureste - Las Suertes,,454,27,"-3,589704","40,36316"
Paseo de la Chopera,"Paseo de la Chopera, Madrid",https://www.wikidata.org/entity/Q27044458,7,16,Paseo de la Chopera - Fernando Poo,Paseo de la Chopera - Fernando Poo,,267,23,"-3,7004","40,395"
Calle Rafaela Ybarra,Calle Rafaela Ybarra,,19,4,Junta Municipal Distrito de Usera,Junta Municipal Distrito de Usera,,391,23,"-3,711296","40,381703"
c/ Ginzo de Limia,c/ Ginzo de Limia,,3,20,Metro Herrera Oria,Metro Herrera Oria,,580,23,"-3,706904","40,48337"
Paseo de la castellana,Paseo de la castellana,,19,4,Castellana - Hermanos Pinzón,Castellana - Hermanos Pinzón,,150,23,"-3,6908","40,4491"
Paseo de la Castellana,,,16,7,Plaza de Cuzco,plaza de Cuzco,https://www.wikidata.org/entity/Q26833863,157,23,"-3,689415","40,459137"
Calle Guetaria,Calle Guetaria,,20,4,"Guetaria, 84B","Guetaria, 84B",,395,23,"-3,715691","40,369168"
Calle Eduardo Mazón,Calle Eduardo Mazón,,15,8,Eduardo Mazón - Guadalajara,Eduardo Mazón - Guadalajara,,548,23,"-3,615416","40,452148"
Calle Santa Rita,Calle Santa Rita,,1,22,Santa Rita - Clara del Rey,Santa Rita - Clara del Rey,,293,23,"-3,668288","40,445793"
Av/ de Niza,Av/ de Niza,,8,15,Niza - Plaza de Grecia,Niza - Plaza de Grecia,,520,23,"-3,608116","40,434281"
Amposta s/n (esquina Arcos de Jalón),Amposta s/n (esquina Arcos de Jalón),,15,8,Amposta - Arcos de Jalón,Amposta - Arcos de Jalón,,509,23,"-3,61865","40,42219"
CalleBahía de Cádiz (cruce con Avenida Logroño),CalleBahía de Cádiz (cruce con Avenida Logroño),,10,13,Biblioteca Pública Mpal. Gloria Fuertes,Biblioteca Pública Mpal. Gloria Fuertes,,558,23,"-3,593712","40,461137"
Calle Cristo del Gran Poder (cruce con calle Alas),Calle Cristo del Gran Poder (cruce con calle Alas),,22,1,Plaza Nuestra Señora de Loreto,Plaza Nuestra Señora de Loreto,,561,23,"-3,585751","40,472048"
Calle Tomillar,Calle Tomillar,,9,18,Tomillar - Tintín y Milú,Tomillar - Tintín y Milú,,562,27,"-3,584415","40,463099"
Calle playa de Zarauz (esquina con Playa de Caleta),Calle playa de Zarauz (esquina con Playa de Caleta),,18,5,Playa de Zarauz - Playa de la Caleta,Playa de Zarauz - Playa de la Caleta,,560,23,"-3,590685","40,47314"
Avenida del Partenón,Avenida del Partenón,,13,14,IFEMA A,hyphema,,568,27,"-3,617834","40,46328"
Paseo Alberto Palacios,Paseo Alberto Palacios,,12,11,"Paseo Alberto Palacios, 42","Paseo Alberto Palacios, 42",,405,23,"-3,712904","40,344926"
Calle Eduardo Maristany,Calle Eduardo Maristany,,18,9,Estación de tren de Villaverde Bajo,Estación de tren de Villaverde Bajo,,401,27,"-3,683127","40,353285"
Calle Cifuentes,Calle Cifuentes,,17,6,La Nave de Madrid,La Nave de Madrid,,406,23,"-3,696082","40,3486"
Calle Auñón,Calle Auñón,,5,18,"Auñón, 16","Auñón, 16",,403,23,"-3,677524","40,350494"
Paseo de los Melancólicos,paseo de los Melancólicos,https://www.wikidata.org/entity/Q118847890,18,5,Ps de los Melancólicos - San Epifanio,Ps de los Melancólicos - San Epifanio,,280,23,"-3,718569","40,401782"
Calle Albox,Calle Albox,,10,13,Metro San Francisco,Metro San Francisco,,367,23,"-3,73984","40,373972"
Paseo de los Jesuitas,Paseo de los Jesuitas,,11,12,Ps. Jesuitas - Pza. Cerro Bermejo,Ps. Jesuitas - Pza. Cerro Bermejo,,325,23,"-3,730554","40,410692"
Calle Sierra de Atapuerca,Calle Sierra de Atapuerca,,3,20,Sierra de Atapuerca - Viloria de Rioja,Sierra de Atapuerca - Viloria de Rioja,,578,23,"-3,670425","40,50293"
Calle Puerto de Porzuna,Calle Puerto de Porzuna,,21,2,C. Deportivo Mpal. Miguel Guillén Prim,C. Deportivo Mpal. Miguel Guillén Prim,,446,23,"-3,62363","40,373826"
Parque Eugenia de Montijo,Parque Eugenia de Montijo,,15,9,"Eugenia de Montijo, 2","Eugenia de Montijo, 2",,382,24,"-3,754582","40,37835"
Calle transversal sexta (enfrente del colegio Villamadrid),Calle transversal sexta (enfrente del colegio Villamadrid),,9,15,Est. de tren de S. Cristóbal Industrial,Est. de tren de S. Cristóbal Industrial,,410,24,"-3,699266","40,332546"
Calle Valdesangil,Calle Valdesangil,,12,12,Valdesangil,Valdesangil,,319,24,"-3,716673","40,468422"
Calle María Tubau,Calle María Tubau,,20,4,Maria Tubau - Isabel Colbrand,Maria Tubau - Isabel Colbrand,,579,24,"-3,671704","40,513992"
Calle del Monasterio de Sobrado,Calle del Monasterio de Sobrado,,9,15,Monasterio Sobrado - Monasterio Silos,Monasterio Sobrado - Monasterio Silos,,602,24,"-3,692837","40,509323"
Calle Ubeda esquina Plaza Virgen de la capilla,Calle Ubeda esquina Plaza Virgen de la capilla,,1,23,Centro Deportivo Municipal La Masó,Centro Deportivo Municipal La Masó,,600,24,"-3,714957","40,482551"
Avenida de Logroño,avenida de Logroño,https://www.wikidata.org/entity/Q118638509,18,6,Avenida de Logroño,avenida de Logroño,,566,24,"-3,581503","40,470347"
Calle Playa de Riazor,Calle Playa de Riazor,,13,11,Metro Barajas,Metro Barajas,,565,24,"-3,583887","40,475636"
467 -  Calle Villardondiego  nº32,467 -  Calle Villardondiego  nº32,,6,18,Univ. Rey Juan Carlos - Facultad CJS,Univ. Rey Juan Carlos - Facultad CJS,,467,24,"-3,608489","40,406236"
469 - Ladera de los Almendros,469 - Ladera de los Almendros,,14,10,C. Deportivo Mpal Faustina Valladolid,C. Deportivo Mpal Faustina Valladolid,,469,24,"-3,62299","40,40343"
Avenida Real,Royal Avenue,https://www.wikidata.org/entity/Q7373779,8,10,Avenida Real - Galeote,Avenida Real - Galeote,,470,18,"-3,606367","40,402152"
Calle Molino Viejo frente,Calle Molino Viejo frente,,0,18,Molino Viejo - Minerva,Molino Viejo - Minerva,,471,18,"-3,60666","40,396301"
Calle Amaltea,Calle Amaltea,,16,8,Amaltea-Meneses,Amaltea-Meneses,,271,24,"-3,68317","40,394706"
Calle Villablanca 7,Calle Villablanca 7,,15,8,Villablanca - Vereda del Pinar,Villablanca - Vereda del Pinar,,466,23,"-3,607833","40,408947"
Paseo Juan Antonio Vallejo-Nájera Botas,"Paseo de Juan Antonio Vallejo-Nájera Botas, Madrid",https://www.wikidata.org/entity/Q33093309,8,15,"Juan Antonio Vallejo-Nájera Botas, 25","Juan Antonio Vallejo-Nájera Botas, 25",,275,23,"-3,708212","40,402054"
Avenida de la Aurora Boreal,Avenida de la Aurora Boreal,,4,19,Aurora Boreal - Minerva,Aurora Boreal - Minerva,,475,23,"-3,603668","40,399236"
Calle Méndez Álvaro,"Calle de Méndez Álvaro, Madrid",https://www.wikidata.org/entity/Q5553104,19,4,Estación Sur Méndez Álvaro A,Estación Sur Méndez Álvaro A,,274,23,"-3,681343","40,396758"
Calle Nuria nº24,Calle Nuria nº24,,15,9,Nuria - Peña Sirio,Nuria - Peña Sirio,,605,24,"-3,704883","40,491644"
Avenida Arcentales (frente Estadio Metropolitano),Avenida Arcentales (frente Estadio Metropolitano),,8,16,Metro Estadio Metropolitano,Metro Estadio Metropolitano,,522,24,"-3,600975","40,433333"
Calle Ginebra (esquina con Suecia),Calle Ginebra (esquina con Suecia),,10,14,Metro Las Rosas,Metro Las Rosas,,521,24,"-3,604818","40,423893"
Intercambiador de Canillejas,Intercambiador de Canillejas,https://www.wikidata.org/entity/Q30139064,16,8,Metro Canillejas,Metro Canillejas,,508,24,"-3,609553","40,449095"
Avenida Ciudad de Barcelona (esquina con Plaza de Carlos V),Avenida Ciudad de Barcelona (esquina con Plaza de Carlos V),,5,18,Estación de Atocha A,Line 55 (EMT Madrid),,80A,23,"-3,690538","40,407573"
Avenida Ciudad de Barcelona (esquina con Plaza de Carlos V),Avenida Ciudad de Barcelona (esquina con Plaza de Carlos V),,20,7,Estación de Atocha B,Estación de Atocha B,,80B,27,"-3,690475","40,407521"
Calle Adolfo Bioy Casares,Calle Adolfo Bioy Casares,,19,8,Adolfo Bioy Casares - Las Suertes,Adolfo Bioy Casares - Las Suertes,,447,27,"-3,598193","40,36685"
Calle San Jenaro,Calle San Jenaro,,13,11,Estación de tren de Puente de Alcocer,Estación de tren de Puente de Alcocer,,412,24,"-3,704308","40,350029"
Calle Diamante,Calle Diamante,,7,17,Diamante - Delmira Agustini,Diamante - Delmira Agustini,,415,24,"-3,687753","40,353261"
Calle Doctor Martín Arévalo enfrente del N°16,Calle Doctor Martín Arévalo enfrente del N°16,,14,10,Doctor Martín Arévalo,Doctor Martín Arévalo,,413,24,"-3,707413","40,345928"
Calle Zapatoca,Calle Zapatoca,,15,8,"Zapatoca, 8","Zapatoca, 8",,545,23,"-3,633358","40,472852"
Plaza Mayor de Barajas,Plaza Mayor de Barajas,,10,14,Plaza Mayor de Barajas,Plaza Mayor de Barajas,,567,24,"-3,577654","40,473325"
Calle soto Hidalgo,Calle soto Hidalgo,,26,1,Soto Hidalgo,Plaza de toros Vicente Segura,,563,27,"-3,582075","40,460647"
Paseo de Reina Cristina,"Paseo de la Reina Cristina, Madrid",https://www.wikidata.org/entity/Q29051319,17,6,Reina Cristina - Julián Gayarre,Reina Cristina - Julián Gayarre,,281,23,"-3,683186","40,406725"
Ronda de la Comunicación,Ronda de la Comunicación,https://www.wikidata.org/entity/Q3941077,7,16,Metro Ronda de la Comunicación,Metro Ronda de la Comunicación,,609,23,"-3,662689","40,51572"
Calle de Moncada,Carrer de Montcada,https://www.wikidata.org/entity/Q8255466,10,13,Metro San Cristóbal,Metro San Cristóbal,,408,23,"-3,692444","40,341725"
Calle Eduardo Barreiros,Calle Eduardo Barreiros,,9,14,"Eduardo Barreiros, 114","Eduardo Barreiros, 114",,409,23,"-3,704644","40,35535"
Calle Fermín Caballero 2,Calle Fermín Caballero 2,,8,15,Fermín Caballero - Sangenjo,Fermín Caballero - Sangenjo,,606,23,"-3,698485","40,487363"
Calle Huerta de Catañeda,Calle Huerta de Catañeda,,8,16,Huerta de Castañeda 26,Huerta de Castañeda 26,,349,24,"-3,742019","40,406221"
calle Gregorio Sánchez Herráez 14,calle Gregorio Sánchez Herráez 14,,7,16,Gregorio Sánchez Herráez 14,Gregorio Sánchez Herráez 14,,544,23,"-3,63657","40,477248"
Calle Oña s/n,Calle Oña s/n,,12,11,Oña,original net animation,,551,23,"-3,665856","40,489187"
Calle Ana de Austria,Calle Ana de Austria,,5,22,Ana de Austria - Ignacio Aldecoa,Ana de Austria - Ignacio Aldecoa,,552,27,"-3,65315","40,499439"
Avenida Fuerzas Armadas (Renfe Valdebebas),Avenida Fuerzas Armadas (Renfe Valdebebas),,10,14,Estación de tren de Valdebebas,Estación de tren de Valdebebas,,542,24,"-3,615718","40,481996"
Paseo de la Puerta del Ángel,Paseo de la Puerta del Ángel,,8,11,Metro Lago,Metro Lago,,320,19,"-3,734525","40,416779"
Calle Estella,Calle Estella,,19,4,Estella - Camino de Santiago,Estella - Camino de Santiago,,608,23,"-3,674357","40,49682"
Paseo de los Pontones,paseo de los Pontones,https://www.wikidata.org/entity/Q26737156,2,21,Paseo los Pontones - Ps. Melancólicos,Paseo los Pontones - Ps. Melancólicos,,278,23,"-3,7196","40,404043"
Calle luis de Salazar,"Calle de Luis de Salazar, Madrid",https://www.wikidata.org/entity/Q28940906,1,22,Luis de Salazar - Padre Claret,Luis de Salazar - Padre Claret,,289,23,"-3,664926","40,447417"
Calle Rafaela Aparicio,Calle Rafaela Aparicio,,12,15,Rafaela Aparicio - Maruja Mallo,Rafaela Aparicio - Maruja Mallo,,547,27,"-3,631218","40,47924"
Calle de Berrocal,calle de la Muerte y la Vida,https://www.wikidata.org/entity/Q118164532,2,25,"Berrocal, 9","Berrocal, 9",,402,27,"-3,67615","40,344115"
Calle Tomás Redondo,Calle Tomás Redondo,,11,12,Tomas Redondo,Tomas Redondo,,543,23,"-3,629138","40,471784"
Paseo Virgen del Puerto,Paseo Virgen del Puerto,,1,14,Virgen del Puerto,Fiestas de La Melonera,,277,15,"-3,721178","40,411622"
Calle del Tejo,Calle del Tejo,,18,5,Tejo - Parque La Ronda,Tejo - Parque La Ronda,,272,23,"-3,679186","40,39663"
Avenida Menéndez Pelayo enfrente del nº33,Avenida Menéndez Pelayo enfrente del nº33,,17,6,Parque Retiro - Puerta Reina Mercedes,Parque Retiro - Puerta Reina Mercedes,,282,23,"-3,67878","40,418133"
Calle Mayor,Calle Mayor,,16,7,Metro Sol,Metro Sol,,1,23,"-3,70541","40,416465"
Avenida Gran Vía de San Francisco,Avenida Gran Vía de San Francisco,,8,15,Gran Vía de San Francisco,Gran Vía de San Francisco,,263,23,"-3,712793","40,408339"
Calle Babilonia,Calle Babilonia,,18,5,"Calle Babilonia, 19","Calle Babilonia, 19",,559,23,"-3,588235","40,46753"
Camino de Ganapanes,Camino de Ganapanes,,6,18,Metro Peñagrande,Metro Peñagrande,,581,24,"-3,716309","40,47648"
Calle San Modesto,Calle San Modesto,,6,18,Hospital Ramón y Cajal,Hospital Ramón y Cajal,,598,24,"-3,69234","40,485801"
Calle Escalona,Calle Escalona,,0,27,Escalona - Seseña,Escalona - Seseña,,341,27,"-3,761823","40,398346"
Calle de Tembleque,Calle de Tembleque,,4,20,Metro Empalme,Metro Empalme,,346,24,"-3,766484","40,390744"
Avenida de las Aguilas,"Avenida de Las Águilas, Madrid",https://www.wikidata.org/entity/Q29405114,16,8,Est. tren Mtra Justa Freire-Poli Aluche,Est. tren Mtra Justa Freire-Poli Aluche,,347,24,"-3,768603","40,383554"
Calle Albelda,Calle Albelda,,24,0,Albelda - Torrelaguna,Albelda - Torrelaguna,,528,24,"-3,657367","40,449422"
Paseo de la Venta,Paseo de la Venta,,17,10,Metro Batán,Metro Batangas,,312,27,"-3,752856","40,40775"
Carretera del zoo s/n (metro Casa de Campo),Carretera del zoo s/n (metro Casa de Campo),,13,14,Metro Casa de Campo,Metro Casa de Campo,,321,27,"-3,761051","40,40316"
Calle Rosas de Aravaca,Calle Rosas de Aravaca,,18,5,Estación de tren de Aravaca,Estación de tren de Aravaca,,310,23,"-3,784554","40,449051"
Calle Profesor Aranguren,Calle Profesor Aranguren,,25,2,C. Universitaria - F. Geografía e Histo,C. Universitaria - F. Geografía e Histo,,311,27,"-3,733574","40,448553"
Calle Felipe IV,Calle Felipe IV,,17,6,Museo Nacional del Prado,Museo Nacional del Prado,,283,23,"-3,691906","40,415208"
Avenida Del Partenón,Avenida Del Partenón,,7,16,IFEMA B,IFEMA B,,564,23,"-3,613867","40,463861"
Calle Caños de San Pedro,Calle Caños de San Pedro,,10,13,Caños de San Pedro - San Cipriano,Caños de San Pedro - San Cipriano,,468,23,"-3,60192","40,402998"
465 - Cordel de Pavones,465 - Cordel de Pavones,,15,9,Cordel de Pavones - Bulevar José Prat,Cordel de Pavones - Bulevar José Prat,,465,24,"-3,619645","40,397375"
Calle Santa Petronila,Calle Santa Petronila,,4,20,Metro Villaverde Bajo-Cruce,Metro Villaverde Bajo-Cruce,,414,24,"-3,692163","40,350985"
Calle de la Oca,Calle de la Oca,,14,10,Oca,oca,,380,24,"-3,733549","40,389433"
Calle Domingo Párraga,Calle Domingo Párraga,,11,12,Estación de tren de Villaverde Alto,Estación de tren de Villaverde Alto,,411,23,"-3,711818","40,341753"
Calle Jacinto Verdaguer,Carrer Jacint Verdaguer,https://www.wikidata.org/entity/Q5740564,5,19,Jacinto Verdaguer - Lola de Membrives,Jacinto Verdaguer - Lola de Membrives,,354,24,"-3,716053","40,395939"
Calle Santa Pola,Calle Santa Pola,,21,2,C. Deportivo Mpal. José María Cagigal,C. Deportivo Mpal. José María Cagigal,,318,23,"-3,737028","40,432051"
Avenida Francisco Pi y Margall,Avenida Francisco Pi y Margall,,2,17,Francisco Pi y Maragall,Francisco Pi y Maragall,,549,19,"-3,650354","40,486635"
Paseo de los Melancólicos,paseo de los Melancólicos,https://www.wikidata.org/entity/Q118847890,10,13,"Paseo de los Melancólicos, 1","Paseo de los Melancólicos, 1",,279,23,"-3,718482","40,410445"
Calle Carmen de Burgos,Calle Carmen de Burgos,,7,16,"Carmen de Burgos, 4","Carmen de Burgos, 4",,407,23,"-3,684788","40,357546"
Paseo de las Yeserías,Paseo de las Yeserías,,12,10,"Paseo de las Yeserías, 15","Paseo de las Yeserías, 15",,276,23,"-3,709917","40,399005"
Calle Illescas,Calle Illescas,,21,6,Illescas - Seseña,Illescas - Seseña,,340,27,"-3,765698","40,397098"
Calle Osa de la Vega,Calle Osa de la Vega,,3,20,Osa de la Vega - Rafael Finat,Osa de la Vega - Rafael Finat,,342,23,"-3,773381","40,374979"
Calle Alfredo Aleix,Calle Alfredo Aleix,,8,16,Alfredo Aleix - Mercedes Rodríguez,Alfredo Aleix - Mercedes Rodríguez,,381,24,"-3,755392","40,368477"
Calle Valderrebollo,Calle Valderrebollo,,22,1,"Valderrebollo, 18","Valderrebollo, 18",,444,23,"-3,627635","40,374348"
Avenida Del Ensanche de Vallecas,Avenida Del Ensanche de Vallecas,,14,13,Metro Las Suertes,Metro Las Suertes,,448,27,"-3,599352","40,363376"
Calle de los Pinillas,Calle de los Pinillas,,4,23,Metro Valdebernardo,Metro Valdebernardo,,472,27,"-3,621148","40,398797"
Calle Villa Blanca,Calle Villa Blanca,,21,6,Villablanca - Parque Forestal Vicálvaro,Villablanca - Parque Forestal Vicálvaro,,473,27,"-3,59888","40,405"
Calle San Cipriano,calle de San Cipriano,https://www.wikidata.org/entity/Q34463888,10,17,Estación de tren de Vicálvaro,Estación de tren de Vicálvaro,,474,27,"-3,596875","40,402255"
Avenida Gran Vía de Hortaleza,Avenida Gran Vía de Hortaleza,,8,15,Metro Pinar del Rey,Metro Pinar del Rey,,541,23,"-3,646859","40,468271"
Calle Andorra,Calle Andorra,,5,18,Andorra - Canillas,Andorra - Canillas,,546,23,"-3,646752","40,462898"
Calle del Príncipe Carlos,Calle del Príncipe Carlos,,2,21,"Príncipe Carlos, 54","Príncipe Carlos, 54",,550,23,"-3,656674","40,494111"
Calle María de Portugal,Calle María de Portugal,,11,12,María Portugal - Niceto Alcalá Zamora,María Portugal - Niceto Alcalá Zamora,,553,23,"-3,658921","40,499909"
Calle Antonio de Cabezón,Calle Antonio de Cabezón,,3,20,Estación de tren de Fuencarral,Estación de tren de Fuencarral,,601,23,"-3,682469","40,501559"
Calle Castiello de Jaca,Calle Castiello de Jaca,,0,23,"Castiello de Jaca, 14","Castiello de Jaca, 14",,603,23,"-3,678203","40,509198"
Calle Valcarlos,Calle Valcarlos,,21,6,Metro Ligero - Palas de Rey,Metro Ligero - Palas de Rey,,607,27,"-3,664157","40,505192"
Bardegueral nº16,Bardegueral nº16,,7,16,Bardegueral,Bardegueral,,610,23,"-3,77191","40,450172"
Calle Francisco Balseiro,Calle Francisco Balseiro,,0,24,Acueducto de Amaniel,Acueducto de Amaniel,,237,24,"-3,710274","40,451682"
Calle María de las Mercedes de Borbón,Calle María de las Mercedes de Borbón,,9,14,María de las Mercedes de Borbón B,María de las Mercedes de Borbón B,,262,23,"-3,620114","40,492868"
Calle María de las Mercedes de Borbón,Calle María de las Mercedes de Borbón,,2,21,María de las Mercedes de Borbón A,María de las Mercedes de Borbón A,,611,23,"-3,612107","40,490908"
