PK;NOMBRE;DESCRIPCION-ENTIDAD;HORARIO;EQUIPAMIENTO;TRANSPORTE;DESCRIPCION;ACCESIBILIDAD;CONTENT-URL;NOMBRE-VIA;CLASE-VIAL;TIPO-NUM;NUM;PLANTA;PUERTA;ESCALERAS;ORIENTACION;LOCALIDAD;PROVINCIA;CODIGO-POSTAL;COD-BARRIO;BARRIO;COD-DISTRITO;DISTRITO;COORDENADA-X;COORDENADA-Y;LATITUD;LONGITUD;TELEFONO;FAX;EMAIL;TIPO
6408;Centro de Enseñanza Superior Cardenal Cisneros;;;;Metro: Lista (línea 4), Núñez de Balboa (líneas 5 y 9), Diego de León (líneas 4, 5 y 6).;;3;http://www.madrid.es/sites/v/index.jsp?vgnextchannel=bfa48ab43d6bb410VgnVCM100000171f5a0aRCRD&vgnextoid=ea1cf3216571c010VgnVCM1000000b205a0aRCRD;GENERAL DIAZ PORLIER;CALLE;V;58;;;;;MADRID;MADRID;28006;5;LISTA;4;SALAMANCA;442606;4475777;40.430.655.746.270.500;-3.676.645.132.506.570;913 096 120  / 914 028 981;;secretaria@cescisneros.es;/contenido/entidadesYorganismos/Universidades/OtrosCentrosUniversitarios
6368;Centro de Enseñanza Superior en Humanidades y Ciencias de la Educación Don Bosco;;;;Metro: Francos Rodríguez (línea 7).;;3;http://www.madrid.es/sites/v/index.jsp?vgnextchannel=bfa48ab43d6bb410VgnVCM100000171f5a0aRCRD&vgnextoid=cff8ae10c471c010VgnVCM1000000b205a0aRCRD;MARIA AUXILIADORA;CALLE;V;9;;;;;MADRID;MADRID;28040;3;CIUDAD UNIVERSITARIA;9;MONCLOA-ARAVACA;439343;4478823;404.578.663.330.372;-37.154.022.232.737.900;914 500 472;;comunicacion@cesdonbosco.com;/contenido/entidadesYorganismos/Universidades/OtrosCentrosUniversitarios
7029862;Centro de Enseñanza Superior Villanueva;;;;Metro: Paco de Lucía (línea 9).  Cercanías Renfe: Mirasierra-Paco de Lucía (líneas C7, C8, C8a, C8b).;;3;http://www.madrid.es/sites/v/index.jsp?vgnextchannel=bfa48ab43d6bb410VgnVCM100000171f5a0aRCRD&vgnextoid=d4d1e0ecb9eaf310VgnVCM1000000b205a0aRCRD;COSTA BRAVA;CALLE;V;2;;;;;MADRID;MADRID;28034;7;MIRASIERRA;8;FUENCARRAL-EL PARDO;440508;4483040;4.049.594.165.711.770;-3.702.048.289.834.190;917 340 413;;;/contenido/entidadesYorganismos/Universidades/OtrosCentrosUniversitarios
6696;Centro Superior de Diseño de Moda de Madrid (Centro adscrito a la UPM);Centro adscrito a la Universidad Politécnica de Madrid.;;;Metro: Sierra de Guadalupe (línea 1).  Cercanías Renfe: Vallecas (líneas C2,C7).;;3;http://www.madrid.es/sites/v/index.jsp?vgnextchannel=bfa48ab43d6bb410VgnVCM100000171f5a0aRCRD&vgnextoid=16c17b503a71c010VgnVCM1000000b205a0aRCRD;VALENCIA;CARRETERA;T;7;;;;Bloque I;MADRID;MADRID;28030;5;FONTARRON;14;MORATALAZ;444288;4473008;40.388.857.066.045.900;-36.286.523.028.588.000;913 310 126;;informacion.csdmm@upm.es;/contenido/entidadesYorganismos/Universidades/OtrosCentrosUniversitarios
6383;Centro Universitario La Salle;;;;Consulta los siguientes enlaces.;;3;http://www.madrid.es/sites/v/index.jsp?vgnextchannel=bfa48ab43d6bb410VgnVCM100000171f5a0aRCRD&vgnextoid=5289ae10c471c010VgnVCM1000000b205a0aRCRD;LA SALLE;CALLE;V;10;;;;;MADRID;MADRID;28023;5;VALDEMARIN;9;MONCLOA-ARAVACA;433703;4479802;40.466.248.901.592.800;-37.820.082.470.461.600;917 401 980;913 571 730;sia@lasallecampus.es;/contenido/entidadesYorganismos/Universidades/EscuelasUniversitarias
10297377;Colegio Mayor Alcalá;;;Tipo masculina.;Metro: Metropolitano (línea 6).;;0;http://www.madrid.es/sites/v/index.jsp?vgnextchannel=bfa48ab43d6bb410VgnVCM100000171f5a0aRCRD&vgnextoid=93179fc26c5fa510VgnVCM2000001f4a900aRCRD;DON RAMON MENENDEZ PIDAL;CALLE;V;2;;;;;MADRID;MADRID;28040;3;CIUDAD UNIVERSITARIA;9;MONCLOA-ARAVACA;438986;4477692;4.044.764.820.463.780;-3.719.503.495.059.190;915 533 004;915 549 548;admisiones@cmalcala.es;/contenido/entidadesYorganismos/Universidades/ColegiosMayores
10297407;Colegio Mayor Alcor;;;Tipo femenina.;Metro: Metropolitano (línea 6), Guzmán el Bueno (línea 6 y 7).;;1;http://www.madrid.es/sites/v/index.jsp?vgnextchannel=bfa48ab43d6bb410VgnVCM100000171f5a0aRCRD&vgnextoid=0b19849d706fa510VgnVCM2000001f4a900aRCRD;GENERAL AMPUDIA;CALLE;V;7;;;;;MADRID;MADRID;28003;6;VALLEHERMOSO;7;CHAMBERI;439342;4477200;40.443.245.742.864.000;-3.715.255.918.766.610;915 339 208;;info@cmalcor.com;/contenido/entidadesYorganismos/Universidades/ColegiosMayores
6507;Colegio Mayor Antonio de Nebrija;;;Tipo mixta.;Metro: Ciudad Universitaria (línea 6);;0;http://www.madrid.es/sites/v/index.jsp?vgnextchannel=bfa48ab43d6bb410VgnVCM100000171f5a0aRCRD&vgnextoid=77453b54d771c010VgnVCM1000000b205a0aRCRD;SENECA;AVENIDA;V;8;;;;;MADRID;MADRID;28040;3;CIUDAD UNIVERSITARIA;9;MONCLOA-ARAVACA;438214;4476373;4.043.571.333.918.660;-37.284.677.239.467.500;913 941 005;;cmuantoniodenebrija@ucm.es;/contenido/entidadesYorganismos/Universidades/ColegiosMayores
6548;Colegio Mayor Aquinas (Santo Tomás de Aquino);;;Tipo mixto.;Metro: Estación Vicente Aleixandre (línea 6), Ciudad Universitaria (línea 6) y Francos Rodríguez (línea 7);;1;http://www.madrid.es/sites/v/index.jsp?vgnextchannel=bfa48ab43d6bb410VgnVCM100000171f5a0aRCRD&vgnextoid=b3e73b54d771c010VgnVCM1000000b205a0aRCRD;LEONARDO PRIETO CASTRO;CALLE;V;6;;;;;MADRID;MADRID;28040;3;CIUDAD UNIVERSITARIA;9;MONCLOA-ARAVACA;438791;4478182;4.045.204.759.324.340;-37.218.395.787.782.300;915 438 800;;aquinas@aquinas.es;/contenido/entidadesYorganismos/Universidades/ColegiosMayores
10297432;Colegio Mayor Argentino Nuestra Señora de Luján;;;Tipo mixta.;Metro: Moncloa (línea 6) Ciudad Universitaria (línea 6);;0;http://www.madrid.es/sites/v/index.jsp?vgnextchannel=bfa48ab43d6bb410VgnVCM100000171f5a0aRCRD&vgnextoid=341d849d706fa510VgnVCM2000001f4a900aRCRD;MARTIN FIERRO;CALLE;V;3;;;;;MADRID;MADRID;28040;3;CIUDAD UNIVERSITARIA;9;MONCLOA-ARAVACA;437941;4476419;4.043.610.678.975.890;-3.731.701.576.349.750;911 812 050;915 446 001;administracion@cmanslujan.com;/contenido/entidadesYorganismos/Universidades/ColegiosMayores
10297437;Colegio Mayor Barberán y Collar;;;Tipo mixta.;Consulta los siguientes enlaces:;;0;http://www.madrid.es/sites/v/index.jsp?vgnextchannel=bfa48ab43d6bb410VgnVCM100000171f5a0aRCRD&vgnextoid=20cd849d706fa510VgnVCM2000001f4a900aRCRD;SENECA;AVENIDA;V;16;;;;;MADRID;MADRID;28040;3;CIUDAD UNIVERSITARIA;9;MONCLOA-ARAVACA;437816;4476247;40.434.545.397.562.400;-37.331.585.246.591.500;916 020 300;;cmubarberan@mde.es;/contenido/entidadesYorganismos/Universidades/ColegiosMayores
6533;Colegio Mayor Berrospe;;;Tipo femenina.;Metro: Vicente Aleixandre (línea 6).;;1;http://www.madrid.es/sites/v/index.jsp?vgnextchannel=bfa48ab43d6bb410VgnVCM100000171f5a0aRCRD&vgnextoid=938b79262ef5d010VgnVCM1000000b205a0aRCRD;MONCLOA;AVENIDA;V;9;;;;;MADRID;MADRID;28003;6;VALLEHERMOSO;7;CHAMBERI;439217;4477548;4.044.636.760.362.390;-3.716.758.311.138.520;91 533 59 00;;cmberrospe@berrospe.org;/contenido/entidadesYorganismos/Universidades/ColegiosMayores
10297474;Colegio Mayor Casa Do Brasil;;;Tipo mixta.;Metro: Ciudad Universitaria (línea 6).;;0;http://www.madrid.es/sites/v/index.jsp?vgnextchannel=bfa48ab43d6bb410VgnVCM100000171f5a0aRCRD&vgnextoid=d8b0849d706fa510VgnVCM2000001f4a900aRCRD;MEMORIA;AVENIDA;V;3;;;;;MADRID;MADRID;28040;3;CIUDAD UNIVERSITARIA;9;MONCLOA-ARAVACA;438486;4476684;4.043.853.583.084.270;-37.252.915.757.655.100;914 551 560;;sec@casadobrasil.es;/contenido/entidadesYorganismos/Universidades/ColegiosMayores
10297556;Colegio Mayor Chaminade;;;Tipo mixta.;Metro: Vicente Aleixandre (línea 6), Guzmán el Bueno (línea 6 y 7).;;1;http://www.madrid.es/sites/v/index.jsp?vgnextchannel=bfa48ab43d6bb410VgnVCM100000171f5a0aRCRD&vgnextoid=fce1849d706fa510VgnVCM2000001f4a900aRCRD;JUAN XXIII;PASEO;V;9;;;;;MADRID;MADRID;28040;3;CIUDAD UNIVERSITARIA;9;MONCLOA-ARAVACA;439137;4477657;4.044.734.637.151.860;-37.177.116.209.853.800;915 545 400;;secretaria@fugjchaminade.es;/contenido/entidadesYorganismos/Universidades/ColegiosMayores
10297714;Colegio Mayor Diego de Covarrubias;;;Tipo mixta.;Metro: Moncloa (Línea 6), Ciudad Universitaria (Línea 6);;0;http://www.madrid.es/sites/v/index.jsp?vgnextchannel=bfa48ab43d6bb410VgnVCM100000171f5a0aRCRD&vgnextoid=8f15849d706fa510VgnVCM2000001f4a900aRCRD;SENECA;AVENIDA;V;10;;;;;MADRID;MADRID;28040;3;CIUDAD UNIVERSITARIA;9;MONCLOA-ARAVACA;438108;4476343;4.043.543.488.509.480;-37.297.224.981.364.500;913 941 030;913 941 158;cmm@pas.ucm.es;/contenido/entidadesYorganismos/Universidades/ColegiosMayores
10297748;Colegio Mayor Elías Ahúja;;;Tipo masculina.;Metro: Guzman el Bueno (Línea 6);;0;http://www.madrid.es/sites/v/index.jsp?vgnextchannel=bfa48ab43d6bb410VgnVCM100000171f5a0aRCRD&vgnextoid=ba16849d706fa510VgnVCM2000001f4a900aRCRD;RECTOR ROYO-VILLANOVA;CALLE;V;4;;;;;MADRID;MADRID;28040;3;CIUDAD UNIVERSITARIA;9;MONCLOA-ARAVACA;439345;4478044;4.045.084.427.289.560;-37.153.019.237.576.600;915 337 700;;info@eliasahuja.org;/contenido/entidadesYorganismos/Universidades/ColegiosMayores
6522;Colegio Mayor Fundación SEPI;;;Tipo mixta.;Metro: Vicente Aleixandre (línea 6).;;1;http://www.madrid.es/sites/v/index.jsp?vgnextchannel=bfa48ab43d6bb410VgnVCM100000171f5a0aRCRD&vgnextoid=a3163b54d771c010VgnVCM1000000b205a0aRCRD;GREGORIO DEL AMO;AVENIDA;V;2;;;;;MADRID;MADRID;28040;3;CIUDAD UNIVERSITARIA;9;MONCLOA-ARAVACA;439043;4477609;40.446.907.485.706.800;-37.188.228.498.669.300;915 336 812;;cmusepi.cm@funep.es;/contenido/entidadesYorganismos/Universidades/ColegiosMayores
6520;Colegio Mayor Jaime del Amo;;;Tipo masculino.;Metro: Vicente Aleixandre (línea 6),;;0;http://www.madrid.es/sites/v/index.jsp?vgnextchannel=bfa48ab43d6bb410VgnVCM100000171f5a0aRCRD&vgnextoid=ed563b54d771c010VgnVCM1000000b205a0aRCRD;GREGORIO DEL AMO;AVENIDA;V;5;;;;;MADRID;MADRID;28040;3;CIUDAD UNIVERSITARIA;9;MONCLOA-ARAVACA;438750;4477491;4.044.582.638.073.110;-372.226.686.792.607;915 540 804;915 547 066;secretaria@jaimedelamo.org;/contenido/entidadesYorganismos/Universidades/ColegiosMayores
6521;Colegio Mayor Jorge Juan;;;Tipo mixta.;Metro: Moncloa (línea 6) y Ciudad Universitaria (línea 6);;0;http://www.madrid.es/sites/v/index.jsp?vgnextchannel=bfa48ab43d6bb410VgnVCM100000171f5a0aRCRD&vgnextoid=70763b54d771c010VgnVCM1000000b205a0aRCRD;SENECA;AVENIDA;V;14;;;;;MADRID;MADRID;28040;3;CIUDAD UNIVERSITARIA;9;MONCLOA-ARAVACA;437936;4476288;404.349.249.042.721;-37.317.433.524.081.800;915 507 100;915 507 244;secretaria@cmjorgejuan.es;/contenido/entidadesYorganismos/Universidades/ColegiosMayores
6523;Colegio Mayor Juan Luis Vives;;;Tipo mixta.;Metro: Plaza de Castilla (líneas 1, 9 y 10).;;1;http://www.madrid.es/sites/v/index.jsp?vgnextchannel=bfa48ab43d6bb410VgnVCM100000171f5a0aRCRD&vgnextoid=03863b54d771c010VgnVCM1000000b205a0aRCRD;FRANCISCO SUAREZ;CALLE;V;7;;;;;MADRID;MADRID;28036;5;NUEVA ESPAÑA;5;CHAMARTIN;441961;4479597;4.046.502.029.145.420;-36.845.899.986.944.400;914 979 900;;cmluisvives@uam.es;/contenido/entidadesYorganismos/Universidades/ColegiosMayores
6524;Colegio Mayor Juan XXIII Roncalli;;;Tipo femenina.;Metro: Vicente Aleixandre (línea 6), Guzmán el Bueno (línea 6), Ciudad Universitaria (línea 6);;1;http://www.madrid.es/sites/v/index.jsp?vgnextchannel=bfa48ab43d6bb410VgnVCM100000171f5a0aRCRD&vgnextoid=e808a4ea6871c010VgnVCM1000000b205a0aRCRD;RAMIRO DE MAEZTU;CALLE;V;3;;;;;MADRID;MADRID;28040;3;CIUDAD UNIVERSITARIA;9;MONCLOA-ARAVACA;439111;4477845;4.044.903.948.047.640;-37.180.373.012.857.000;915 339 408;;direccion@roncalli.es;/contenido/entidadesYorganismos/Universidades/ColegiosMayores
6527;Colegio Mayor Loyola;;;Tipo mixta.;Metro: Vicente Aleixandre (línea 6), Guzmán el Bueno (líneas 6 y 7).;;1;http://www.madrid.es/sites/v/index.jsp?vgnextchannel=bfa48ab43d6bb410VgnVCM100000171f5a0aRCRD&vgnextoid=95963b54d771c010VgnVCM1000000b205a0aRCRD;JUAN XXIII;PASEO;V;17;;;;;MADRID;MADRID;28040;3;CIUDAD UNIVERSITARIA;9;MONCLOA-ARAVACA;439337;4477951;4.045.000.544.910.970;-37.153.887.868.377.800;915 340 404;915 352 205;secretaria@cmuloyola.org;/contenido/entidadesYorganismos/Universidades/ColegiosMayores
6528;Colegio Mayor Mara;;;Tipo femenina.;Metro: Vicente Aleixandre (línea 6), Guzmán el Bueno (líneas 6 y 7).;;0;http://www.madrid.es/sites/v/index.jsp?vgnextchannel=bfa48ab43d6bb410VgnVCM100000171f5a0aRCRD&vgnextoid=28a63b54d771c010VgnVCM1000000b205a0aRCRD;JUAN XXIII;PASEO;V;15;;;;;MADRID;MADRID;28040;3;CIUDAD UNIVERSITARIA;9;MONCLOA-ARAVACA;439277;4477904;4.044.958.307.800.650;-37.160.919.870.624.100;915 536 604;;secretaria@colegiomayormara.com;/contenido/entidadesYorganismos/Universidades/ColegiosMayores
6529;Colegio Mayor Marqués de la Ensenada;;;Tipo mixta.;Consultar los siguientes enlaces:;;1;http://www.madrid.es/sites/v/index.jsp?vgnextchannel=bfa48ab43d6bb410VgnVCM100000171f5a0aRCRD&vgnextoid=bab63b54d771c010VgnVCM1000000b205a0aRCRD;SENECA;AVENIDA;V;18;;;;;MADRID;MADRID;28040;3;CIUDAD UNIVERSITARIA;9;MONCLOA-ARAVACA;437783;4476235;4.043.444.043.139.220;-3.733.543.743.924.680;915 497 100;915 495 501;info@cmumarquesdelaensenada.com;/contenido/entidadesYorganismos/Universidades/ColegiosMayores
11955027;Colegio Mayor Mater Salvatoris;;;Tipo femenina.;Consultar los siguientes enlaces:;;0;http://www.madrid.es/sites/v/index.jsp?vgnextchannel=bfa48ab43d6bb410VgnVCM100000171f5a0aRCRD&vgnextoid=0b3d29b0795c6810VgnVCM1000001d4a900aRCRD;VALDESQUI;CALLE;V;3;;;;;MADRID;MADRID;28023;5;VALDEMARIN;9;MONCLOA-ARAVACA;434629;4479548;4.046.404.258.469.890;-37.710.701.028.693.100;913 071 243;;madrid.cmu@matersalvatoris.org;/contenido/entidadesYorganismos/Universidades/ColegiosMayores
6530;Colegio Mayor Méndel;;;Tipo mixta.;Metro: Vicente Aleixandre (línea 6).;;0;http://www.madrid.es/sites/v/index.jsp?vgnextchannel=bfa48ab43d6bb410VgnVCM100000171f5a0aRCRD&vgnextoid=4dc63b54d771c010VgnVCM1000000b205a0aRCRD;RECTOR ROYO-VILLANOVA;CALLE;V;6;;;;;MADRID;MADRID;28040;3;CIUDAD UNIVERSITARIA;9;MONCLOA-ARAVACA;439226;4478055;40.450.938.406.912.800;-3.716.699.793.684.650;915 340 700;;director@cmmendel.com;/contenido/entidadesYorganismos/Universidades/ColegiosMayores
6531;Colegio Mayor Moncloa;;;Tipo masculina.;Metro: Guzmán el Bueno (línea 6 y 7), Vicente Aleixandre (línea 6);;0;http://www.madrid.es/sites/v/index.jsp?vgnextchannel=bfa48ab43d6bb410VgnVCM100000171f5a0aRCRD&vgnextoid=dfd63b54d771c010VgnVCM1000000b205a0aRCRD;MONCLOA;AVENIDA;V;3;;;;;MADRID;MADRID;28003;6;VALLEHERMOSO;7;CHAMBERI;439328;4477492;4.044.587.627.267.910;-3.715.446.297.968.530;915 338 500;;info@cmmoncloa.org;/contenido/entidadesYorganismos/Universidades/ColegiosMayores
6532;Colegio Mayor Montalbán;;;Tipo masculina.;Metro:  Núñez de Balboa (líneas 5 y 9).;;0;http://www.madrid.es/sites/v/index.jsp?vgnextchannel=bfa48ab43d6bb410VgnVCM100000171f5a0aRCRD&vgnextoid=62f63b54d771c010VgnVCM1000000b205a0aRCRD;DIEGO DE LEON;CALLE;V;14;;;;;MADRID;MADRID;28006;6;CASTELLANA;4;SALAMANCA;441972;4476247;40.434.842.602.381.100;-3.684.160.626.397.250;685 745 752 (información para pisos);;info@cmmontalban.com;/contenido/entidadesYorganismos/Universidades/ColegiosMayores
11955131;Colegio Mayor Nuestra Señora de África;;;Tipo mixta.;Metro: Vicente Aleixandre (línea 6);;1;http://www.madrid.es/sites/v/index.jsp?vgnextchannel=bfa48ab43d6bb410VgnVCM100000171f5a0aRCRD&vgnextoid=390029b0795c6810VgnVCM1000001d4a900aRCRD;RAMIRO DE MAEZTU;CALLE;V;2;;;;;MADRID;MADRID;28040;3;CIUDAD UNIVERSITARIA;9;MONCLOA-ARAVACA;439191;4477869;4.044.925.799.673.550;-37.171.006.978.828.400;915 540 104;;info.africa@eoi.es;/contenido/entidadesYorganismos/Universidades/ColegiosMayores
6534;Colegio Mayor Nuestra Señora de Guadalupe;;;Tipo mixta.;Metro: Moncloa (líneas 3 y 6).;;1;http://www.madrid.es/sites/v/index.jsp?vgnextchannel=bfa48ab43d6bb410VgnVCM100000171f5a0aRCRD&vgnextoid=36263b54d771c010VgnVCM1000000b205a0aRCRD;SENECA;AVENIDA;V;4;;;;;MADRID;MADRID;28040;3;CIUDAD UNIVERSITARIA;9;MONCLOA-ARAVACA;438464;4476468;404.365.837.060.789;-37.255.298.689.626.700;915 435 200;;info.guadalupe@eoi.es;/contenido/entidadesYorganismos/Universidades/ColegiosMayores
10298280;Colegio Mayor Pío XII;;;Tipo masculina.;Metro: Vicente Aleixandre (línea 6).;;0;http://www.madrid.es/sites/v/index.jsp?vgnextchannel=bfa48ab43d6bb410VgnVCM100000171f5a0aRCRD&vgnextoid=5b721beab56fa510VgnVCM2000001f4a900aRCRD;JUAN XXIII;PASEO;V;3;;;;;MADRID;MADRID;28040;3;CIUDAD UNIVERSITARIA;9;MONCLOA-ARAVACA;438935;4477389;4.044.491.451.422.510;-37.200.680.644.720.500;915 141 711;;info@colegiomayorpioxii.es;/contenido/entidadesYorganismos/Universidades/ColegiosMayores
6538;Colegio Mayor Poveda;;;Tipo femenina.;Metro: Vicente Aleixandre (línea 6), Gúzman el Bueno (líneas 6 y 7).;;1;http://www.madrid.es/sites/v/index.jsp?vgnextchannel=bfa48ab43d6bb410VgnVCM100000171f5a0aRCRD&vgnextoid=1a273b54d771c010VgnVCM1000000b205a0aRCRD;ISAAC PERAL;CALLE;V;60;;;;;MADRID;MADRID;28040;6;VALLEHERMOSO;7;CHAMBERI;439022;4477171;40.442.963.646.266.800;-37.190.211.475.612.600;914 562 589;;secretaria@cmppoveda.es;/contenido/entidadesYorganismos/Universidades/ColegiosMayores
6545;Colegio Mayor Santa María de Europa;;;Tipo mixta.;Metro: Islas Filipinas (línea 7), Canal (líneas 2 y 7).;;0;http://www.madrid.es/sites/v/index.jsp?vgnextchannel=bfa48ab43d6bb410VgnVCM100000171f5a0aRCRD&vgnextoid=e6873b54d771c010VgnVCM1000000b205a0aRCRD;CEA BERMUDEZ;CALLE;V;17;;;;;MADRID;MADRID;28003;2;ARAPILES;7;CHAMBERI;439858;4476690;40.438.685.506.832.600;-37.091.237.782.947.600;913 946 646;;ccmm@ucm.es;/contenido/entidadesYorganismos/Universidades/ColegiosMayores
6544;Colegio Mayor Santa María del Pino;;;Tipo femenina.;Metro: Islas Filipinas (línea 7);;1;http://www.madrid.es/sites/v/index.jsp?vgnextchannel=bfa48ab43d6bb410VgnVCM100000171f5a0aRCRD&vgnextoid=0ca73b54d771c010VgnVCM1000000b205a0aRCRD;SAN FRANCISCO DE SALES;PASEO;V;13;;;;;MADRID;MADRID;28003;6;VALLEHERMOSO;7;CHAMBERI;439255;4476886;4.044.040.601.048.900;-37.162.462.206.445.700;915 432 409;915 495 022;secretaria@colegiomayorpino.com;/contenido/entidadesYorganismos/Universidades/ColegiosMayores
6546;Colegio Mayor Santa Mónica;;;Tipo femenina.;Metro: Vicente Aleixandre (línea 6), Guzmán el Bueno (líneas 6 y 7).;;0;http://www.madrid.es/sites/v/index.jsp?vgnextchannel=bfa48ab43d6bb410VgnVCM100000171f5a0aRCRD&vgnextoid=9eb73b54d771c010VgnVCM1000000b205a0aRCRD;JUAN XXIII;PASEO;V;19;;;;;MADRID;MADRID;28040;3;CIUDAD UNIVERSITARIA;9;MONCLOA-ARAVACA;439401;4477989;4.045.035.239.946.320;-37.146.291.167.019.000;915 333 001;;secretaria@cmumonica.es;/contenido/entidadesYorganismos/Universidades/ColegiosMayores
46080;Colegio Mayor Santa Teresa de Jesús;;;Tipo mixta.;Consulta los siguientes enlaces:;;1;http://www.madrid.es/sites/v/index.jsp?vgnextchannel=bfa48ab43d6bb410VgnVCM100000171f5a0aRCRD&vgnextoid=a147598d1351c010VgnVCM1000000b205a0aRCRD;SENECA;AVENIDA;V;12;;;;;MADRID;MADRID;28040;3;CIUDAD UNIVERSITARIA;9;MONCLOA-ARAVACA;438037;4476320;4.043.522.158.947.950;-3.730.558.119.606.540;913 941 008;;;/contenido/entidadesYorganismos/Universidades/ColegiosMayores
6552;Colegio Mayor Somosierra;;;Tipo femenina.;Metro: Concha Espina (línea 9), Colombia (líneas 8 y 9).;;3;http://www.madrid.es/sites/v/index.jsp?vgnextchannel=bfa48ab43d6bb410VgnVCM100000171f5a0aRCRD&vgnextoid=46f73b54d771c010VgnVCM1000000b205a0aRCRD;VICTOR DE LA SERNA;CALLE;V;13;;;;;MADRID;MADRID;28016;4;HISPANOAMERICA;5;CHAMARTIN;442967;4478297;4.045.338.463.229.640;-3.672.607.650.534.370;618 746 081;;cmsomosierra@cmsomosierra.com;/contenido/entidadesYorganismos/Universidades/ColegiosMayores
6519;Colegio Mayor Universitario Isabel de España;;;Tipo mixta.;Metro: Vicente Aleixandre (línea 6).;;0;http://www.madrid.es/sites/v/index.jsp?vgnextchannel=bfa48ab43d6bb410VgnVCM100000171f5a0aRCRD&vgnextoid=5b463b54d771c010VgnVCM1000000b205a0aRCRD;DON RAMON MENENDEZ PIDAL;CALLE;V;5;;;;;MADRID;MADRID;28040;3;CIUDAD UNIVERSITARIA;9;MONCLOA-ARAVACA;438946;4477777;4.044.841.681.111.200;-37.199.730.138.128.700;915 336 104;;cmisabel@cmisabel.com;/contenido/entidadesYorganismos/Universidades/ColegiosMayores
6540;Colegio Mayor Universitario San Agustín;;;Tipo mixta.;Bus: U.;;1;http://www.madrid.es/sites/v/index.jsp?vgnextchannel=bfa48ab43d6bb410VgnVCM100000171f5a0aRCRD&vgnextoid=3f473b54d771c010VgnVCM1000000b205a0aRCRD;ANTONIO NEBRIJA;TRAVESIA;V;4;;;;;MADRID;MADRID;28040;3;CIUDAD UNIVERSITARIA;9;MONCLOA-ARAVACA;438288;4476484;4.043.672.037.843.150;-37.276.073.977.792.400;915 505 000;;colegio@cmusa.net;/contenido/entidadesYorganismos/Universidades/ColegiosMayores
6542;Colegio Mayor Universitario San Pablo;;;Tipo masculina.;Metro: Vicente Aleixandre (línea 6), Islas Filipinas (línea 7).;;1;http://www.madrid.es/sites/v/index.jsp?vgnextchannel=bfa48ab43d6bb410VgnVCM100000171f5a0aRCRD&vgnextoid=54773b54d771c010VgnVCM1000000b205a0aRCRD;ISAAC PERAL;CALLE;V;58;;;;;MADRID;MADRID;28040;6;VALLEHERMOSO;7;CHAMBERI;439057;4477082;40.442.163.372.591.800;-37.186.016.905.372.700;915 989 600;915 340 528;colegiomayor@cmusp.com;/contenido/entidadesYorganismos/Universidades/ColegiosMayores
6549;Colegio Mayor Universitario Santillana;;;Tipo masculina.;Metro: Paco de lucía (línea 9)  Cercanías Renfe: Mirasierra-Paco de Lucia (líneas C3a, C7, C8 y Regional).;;0;http://www.madrid.es/sites/v/index.jsp?vgnextchannel=bfa48ab43d6bb410VgnVCM100000171f5a0aRCRD&vgnextoid=21d73b54d771c010VgnVCM1000000b205a0aRCRD;MARBELLA;CALLE;V;60;;;;;MADRID;MADRID;28034;7;MIRASIERRA;8;FUENCARRAL-EL PARDO;440155;4482901;4.049.465.964.836.940;-37.062.096.187.224.400;917 355 031;;cmsantillana@cmsantillana.org;/contenido/entidadesYorganismos/Universidades/ColegiosMayores
6553;Colegio Mayor Vedruna;;;Tipo femenina.;Metro: Guzmán El Bueno (línea 6 y 7), Vicente Aleixandre (línea 6).;;1;http://www.madrid.es/sites/v/index.jsp?vgnextchannel=bfa48ab43d6bb410VgnVCM100000171f5a0aRCRD&vgnextoid=7b18a4ea6871c010VgnVCM1000000b205a0aRCRD;PRESIDENTE GARCIA MORENO;GLORIETA;V;2;;;;;MADRID;MADRID;28003;6;VALLEHERMOSO;7;CHAMBERI;439366;4477462;40.445.605.369.642.500;-3.714.995.329.761.430;915 342 306 / 915 342 306;;recepcion@cmvedruna.org;/contenido/entidadesYorganismos/Universidades/ColegiosMayores
6525;Colegio Mayor Ximénez de Cisneros;;;Tipo mixta.;Consulta los siguientes enlaces:;;0;http://www.madrid.es/sites/v/index.jsp?vgnextchannel=bfa48ab43d6bb410VgnVCM100000171f5a0aRCRD&vgnextoid=0e28a4ea6871c010VgnVCM1000000b205a0aRCRD;SENECA;AVENIDA;V;8;;;;;MADRID;MADRID;28040;3;CIUDAD UNIVERSITARIA;9;MONCLOA-ARAVACA;438214;4476373;4.043.571.333.918.660;-37.284.677.239.467.500;913 941 006;;ccmm@ucm.es / subdir_cisneros@ucm.es;/contenido/entidadesYorganismos/Universidades/ColegiosMayores
6407;Colegio Universitario de Estudios Financieros;;;;Metro: Francos Rodríguez (línea 7).;Campus Pirineos: calle Pirineos, 55. Codígo Postal 28040. Madrid.  Campus Almansa: calle Almansa, 101. Codígo Postal 28040. Madrid.;3;http://www.madrid.es/sites/v/index.jsp?vgnextchannel=bfa48ab43d6bb410VgnVCM100000171f5a0aRCRD&vgnextoid=004cf3216571c010VgnVCM1000000b205a0aRCRD;PIRINEOS;CALLE;V;55;;;;;MADRID;MADRID;28040;3;CIUDAD UNIVERSITARIA;9;MONCLOA-ARAVACA;439058;4478350;4.045.357.920.636.980;-3.718.717.277.671.810;914 445 161;;;/contenido/entidadesYorganismos/Universidades/OtrosCentrosUniversitarios
6498;Escuela de Práctica Jurídica;;;;Metro: Noviciado (línea 2), Plaza de España (líneas 3 y 10).;;3;http://www.madrid.es/sites/v/index.jsp?vgnextchannel=bfa48ab43d6bb410VgnVCM100000171f5a0aRCRD&vgnextoid=32c07b503a71c010VgnVCM1000000b205a0aRCRD;AMANIEL;CALLE;V;2;;;;;MADRID;MADRID;28015;5;UNIVERSIDAD;1;CENTRO;439846;4475175;4.042.503.902.541.330;-37.091.208.409.661.000;915 327 391;915 230 309;epj@epj.es;/contenido/entidadesYorganismos/Universidades/OtrosCentrosUniversitarios
6376;Escuela Politécnica de Enseñanza Superior (EPES);;;;Metro: Vicente Aleixandre (línea 6);;3;http://www.madrid.es/sites/v/index.jsp?vgnextchannel=bfa48ab43d6bb410VgnVCM100000171f5a0aRCRD&vgnextoid=3b9d578b9671c010VgnVCM1000000b205a0aRCRD;JUAN XXIII;PASEO;V;11;;;;;MADRID;MADRID;28040;3;CIUDAD UNIVERSITARIA;9;MONCLOA-ARAVACA;439174;4477722;4.044.793.793.568.310;-3.717.285.250.885.190;910 670 679 / 910 670 676;;secretaria.epes@upm.es;/contenido/entidadesYorganismos/Universidades/EscuelasUniversitarias
6677;Escuela Superior de Diseño;;;;Metro: Vinateros (línea 9).;Enseñanzas artísticas:   Diseño gráfico, Diseño de producto, Diseño de interiores, Diseño de moda, Diseño de espacios comerciales, Diseño interactivo.;3;http://www.madrid.es/sites/v/index.jsp?vgnextchannel=bfa48ab43d6bb410VgnVCM100000171f5a0aRCRD&vgnextoid=492ba4ea6871c010VgnVCM1000000b205a0aRCRD;CAMINO DE LOS VINATEROS;CALLE;V;106;;;;;MADRID;MADRID;28030;3;MARROQUINA;14;MORATALAZ;444948;4473365;40.409.090.881.121.200;-36.488.257.296.912.500;914 390 000;914 379 639;esd.madrid@educa.madrid.org;/contenido/entidadesYorganismos/Universidades/OtrosCentrosUniversitarios
6424;Escuela Técnica Superior de Arquitectura;;;;Metro: Ciudad Universitaria (línea 6), Moncloa (líneas 3 y 6);;3;http://www.madrid.es/sites/v/index.jsp?vgnextchannel=bfa48ab43d6bb410VgnVCM100000171f5a0aRCRD&vgnextoid=e9ac578b9671c010VgnVCM1000000b205a0aRCRD;JUAN DE HERRERA;AVENIDA;V;4;;;;;MADRID;MADRID;28040;3;CIUDAD UNIVERSITARIA;9;MONCLOA-ARAVACA;437990;4476806;4.043.959.650.623.060;-3.731.162.126.785.860;913 366 501 / 913 366 507;;;/contenido/entidadesYorganismos/Universidades/EscuelasUniversitarias
6381;Escuela Técnica Superior de Edificación;;;;Metro: Ciudad Universitaria (línea 6), Moncloa (línea 3);;3;http://www.madrid.es/sites/v/index.jsp?vgnextchannel=bfa48ab43d6bb410VgnVCM100000171f5a0aRCRD&vgnextoid=f05d578b9671c010VgnVCM1000000b205a0aRCRD;JUAN DE HERRERA;AVENIDA;V;6;;;;;MADRID;MADRID;28040;3;CIUDAD UNIVERSITARIA;9;MONCLOA-ARAVACA;437941;4476747;40.439.061.141.330.200;-37.317.253.526.397.600;910 675 234;;comunicacion.edificacion@upm.es;/contenido/entidadesYorganismos/Universidades/EscuelasUniversitarias
6418;Escuela Técnica Superior de Ingeniería Aeronáutica y del Espacio;;;;Metro: Ciudad Universitaria (línea 6), Moncloa (líneas 3 y 6);;3;http://www.madrid.es/sites/v/index.jsp?vgnextchannel=bfa48ab43d6bb410VgnVCM100000171f5a0aRCRD&vgnextoid=7cbc578b9671c010VgnVCM1000000b205a0aRCRD;CARDENAL CISNEROS;PLAZA;V;3;;;;;MADRID;MADRID;28040;3;CIUDAD UNIVERSITARIA;9;MONCLOA-ARAVACA;438543;4476956;4.044.098.319.331.980;-37.246.487.290.907.200;910 675 534 / 910 675 572;;;/contenido/entidadesYorganismos/Universidades/EscuelasUniversitarias
6419;Escuela Técnica Superior de Ingeniería Agronómica, Alimentaria y de Biosistemas;;;;Metro: Ciudad Universitaria (línea 6).;;3;http://www.madrid.es/sites/v/index.jsp?vgnextchannel=bfa48ab43d6bb410VgnVCM100000171f5a0aRCRD&vgnextoid=0fcc578b9671c010VgnVCM1000000b205a0aRCRD;PUERTA DE HIERRO;AVENIDA;V;2;;;;;MADRID;MADRID;28040;3;CIUDAD UNIVERSITARIA;9;MONCLOA-ARAVACA;438252;4476949;40.440.899.945.359.300;-3.728.076.234.171.520;910 670 742 (Agrónomos) / 910 670 743 (Agrícolas);;comunicacion.etsiaab@upm.es;/contenido/entidadesYorganismos/Universidades/EscuelasUniversitarias
6422;Escuela Técnica Superior de Ingeniería de Montes, Forestal y del Medio Natural;;;;Metro: Vicente Aleixandre o Ciudad Universitaria(línea 6).;;3;http://www.madrid.es/sites/v/index.jsp?vgnextchannel=bfa48ab43d6bb410VgnVCM100000171f5a0aRCRD&vgnextoid=b60d578b9671c010VgnVCM1000000b205a0aRCRD;JOSE ANTONIO NOVAIS;CALLE;V;10;;;;;MADRID;MADRID;28040;3;CIUDAD UNIVERSITARIA;9;MONCLOA-ARAVACA;438562;4477788;40.448.485.414.321.800;-3.724.507.841.206.360;Montes: 910 671 510 / Forestales: 910 671 509;;comunicacion.montes@upm.es;/contenido/entidadesYorganismos/Universidades/EscuelasUniversitarias
6379;Escuela Técnica Superior de Ingeniería de Sistemas Informáticos;;;;Metro: Sierra de Guadalupe (línea 1).  Cercanías Renfe: Vallecas ( líneas C-7a, C-2 o C-1);;3;http://www.madrid.es/sites/v/index.jsp?vgnextchannel=bfa48ab43d6bb410VgnVCM100000171f5a0aRCRD&vgnextoid=836d578b9671c010VgnVCM1000000b205a0aRCRD;ALAN TURING;CALLE;V;1;;;;;MADRID;MADRID;28030;4;PALOMERAS SURESTE;13;PUENTE DE VALLECAS;446788;4471274;4.039.037.030.758.320;-3.626.968.215.943.050;910 673 534 / 910 673 524;;negociado.alumnos.etsisi@upm.es;/contenido/entidadesYorganismos/Universidades/EscuelasUniversitarias
6387;Escuela Técnica Superior de Ingeniería y Diseño Industrial;;;;Metro: Embajadores (líneas 3 y 5), Atocha (línea 1)  Cercanías Renfe: Embajadores  (línea C5), Atocha (líneas C1,C2,C3,C4,C5,C6,C7,C8 y C10);;3;http://www.madrid.es/sites/v/index.jsp?vgnextchannel=bfa48ab43d6bb410VgnVCM100000171f5a0aRCRD&vgnextoid=e2dd578b9671c010VgnVCM1000000b205a0aRCRD;VALENCIA;RONDA;V;3;;;;;MADRID;MADRID;28012;6;PALOS DE LA FRONTERA;2;ARGANZUELA;440552;4472992;40.405.420.030.666.500;-37.005.940.001.153.300;910 677 400;;secretaria.etsidi@upm.es;/contenido/entidadesYorganismos/Universidades/EscuelasUniversitarias
6417;Escuela Técnica Superior de Ingeniería y Sistemas de Telecomunicación;;;;Metro: Sierra de Guadalupe (línea 1)  Cercanías Renfe: Atocha-Alcalá de Henares (líneas C2 y C7);;3;http://www.madrid.es/sites/v/index.jsp?vgnextchannel=bfa48ab43d6bb410VgnVCM100000171f5a0aRCRD&vgnextoid=db2d578b9671c010VgnVCM1000000b205a0aRCRD;NIKOLA TESLA;CALLE;V;;;;;;MADRID;MADRID;;;;;DISTRITO;446601;4471101;4.038.879.475.945.980;-3.629.147.669.595.360;910 673 200;;info@etsist.upm.es;/contenido/entidadesYorganismos/Universidades/EscuelasUniversitarias
11999975;Escuela Técnica Superior de Ingenieros de Caminos, Canales y Puertos. Edificio Retiro;;;;Metro:  Atocha Renfe (línea 1)  Cercanías Renfe: Estación Atocha;;3;http://www.madrid.es/sites/v/index.jsp?vgnextchannel=bfa48ab43d6bb410VgnVCM100000171f5a0aRCRD&vgnextoid=78f8bf4f5a1c7810VgnVCM2000001f4a900aRCRD;ALFONSO XII;CALLE;V;3;;;;;MADRID;MADRID;28014;5;LOS JERONIMOS;3;RETIRO;441589;4473433;404.094.661.942.901;-3.688.412.783.499.900;91 06 74534;;alumnos.caminos@upm.es;/contenido/entidadesYorganismos/Universidades/EscuelasUniversitarias
6421;Escuela Técnica Superior de Ingenieros de Minas y Energía.;Integra una Biblioteca con mobiliario histórico que cuenta con más de 7.000 ejemplares de que van de los siglos XVI al XVIII y un gran volumen de obras del siglo XIX, además de publicaciones periódicas y mapas cartográficos.;;;Metro: Ríos Rosas (línea 1);;3;http://www.madrid.es/sites/v/index.jsp?vgnextchannel=bfa48ab43d6bb410VgnVCM100000171f5a0aRCRD&vgnextoid=24fc578b9671c010VgnVCM1000000b205a0aRCRD;RIOS ROSAS;CALLE;V;21;;;;;MADRID;MADRID;28003;5;RIOS ROSAS;7;CHAMBERI;440603;4477062;4.044.209.227.424.250;-37.003.734.646.151.500;910 676 602 / 910 676 301;;gabinete.comunicacion.minasyenergia@upm.es;/contenido/entidadesYorganismos/Universidades/EscuelasUniversitarias
6375;Escuela Técnica Superior de Ingenieros de Telecomunicación;;;;Metro: Ciudad Universitaria (línea 6);;3;http://www.madrid.es/sites/v/index.jsp?vgnextchannel=bfa48ab43d6bb410VgnVCM100000171f5a0aRCRD&vgnextoid=cdad578b9671c010VgnVCM1000000b205a0aRCRD;COMPLUTENSE;AVENIDA;V;30;;;;;MADRID;MADRID;28040;3;CIUDAD UNIVERSITARIA;9;MONCLOA-ARAVACA;438376;4478293;40.453.018.384.890.900;-3.726.745.005.476.220;910 671 900;;;/contenido/entidadesYorganismos/Universidades/EscuelasUniversitarias
6380;Escuela Técnica Superior de Ingenieros en Topografía, Geodesia y Cartografía;;;;Metro: Sierra de Guadalupe (línea 1).  Cercanías Renfe: Vallecas (líneas C1, C2, C7a).;;3;http://www.madrid.es/sites/v/index.jsp?vgnextchannel=bfa48ab43d6bb410VgnVCM100000171f5a0aRCRD&vgnextoid=75ed578b9671c010VgnVCM1000000b205a0aRCRD;ARBOLEDA;CALLE;V;1;;;;;MADRID;MADRID;28031;4;PALOMERAS SURESTE;13;PUENTE DE VALLECAS;446845;4470681;403.850.312.955.634;-36.262.428.071.808.600;913 367 916;;;/contenido/entidadesYorganismos/Universidades/EscuelasUniversitarias
6427;Escuela Técnica Superior de Ingenieros Industriales;Integra la Biblioteca  María Moliner , fundada en 1850 para el Real Instituto Industrial. Cuenta con más de 35.000 ejemplares, entre los que se encuentra un valiosísimo fondo histórico en el campo de la ciencia y de la técnica, constituido en su mayor parte por obras del siglo XIX.;;;Metro: Gregorio Marañón (líneas 7, 10).  Cercanías Renfe: Nuevos Ministerios (líneas C-1, C-3, C-4, C-7, C-8, C-10);;3;http://www.madrid.es/sites/v/index.jsp?vgnextchannel=bfa48ab43d6bb410VgnVCM100000171f5a0aRCRD&vgnextoid=6e3d578b9671c010VgnVCM1000000b205a0aRCRD;JOSE GUTIERREZ ABASCAL;CALLE;V;2;;;;;MADRID;MADRID;28006;1;EL VISO;5;CHAMARTIN;441463;4476870;4.044.042.600.324.050;-3.690.212.174.964.130;910 676 700;;;/contenido/entidadesYorganismos/Universidades/EscuelasUniversitarias
6423;Escuela Técnica Superior de Ingenieros Navales;;;;Metro: Moncloa (línea 3), Ciudad Universitaria (línea 6).;;3;http://www.madrid.es/sites/v/index.jsp?vgnextchannel=bfa48ab43d6bb410VgnVCM100000171f5a0aRCRD&vgnextoid=491d578b9671c010VgnVCM1000000b205a0aRCRD;Arco de la Victoria;AVENIDA;V;4;;;;;MADRID;MADRID;28040;3;CIUDAD UNIVERSITARIA;9;MONCLOA-ARAVACA;438559;4476714;404.388.050.819.418;-3.724.433.976.834.530;913 367 140;;informacionyservicios.navales@upm.es;/contenido/entidadesYorganismos/Universidades/EscuelasUniversitarias
6403;Escuela Universitaria de Enfermería de la Cruz Roja;;;;Metro: Guzmán el Bueno (líneas 6 y 7), Cuatro Caminos (líneas 1, 2 y 6).;;3;http://www.madrid.es/sites/v/index.jsp?vgnextchannel=bfa48ab43d6bb410VgnVCM100000171f5a0aRCRD&vgnextoid=4cfec05ef571c010VgnVCM1000000b205a0aRCRD;REINA VICTORIA;AVENIDA;V;28;;;;;MADRID;MADRID;28003;3;CIUDAD UNIVERSITARIA;9;MONCLOA-ARAVACA;439817;4477640;40.447.245.864.225.900;-37.096.954.577.510.500;915 343 649;;inforeue@cruzroja.es;/contenido/entidadesYorganismos/Universidades/EscuelasUniversitarias
6373;Escuela Universitaria de Enfermería. Fundación Jiménez Díaz;;;;"Metro: Moncloa (líneas 3 y 6), Arg&amp;uuml;elles (lineas 3, 4 y 6).";;3;http://www.madrid.es/sites/v/index.jsp?vgnextchannel=bfa48ab43d6bb410VgnVCM100000171f5a0aRCRD&vgnextoid=27dec05ef571c010VgnVCM1000000b205a0aRCRD;LISBOA;CALLE;V;3;;;;;MADRID;MADRID;28008;2;ARGUELLES;9;MONCLOA-ARAVACA;438613;4475978;40.432.178.026.136.500;-37.237.339.935.316.400;915 504 863 / 915 504 864;;escuelaenfermeriafjd@quironsalud.es;/contenido/entidadesYorganismos/Universidades/EscuelasUniversitarias
6369;Escuela Universitaria de Magisterio;;;;Metro: Eugenia de Montijo (línea 5), Carabanchel Alto (línea 11).  Cercanías Renfe: Aluche (C5).;;3;http://www.madrid.es/sites/v/index.jsp?vgnextchannel=bfa48ab43d6bb410VgnVCM100000171f5a0aRCRD&vgnextoid=612fc05ef571c010VgnVCM1000000b205a0aRCRD;NUESTRA SEÑORA DE FATIMA;AVENIDA;V;102;;;;;MADRID;MADRID;28047;4;VISTA ALEGRE;11;CARABANCHEL;436429;4470018;40.378.328.008.655.000;-37.488.801.858.007.900;914 651 700;;info@escuni.es;/contenido/entidadesYorganismos/Universidades/EscuelasUniversitarias
6446;Facultad de Ciencias de la Actividad Física y del Deporte (INEF);;;;Metro: Ciudad Universitaria (línea 6),Moncloa (líneas 3 y 6);;3;http://www.madrid.es/sites/v/index.jsp?vgnextchannel=bfa48ab43d6bb410VgnVCM100000171f5a0aRCRD&vgnextoid=08fd578b9671c010VgnVCM1000000b205a0aRCRD;MARTIN FIERRO;CALLE;V;7;;;;;MADRID;MADRID;28040;3;CIUDAD UNIVERSITARIA;9;MONCLOA-ARAVACA;437872;4476649;404.381.730.352.489;-37.325.360.017.630.100;910 677 850;;;/contenido/entidadesYorganismos/Universidades/Facultades
109174;Instituto de Estudios Bursátiles;;De lunes a viernes, de 9 a 14 horas y de 16 a 18:30 horas.  Sábados, de 8:30 a 14 horas.;;Cercanías Renfe: Aravaca (C7 y C10).;;3;http://www.madrid.es/sites/v/index.jsp?vgnextchannel=bfa48ab43d6bb410VgnVCM100000171f5a0aRCRD&vgnextoid=19e215a11a81c010VgnVCM1000000b205a0aRCRD;TALGO;AVENIDA;V;5;;;;;MADRID;MADRID;28023;7;ARAVACA;9;MONCLOA-ARAVACA;433957;4477653;40.446.914.051.263.000;-37.787.937.166.693.000;915 240 615;;info@ieb.es;/contenido/entidadesYorganismos/Universidades/OtrosCentrosUniversitarios
97192;Instituto de Salud Carlos III. Escuela Nacional de Medicina del Trabajo;;;;Consulta los siguientes enlaces;;3;http://www.madrid.es/sites/v/index.jsp?vgnextchannel=bfa48ab43d6bb410VgnVCM100000171f5a0aRCRD&vgnextoid=56e94f36ff81c010VgnVCM1000000b205a0aRCRD;SINESIO DELGADO;CALLE;V;8;;;;;MADRID;MADRID;28029;5;LA PAZ;8;FUENCARRAL-EL PARDO;441184;4480675;4.047.467.830.039.230;-3.693.859.963.015.040;918 224 039 / 918 224 026;;secretaria.enmt@isciii.es;/contenido/entidadesYorganismos/Universidades/OtrosCentrosUniversitarios
11954914;Residencia de Estudiantes Ciudad Escolar. Comunidad de Madrid.;;;Tipo mixta.;Cercanias Renfe: Ramón y Cajal (líneas C10, C8-A, C8-B);;1;http://www.madrid.es/sites/v/index.jsp?vgnextchannel=bfa48ab43d6bb410VgnVCM100000171f5a0aRCRD&vgnextoid=e94b29b0795c6810VgnVCM1000001d4a900aRCRD;COLMENAR VIEJO;CARRETERA;V;;;;;Km. 12,800;MADRID;MADRID;;;;;DISTRITO;441896;4481341;4.052.514.591.809.950;-36.853.908.329.744.200;917 342 700;;residenciadeestudiantes@educa.madrid.org;/contenido/entidadesYorganismos/Universidades/ColegiosMayores
11163416;Residencia de estudiantes Palacio de Barradas;;;Tipo mixta.;Metro: Noviciado (líneas 2, 3 y 10), San Bernardo (líneas 2 y 4).;;1;http://www.madrid.es/sites/v/index.jsp?vgnextchannel=bfa48ab43d6bb410VgnVCM100000171f5a0aRCRD&vgnextoid=ac266736b3f41710VgnVCM1000001d4a900aRCRD;SAN BERNARDO;CALLE;V;63;;;;;MADRID;MADRID;28015;5;UNIVERSIDAD;1;CENTRO;440034;4475331;4.042.645.825.034.470;-3.706.923.606.244.760;915 228 996 / 915 232 800 / 617 342 910;;;/contenido/entidadesYorganismos/Universidades/ColegiosMayores
55233;Residencia Universitaria Augustinus Nebrija;;;Tipo mixta.;Metro: Islas Filipinas (línea 7) y Moncloa (líneas 3 y 6).;;1;http://www.madrid.es/sites/v/index.jsp?vgnextchannel=bfa48ab43d6bb410VgnVCM100000171f5a0aRCRD&vgnextoid=d0ae444a2951c010VgnVCM2000000c205a0aRCRD;CEA BERMUDEZ;CALLE;V;59;;;;;MADRID;MADRID;28003;1;GAZTAMBIDE;7;CHAMBERI;439315;4476722;4.043.894.007.585.970;-3.715.531.702.478.500;914 521 150;;residencias@nebrija.es;/contenido/entidadesYorganismos/Universidades/ColegiosMayores
168328;Residencia Universitaria Erasmo;;;Tipo mixta.;Cercanías Renfe: Cantoblanco Universidad (líneas C4a y C4b).;;1;http://www.madrid.es/sites/v/index.jsp?vgnextchannel=bfa48ab43d6bb410VgnVCM100000171f5a0aRCRD&vgnextoid=333629ea9281c010VgnVCM1000000b205a0aRCRD;ERASMO DE ROTTERDAM;CALLE;V;5;;;;;MADRID;MADRID;28049;8;EL GOLOSO;8;FUENCARRAL-EL PARDO;440813;4488820;40.548.027.795.931.400;-36.989.970.922.329.400;911 312 100;913 721 437;erasmo@resa.es;/contenido/entidadesYorganismos/Universidades/ColegiosMayores
185968;Residencia Universitaria Gómez Pardo;;;Tipo mixta.;Metro: Ríos Rosas (línea 1), Cuatro Caminos (líneas 1, 2 y 6).;;0;http://www.madrid.es/sites/v/index.jsp?vgnextchannel=bfa48ab43d6bb410VgnVCM100000171f5a0aRCRD&vgnextoid=7c26af5e2775e010VgnVCM2000000c205a0aRCRD;CRISTOBAL BORDIU;CALLE;V;30;;;;;MADRID;MADRID;28003;5;RIOS ROSAS;7;CHAMBERI;440559;4477168;40.443.040.030.471;-37.009.070.820.260.800;914 417 921;914 429 529;residencia@fgomezpardo.es;/contenido/entidadesYorganismos/Universidades/ColegiosMayores
7614004;Residencia Universitaria José Pérez de Vargas;;;Tipo mixta.;Metro: Vicálvaro (línea 9).;;3;http://www.madrid.es/sites/v/index.jsp?vgnextchannel=bfa48ab43d6bb410VgnVCM100000171f5a0aRCRD&vgnextoid=f15b16621fc08410VgnVCM1000000b205a0aRCRD;DAROCA;AVENIDA;V;321;;;;;MADRID;MADRID;28032;1;CASCO H.VICALVARO;19;VICALVARO;448006;4473031;40.406.276.896.821.500;-36.127.600.502.928.500;917 753 042;;administracion@residenciavicalvarourjc.com;/contenido/entidadesYorganismos/Universidades/ColegiosMayores
12727283;Residencia Universitaria Nebrija Arturo Soria;;;Tipo mixta.;Metro: Arturo soria (línea 4);;1;http://www.madrid.es/sites/v/index.jsp?vgnextchannel=bfa48ab43d6bb410VgnVCM100000171f5a0aRCRD&vgnextoid=54143bc2f23b5910VgnVCM2000001f4a900aRCRD;ASURA;CALLE;V;90;;;;;MADRID;MADRID;28043;3;CANILLAS;16;HORTALEZA;444511;4478743;4.045.750.817.868.430;-36.544.422.302.629.100;914 521 150;;residencias@nebrija.es;/contenido/entidadesYorganismos/Universidades/ColegiosMayores
6461002;Residencia Universitaria Nebrija Chamberí;;;Tipo mixta.;Metro: Bilbao (líneas 1 y 4), Alonso Martínez (líneas 4, 5 y 10).;;0;http://www.madrid.es/sites/v/index.jsp?vgnextchannel=bfa48ab43d6bb410VgnVCM100000171f5a0aRCRD&vgnextoid=1f67e1925e0c7310VgnVCM1000000b205a0aRCRD;NICASIO GALLEGO;CALLE;V;12;;;;;MADRID;MADRID;28010;3;TRAFALGAR;7;CHAMBERI;440717;4475655;4.042.942.134.889.180;-3.698.902.512.090.170;914 471 200 / 914 521 150;;residencias@nebrija.es;/contenido/entidadesYorganismos/Universidades/ColegiosMayores
8154142;Residencia Universitaria Nebrija - Corazonistas;;;Tipo mixta.;"Metro: Arg&amp;uuml;elles (líneas 3, 4 y 6), Moncloa (líneas 3 y 6)";;0;http://www.madrid.es/sites/v/index.jsp?vgnextchannel=bfa48ab43d6bb410VgnVCM100000171f5a0aRCRD&vgnextoid=107861ffd35be410VgnVCM2000000c205a0aRCRD;TUTOR;CALLE;V;36;;;;;MADRID;MADRID;28008;2;ARGUELLES;9;MONCLOA-ARAVACA;439208;4475677;4.042.951.144.473.090;-37.166.919.067.720.400;915 478 800 / 914 521 150;;residencias@nebrija.es;/contenido/entidadesYorganismos/Universidades/ColegiosMayores
11954900;Residencia Universitaria Tagaste;;;Tipo mixta.;Metro: Goya (líneas 2 y 4).;;3;http://www.madrid.es/sites/v/index.jsp?vgnextchannel=bfa48ab43d6bb410VgnVCM100000171f5a0aRCRD&vgnextoid=605929b0795c6810VgnVCM1000001d4a900aRCRD;"GENERAL PARDI&amp;Ntilde;AS";CALLE;V;34;;;;;MADRID;MADRID;28001;2;GOYA;4;SALAMANCA;442453;4475337;4.042.668.459.434.310;-36.784.079.436.749.700;647 904 401 / 914 354 180;;holamadrid@tagaste.com;/contenido/entidadesYorganismos/Universidades/ColegiosMayores
32179;Universidad Autónoma de Madrid. Escuela Politécnica Superior;;;;Cercanías Renfe: Cantoblanco Universidad (línea C4).;;3;http://www.madrid.es/sites/v/index.jsp?vgnextchannel=bfa48ab43d6bb410VgnVCM100000171f5a0aRCRD&vgnextoid=f6f96545f951c010VgnVCM2000000c205a0aRCRD;FRANCISCO TOMAS Y VALIENTE;CALLE;V;11;;;;;MADRID;MADRID;28049;8;EL GOLOSO;8;FUENCARRAL-EL PARDO;441440;4488695;4.054.694.594.124.170;-36.915.841.963.667;914 977 438;;información.eps@uam.es;/contenido/entidadesYorganismos/Universidades/EscuelasUniversitarias
6374;Universidad Autónoma de Madrid. Escuela Universitaria de Fisioterapia de la ONCE;;;;Cercanías Renfe: Mirasierra Paco de Lucía (C7 y C8).;;3;http://www.madrid.es/sites/v/index.jsp?vgnextchannel=bfa48ab43d6bb410VgnVCM100000171f5a0aRCRD&vgnextoid=af96c05ef571c010VgnVCM1000000b205a0aRCRD;NURIA;CALLE;V;42;;;;;MADRID;MADRID;28034;7;MIRASIERRA;8;FUENCARRAL-EL PARDO;439980;4482819;40.493.908.768.303.500;-3.708.268.358.490.920;915 894 500;915 894 498;euf@once.es;/contenido/entidadesYorganismos/Universidades/EscuelasUniversitarias
6352;Universidad Autónoma de Madrid. Facultad de Ciencias;;;;Cercanías Renfe: Cantoblanco Universidad (línea C4).;;3;http://www.madrid.es/sites/v/index.jsp?vgnextchannel=bfa48ab43d6bb410VgnVCM100000171f5a0aRCRD&vgnextoid=3c47c05ef571c010VgnVCM1000000b205a0aRCRD;FRANCISCO TOMAS Y VALIENTE;CALLE;V;7;;;;;MADRID;MADRID;28049;8;EL GOLOSO;8;FUENCARRAL-EL PARDO;441133;4488524;4.054.537.941.407.220;-36.951.833.197.962.500;914 974 331 / 914 973 005;;informacion.ciencias@uam.es;/contenido/entidadesYorganismos/Universidades/Facultades
6353;Universidad Autónoma de Madrid. Facultad de Ciencias Económicas y Empresariales;;;;Cercanías Renfe: Cantoblanco Universidad (línea C4).;;3;http://www.madrid.es/sites/v/index.jsp?vgnextchannel=bfa48ab43d6bb410VgnVCM100000171f5a0aRCRD&vgnextoid=a937c05ef571c010VgnVCM1000000b205a0aRCRD;FRANCISCO TOMAS Y VALIENTE;CALLE;V;5;;;;;MADRID;MADRID;28049;8;EL GOLOSO;8;FUENCARRAL-EL PARDO;441012;4488468;4.054.487.238.078.950;-36.966.067.777.305.700;914 974 683 / 914 976 951;;;/contenido/entidadesYorganismos/Universidades/Facultades
6354;Universidad Autónoma de Madrid. Facultad de Derecho;;;;;;3;http://www.madrid.es/sites/v/index.jsp?vgnextchannel=bfa48ab43d6bb410VgnVCM100000171f5a0aRCRD&vgnextoid=ce57c05ef571c010VgnVCM1000000b205a0aRCRD;KELSEN;CALLE;V;1;;;;;MADRID;MADRID;28049;8;EL GOLOSO;8;FUENCARRAL-EL PARDO;441475;4488100;40.541.584.341.026.000;-36.911.146.791.930.500;914 978 118 / 914 972 503;;informacion.derecho@uam.es;/contenido/entidadesYorganismos/Universidades/Facultades
6355;Universidad Autónoma de Madrid. Facultad de Filosofía y Letras;;;;Cercanías Renfe: Cantoblanco Universidad (línea C4).;;3;http://www.madrid.es/sites/v/index.jsp?vgnextchannel=bfa48ab43d6bb410VgnVCM100000171f5a0aRCRD&vgnextoid=5177c05ef571c010VgnVCM1000000b205a0aRCRD;FRANCISCO TOMAS Y VALIENTE;CALLE;V;1;;;;;MADRID;MADRID;28049;8;EL GOLOSO;8;FUENCARRAL-EL PARDO;440863;4488409;40.544.325.916.954.300;-3.698.365.543.129.190;914 974 354;;informacion.filosofia@uam.es;/contenido/entidadesYorganismos/Universidades/Facultades
6360;Universidad Autónoma de Madrid. Facultad de Formación de Profesorado y Educación;;;;Cercanías Renfe: Cantoblanco Universidad (línea C4).;;3;http://www.madrid.es/sites/v/index.jsp?vgnextchannel=bfa48ab43d6bb410VgnVCM100000171f5a0aRCRD&vgnextoid=e387c05ef571c010VgnVCM1000000b205a0aRCRD;FRANCISCO TOMAS Y VALIENTE;CALLE;V;3;;;;;MADRID;MADRID;28049;8;EL GOLOSO;8;FUENCARRAL-EL PARDO;440913;4488429;4.054.451.020.545.550;-3.697.774.510.862.530;914 974 682 / 914 977 567;;conserjeria.fprofesorado@uam.es;/contenido/entidadesYorganismos/Universidades/Facultades
6357;Universidad Autónoma de Madrid. Facultad de Medicina;;;;Metro: Begoña (línea 10).;;3;http://www.madrid.es/sites/v/index.jsp?vgnextchannel=bfa48ab43d6bb410VgnVCM100000171f5a0aRCRD&vgnextoid=7697c05ef571c010VgnVCM1000000b205a0aRCRD;ARZOBISPO MORCILLO;CALLE;V;4;;;;;MADRID;MADRID;28029;5;LA PAZ;8;FUENCARRAL-EL PARDO;441439;4481362;404.808.908.842.711;-36.909.106.726.884.600;914 975 486;;informacion.medicina@uam.es;/contenido/entidadesYorganismos/Universidades/Facultades
6356;Universidad Autónoma de Madrid. Facultad de Psicología;;;;Cercanías Renfe: Cantoblanco Universidad (línea C4).;;3;http://www.madrid.es/sites/v/index.jsp?vgnextchannel=bfa48ab43d6bb410VgnVCM100000171f5a0aRCRD&vgnextoid=09a7c05ef571c010VgnVCM1000000b205a0aRCRD;IVAN PAVLOV;CALLE;V;6;;;;;MADRID;MADRID;28049;8;EL GOLOSO;8;FUENCARRAL-EL PARDO;441360;4488349;40.543.827.683.418.900;-36.924.908.365.072.400;914 974 434;;;/contenido/entidadesYorganismos/Universidades/Facultades
5321256;Universidad Complutense de Madrid. Centro Complutense para la Enseñanza del Español;;;;Metro: Ciudad Universitaria (línea 6).;;3;http://www.madrid.es/sites/v/index.jsp?vgnextchannel=bfa48ab43d6bb410VgnVCM100000171f5a0aRCRD&vgnextoid=a414ad4ae5b01210VgnVCM1000000b205a0aRCRD;MENENDEZ PELAYO;PLAZA;V;;;;;;MADRID;MADRID;28040;3;CIUDAD UNIVERSITARIA;9;MONCLOA-ARAVACA;438054;4477848;404.489.838.961.669;-3.730.503.351.852.510;913 945 325;;ceextran@filol.ucm.es;/contenido/entidadesYorganismos/Universidades/OtrosCentrosUniversitarios
5412137;Universidad Complutense de Madrid. Centro Superior de Idiomas Modernos;;Secretaría Académica: de lunes a viernes, de 9 a 15 horas.  Secretaría de Alumnos: de lunes a viernes de 9 a 14 horas.;;Metro: Ciudad Universitaria (línea 6).;;3;http://www.madrid.es/sites/v/index.jsp?vgnextchannel=bfa48ab43d6bb410VgnVCM100000171f5a0aRCRD&vgnextoid=0f66c3665e393210VgnVCM2000000c205a0aRCRD;PROFESOR ARANGUREN;CALLE;V;;;;;;MADRID;MADRID;28040;3;CIUDAD UNIVERSITARIA;9;MONCLOA-ARAVACA;437893;4477701;40.447.654.037.490.600;-3.732.389.406.635.350;913 947 754 / 913 946 358 / 913 947 813;;idiomascomplutense@ucm.es;/contenido/entidadesYorganismos/Universidades/OtrosCentrosUniversitarios
6492;Universidad Complutense de Madrid. Escuela Profesional de Medicina Legal y Forense;;;;Metro: Ciudad Universitaria (línea 6).;;3;http://www.madrid.es/sites/v/index.jsp?vgnextchannel=bfa48ab43d6bb410VgnVCM100000171f5a0aRCRD&vgnextoid=afa07b503a71c010VgnVCM1000000b205a0aRCRD;COMPLUTENSE;AVENIDA;V;;;;;;MADRID;MADRID;28040;3;CIUDAD UNIVERSITARIA;9;MONCLOA-ARAVACA;438315;4477254;40.443.658.832.937.900;-37.273.650.145.663.600;913 941 574;;emedicin@ucm.es;/contenido/entidadesYorganismos/Universidades/OtrosCentrosUniversitarios
6501;Universidad Complutense de Madrid. Escuela Profesional de Relaciones Laborales;;;;Metro: Noviciado (línea 2), Plaza de España (líneas 3 y 10).;;3;http://www.madrid.es/sites/v/index.jsp?vgnextchannel=bfa48ab43d6bb410VgnVCM100000171f5a0aRCRD&vgnextoid=c4d07b503a71c010VgnVCM1000000b205a0aRCRD;SAN BERNARDO;CALLE;V;49;;;;;MADRID;MADRID;28015;5;UNIVERSIDAD;1;CENTRO;439983;4475154;40.424.857.288.787.600;-37.075.073.443.351.600;913 946 625;;;/contenido/entidadesYorganismos/Universidades/OtrosCentrosUniversitarios
6320;Universidad Complutense de Madrid. Facultad de Bellas Artes;;;;Metro: Ciudad Universitaria (línea 6).;;3;http://www.madrid.es/sites/v/index.jsp?vgnextchannel=bfa48ab43d6bb410VgnVCM100000171f5a0aRCRD&vgnextoid=b268578b9671c010VgnVCM1000000b205a0aRCRD;PINTOR EL GRECO;CALLE;V;2;;;;;MADRID;MADRID;28040;3;CIUDAD UNIVERSITARIA;9;MONCLOA-ARAVACA;437753;4476770;4.043.924.887.699.430;-37.339.441.902.245.900;913 943 560;;safba@ucm.es;/contenido/entidadesYorganismos/Universidades/Facultades
6306;Universidad Complutense de Madrid. Facultad de Ciencias Biológicas;;;;Metro: Ciudad Universitaria (línea 6).;;3;http://www.madrid.es/sites/v/index.jsp?vgnextchannel=bfa48ab43d6bb410VgnVCM100000171f5a0aRCRD&vgnextoid=4578578b9671c010VgnVCM1000000b205a0aRCRD;JOSE ANTONIO NOVAIS;CALLE;V;12;;;;;MADRID;MADRID;28040;3;CIUDAD UNIVERSITARIA;9;MONCLOA-ARAVACA;438460;4477802;4.044.860.689.706.260;-37.257.076.188.100.300;913 945 066;;infobio@ucm.es;/contenido/entidadesYorganismos/Universidades/Facultades
6385;Universidad Complutense de Madrid. Facultad de Ciencias de la Documentación;;;;Metro: Alonso Cano (línea 7), Canal (líneas 2 y 7), Rios Rosas (línea 1).;;3;http://www.madrid.es/sites/v/index.jsp?vgnextchannel=bfa48ab43d6bb410VgnVCM100000171f5a0aRCRD&vgnextoid=e508578b9671c010VgnVCM1000000b205a0aRCRD;SANTISIMA TRINIDAD;CALLE;V;37;;;;;MADRID;MADRID;28010;3;TRAFALGAR;7;CHAMBERI;440530;4476626;40.438.157.283.286.600;-3.701.196.886.214.340;913 946 671 / 913 946 662;;infccdoc@ucm.es;/contenido/entidadesYorganismos/Universidades/Facultades
6319;Universidad Complutense de Madrid. Facultad de Ciencias de la Información;;;;Metro: Ciudad Universitaria (línea 6).;;3;http://www.madrid.es/sites/v/index.jsp?vgnextchannel=bfa48ab43d6bb410VgnVCM100000171f5a0aRCRD&vgnextoid=d788578b9671c010VgnVCM1000000b205a0aRCRD;COMPLUTENSE;AVENIDA;V;;;;;;MADRID;MADRID;28040;3;CIUDAD UNIVERSITARIA;9;MONCLOA-ARAVACA;438315;4477254;40.443.658.832.937.900;-37.273.650.145.663.600;913 942 220;;;/contenido/entidadesYorganismos/Universidades/Facultades
6307;Universidad Complutense de Madrid. Facultad de Ciencias Físicas;;;;Metro: Ciudad Universitaria (línea 6).;;3;http://www.madrid.es/sites/v/index.jsp?vgnextchannel=bfa48ab43d6bb410VgnVCM100000171f5a0aRCRD&vgnextoid=fca8578b9671c010VgnVCM1000000b205a0aRCRD;CIENCIAS;PLAZA;V;1;;;;;MADRID;MADRID;28040;3;CIUDAD UNIVERSITARIA;9;MONCLOA-ARAVACA;438430;4478044;40.450.777.002.534.800;-37.260.915.899.587.600;913 944 648 / 913 944 627;;infofisicas@ucm.es;/contenido/entidadesYorganismos/Universidades/Facultades
6305;Universidad Complutense de Madrid. Facultad de Ciencias Geológicas;;;;Metro: Ciudad Universitaria (línea 6).;;3;http://www.madrid.es/sites/v/index.jsp?vgnextchannel=bfa48ab43d6bb410VgnVCM100000171f5a0aRCRD&vgnextoid=8fb8578b9671c010VgnVCM1000000b205a0aRCRD;JOSE ANTONIO NOVAIS;CALLE;V;12;;;;;MADRID;MADRID;28040;3;CIUDAD UNIVERSITARIA;9;MONCLOA-ARAVACA;438460;4477802;4.044.860.689.706.260;-37.257.076.188.100.300;913 944 837 / 913 945 109;;infoweb@geo.ucm.es;/contenido/entidadesYorganismos/Universidades/Facultades
6313;Universidad Complutense de Madrid. Facultad de Ciencias Matemáticas;;;;Metro: Ciudad Universitaria (línea 6).;;3;http://www.madrid.es/sites/v/index.jsp?vgnextchannel=bfa48ab43d6bb410VgnVCM100000171f5a0aRCRD&vgnextoid=12d8578b9671c010VgnVCM1000000b205a0aRCRD;CIENCIAS;PLAZA;V;3;;;;;MADRID;MADRID;28040;3;CIUDAD UNIVERSITARIA;9;MONCLOA-ARAVACA;438442;4477897;4.044.945.850.908.750;-37.259.383.636.708.400;913 944 624;;solicitudesmat@ucm.es;/contenido/entidadesYorganismos/Universidades/Facultades
6308;Universidad Complutense de Madrid. Facultad de Ciencias Químicas;;;;Metro: Ciudad Universitaria (línea 6).;;3;http://www.madrid.es/sites/v/index.jsp?vgnextchannel=bfa48ab43d6bb410VgnVCM100000171f5a0aRCRD&vgnextoid=37f8578b9671c010VgnVCM1000000b205a0aRCRD;CIENCIAS;PLAZA;V;2;;;;;MADRID;MADRID;28040;3;CIUDAD UNIVERSITARIA;9;MONCLOA-ARAVACA;438485;4478022;4.045.059.008.963.720;-372.544.215.024.058;913 944 293 / 913 944 296;;salquim@ucm.es;/contenido/entidadesYorganismos/Universidades/Facultades
44824;Universidad Complutense de Madrid. Facultad de Comercio y Turismo;;;;Metro: Islas Filipinas (línea 7).;;3;http://www.madrid.es/sites/v/index.jsp?vgnextchannel=bfa48ab43d6bb410VgnVCM100000171f5a0aRCRD&vgnextoid=bd982c798651c010VgnVCM2000000c205a0aRCRD;FILIPINAS;AVENIDA;V;3;;;;;MADRID;MADRID;28003;6;VALLEHERMOSO;7;CHAMBERI;439657;4476807;4.043.972.279.736.290;-37.115.000.631.943.800;913 946 767;;;/contenido/entidadesYorganismos/Universidades/Facultades
6316;Universidad Complutense de Madrid. Facultad de Derecho;;;;Metro: Ciudad Universitaria (línea 6).;;3;http://www.madrid.es/sites/v/index.jsp?vgnextchannel=bfa48ab43d6bb410VgnVCM100000171f5a0aRCRD&vgnextoid=c909578b9671c010VgnVCM1000000b205a0aRCRD;COMPLUTENSE;AVENIDA;V;;;;;;MADRID;MADRID;28040;3;CIUDAD UNIVERSITARIA;9;MONCLOA-ARAVACA;438315;4477254;40.443.658.832.937.900;-37.273.650.145.663.600;913 945 428;;;/contenido/entidadesYorganismos/Universidades/Facultades
6340;Universidad Complutense de Madrid. Facultad de Educación - Centro de Formación del Profesorado;;;;Metro: Vicente Aleixandre (línea 6), Francos Rodríguez (línea 7) Guzmán el Bueno (líneas 6 y 7).;;3;http://www.madrid.es/sites/v/index.jsp?vgnextchannel=bfa48ab43d6bb410VgnVCM100000171f5a0aRCRD&vgnextoid=5c19578b9671c010VgnVCM1000000b205a0aRCRD;RECTOR ROYO-VILLANOVA;CALLE;V;1;;;;;MADRID;MADRID;28040;3;CIUDAD UNIVERSITARIA;9;MONCLOA-ARAVACA;439171;4477962;4.045.009.595.969.180;-37.173.415.690.104.500;913 946 136 / 913 946 132 / 913 946 311 / 913 946 209 / 913 946 119;;secre.alumnos@edu.ucm.es;/contenido/entidadesYorganismos/Universidades/Facultades
6366;Universidad Complutense de Madrid. Facultad de Enfermería, Fisioterapia y Podología;;;;Metro: Ciudad Universitaria (línea 6).;;3;http://www.madrid.es/sites/v/index.jsp?vgnextchannel=bfa48ab43d6bb410VgnVCM100000171f5a0aRCRD&vgnextoid=7818578b9671c010VgnVCM1000000b205a0aRCRD;RAMON Y CAJAL;PLAZA;V;3;;;;;MADRID;MADRID;28040;3;CIUDAD UNIVERSITARIA;9;MONCLOA-ARAVACA;438493;4477279;4.044.388.989.111.180;-3.725.275.188.293.440;913 941 536 / 913 941 530 / 913 941 648;;secre.alumnos@enf.ucm.es;/contenido/entidadesYorganismos/Universidades/Facultades
6365;Universidad Complutense de Madrid. Facultad de Estudios Estadísticos;;;;Metro: Ciudad Universitaria (línea 6).;;3;http://www.madrid.es/sites/v/index.jsp?vgnextchannel=bfa48ab43d6bb410VgnVCM100000171f5a0aRCRD&vgnextoid=0b28578b9671c010VgnVCM1000000b205a0aRCRD;PUERTA DE HIERRO;AVENIDA;V;;;;;;MADRID;MADRID;28040;3;CIUDAD UNIVERSITARIA;9;MONCLOA-ARAVACA;437542;4477673;4.044.737.250.847.300;-37.365.294.545.551.700;913 944 004 / 913 944 064;;pgweb@estad.ucm.es;/contenido/entidadesYorganismos/Universidades/Facultades
6303;Universidad Complutense de Madrid. Facultad de Farmacia;;;;Metro: Ciudad Universitaria (línea 6).;;3;http://www.madrid.es/sites/v/index.jsp?vgnextchannel=bfa48ab43d6bb410VgnVCM100000171f5a0aRCRD&vgnextoid=ee29578b9671c010VgnVCM1000000b205a0aRCRD;RAMON Y CAJAL;PLAZA;V;;;;;;MADRID;MADRID;28040;3;CIUDAD UNIVERSITARIA;9;MONCLOA-ARAVACA;438415;4477348;4.044.451.127.873.060;-37.262.019.812.409.100;913 947 219 / 913 941 705;;salfarm@ucm.es;/contenido/entidadesYorganismos/Universidades/Facultades
6312;Universidad Complutense de Madrid. Facultad de Filología;;;;Metro: Ciudad Universitaria (línea 6).;;3;http://www.madrid.es/sites/v/index.jsp?vgnextchannel=bfa48ab43d6bb410VgnVCM100000171f5a0aRCRD&vgnextoid=7149578b9671c010VgnVCM1000000b205a0aRCRD;MENENDEZ PELAYO;PLAZA;V;;;;;;MADRID;MADRID;28040;3;CIUDAD UNIVERSITARIA;9;MONCLOA-ARAVACA;438054;4477848;404.489.838.961.669;-3.730.503.351.852.510;913 945 344 / 913 945 345 / 913 945 299;;alumnos-filologia@ucm.es / doctoradofilologia@ucm.es;/contenido/entidadesYorganismos/Universidades/Facultades
6310;Universidad Complutense de Madrid. Facultad de Filosofía;;;;Metro: Ciudad Universitaria (Línea 6)  Bus: 132, 82, F, G, U;Titulaciones:    Arqueología   Asignaturas para la Docencia en Centros Privados y Concertados - Filosofía   Ciencias de las Religiones   Ciencias Políticas - Filosofía Plan 2015. En extinción   Ciencias Políticas - Filosofía Plan 2023   Derecho - Filosofía Plan 2020   Derecho - Filosofía. (Plan a extinguir)   Doble Titulación Grado en Filosofía UCM y Licenciado en Filosofía (UNAM)   Filosofía   Historia   Historia del Arte   Musicología   Estudios de Máster.  Estudios de Doctorado.;3;http://www.madrid.es/sites/v/index.jsp?vgnextchannel=bfa48ab43d6bb410VgnVCM100000171f5a0aRCRD&vgnextoid=0459578b9671c010VgnVCM1000000b205a0aRCRD;MENENDEZ PELAYO;PLAZA;V;;;;;;MADRID;MADRID;28040;3;CIUDAD UNIVERSITARIA;9;MONCLOA-ARAVACA;438054;4477848;404.489.838.961.669;-3.730.503.351.852.510;913 945 982 / 913 946 049 / 913 946 058 / 913 946 057;;salfilos@ucm.es;/contenido/entidadesYorganismos/Universidades/Facultades
6309;Universidad Complutense de Madrid. Facultad de Geografía e Historia;;;;Metro: Ciudad Universitaria (línea 6).;;3;http://www.madrid.es/sites/v/index.jsp?vgnextchannel=bfa48ab43d6bb410VgnVCM100000171f5a0aRCRD&vgnextoid=9669578b9671c010VgnVCM1000000b205a0aRCRD;PROFESOR ARANGUREN;CALLE;V;;;;;;MADRID;MADRID;28040;3;CIUDAD UNIVERSITARIA;9;MONCLOA-ARAVACA;437893;4477701;40.447.654.037.490.600;-3.732.389.406.635.350;913 945 990 / 913 945 991 / 913 945 994;;secretariagh@ucm.es;/contenido/entidadesYorganismos/Universidades/Facultades
54821;Universidad Complutense de Madrid. Facultad de Informática;;;;Metro: Ciudad Universitaria (línea 6).;;3;http://www.madrid.es/sites/v/index.jsp?vgnextchannel=bfa48ab43d6bb410VgnVCM100000171f5a0aRCRD&vgnextoid=b5da6545f951c010VgnVCM2000000c205a0aRCRD;PROFESOR JOSE GARCIA SANTESMASES;CALLE;V;9;;;;;MADRID;MADRID;28040;3;CIUDAD UNIVERSITARIA;9;MONCLOA-ARAVACA;437776;4478304;40.453.077.067.733.500;-3.733.826.683.733.910;913 947 505 / 913 947 504 (incidencias matrícula);;salfdi@ucm.es;/contenido/entidadesYorganismos/Universidades/Facultades
6304;Universidad Complutense de Madrid. Facultad de Medicina;;;;Metro: Ciudad Universitaria (línea 6).;;3;http://www.madrid.es/sites/v/index.jsp?vgnextchannel=bfa48ab43d6bb410VgnVCM100000171f5a0aRCRD&vgnextoid=2979578b9671c010VgnVCM1000000b205a0aRCRD;RAMON Y CAJAL;PLAZA;V;;;;;;MADRID;MADRID;28040;3;CIUDAD UNIVERSITARIA;9;MONCLOA-ARAVACA;438415;4477348;4.044.451.127.873.060;-37.262.019.812.409.100;913 941 307;;decmed@ucm.es;/contenido/entidadesYorganismos/Universidades/Facultades
6315;Universidad Complutense de Madrid. Facultad de Odontología;;;;Metro: Ciudad Universitaria (línea 6).;;3;http://www.madrid.es/sites/v/index.jsp?vgnextchannel=bfa48ab43d6bb410VgnVCM100000171f5a0aRCRD&vgnextoid=bb89578b9671c010VgnVCM1000000b205a0aRCRD;RAMON Y CAJAL;PLAZA;V;;;;;;MADRID;MADRID;28040;3;CIUDAD UNIVERSITARIA;9;MONCLOA-ARAVACA;438415;4477348;4.044.451.127.873.060;-37.262.019.812.409.100;913 941 920;;infodon@pas.ucm.es;/contenido/entidadesYorganismos/Universidades/Facultades
6364;Universidad Complutense de Madrid. Facultad de Óptica y Optometría;;;;Metro: San Blas (línea 7), Avenida de Guadalajara (línea 2).;;3;http://www.madrid.es/sites/v/index.jsp?vgnextchannel=bfa48ab43d6bb410VgnVCM100000171f5a0aRCRD&vgnextoid=9d38578b9671c010VgnVCM1000000b205a0aRCRD;ARCOS DE JALON;CALLE;V;118;;;;;MADRID;MADRID;28037;4;ARCOS;20;SAN BLAS-CANILLEJAS;447916;4475219;4.042.597.819.309.270;-36.140.011.950.615.600;913 946 876;;infopt@ucm.es;/contenido/entidadesYorganismos/Universidades/Facultades
6314;Universidad Complutense de Madrid. Facultad de Veterinaria;;;;Metro: Ciudad Universitaria (línea 6).;;3;http://www.madrid.es/sites/v/index.jsp?vgnextchannel=bfa48ab43d6bb410VgnVCM100000171f5a0aRCRD&vgnextoid=d0b9578b9671c010VgnVCM1000000b205a0aRCRD;PUERTA DE HIERRO;AVENIDA;V;;;;;;MADRID;MADRID;28040;3;CIUDAD UNIVERSITARIA;9;MONCLOA-ARAVACA;437542;4477673;4.044.737.250.847.300;-37.365.294.545.551.700;913 943 876 / 913 943 882;;gervet@ucm.es;/contenido/entidadesYorganismos/Universidades/Facultades
135620;Universidad Complutense. Hospital Clínico Veterinario;;;;Metro: Ciudad Universitaria (línea 6).;;3;http://www.madrid.es/sites/v/index.jsp?vgnextchannel=bfa48ab43d6bb410VgnVCM100000171f5a0aRCRD&vgnextoid=802a5f463b81c010VgnVCM1000000b205a0aRCRD;PUERTA DE HIERRO;AVENIDA;V;1;;;;;MADRID;MADRID;28040;3;CIUDAD UNIVERSITARIA;9;MONCLOA-ARAVACA;437542;4477673;4.044.737.250.847.300;-37.365.294.545.551.700;;;hcvucm@ucm.es;/contenido/entidadesYorganismos/ClinicasCentrosVeterinarios
178101;Universidad Nacional de Educación a Distancia (UNED). Centro Asociado Madrid - Escuelas Pías;;;;Metro: Lavapiés (línea 3).  Cercanías Renfe: Embajadores (línea C5).;;3;http://www.madrid.es/sites/v/index.jsp?vgnextchannel=bfa48ab43d6bb410VgnVCM100000171f5a0aRCRD&vgnextoid=2fed224e0d61c010VgnVCM1000000b205a0aRCRD;TRIBULETE;CALLE;V;14;;;;;MADRID;MADRID;28012;2;EMBAJADORES;1;CENTRO;440385;4473257;404.077.959.539.866;-37.025.893.902.054.000;914 675 871 / 914 675 522 (de L a V de 9 a 22 horas);;info.escuelaspias@madrid.uned.es;/contenido/entidadesYorganismos/Universidades/Facultades
45202;Universidad Nacional de Educación a Distancia (UNED). Centro Asociado Madrid - Gregorio Marañón;;;;Metro: Lavapiés (línea 3).  Cercanías Renfe: Embajadores (línea C5).;;3;http://www.madrid.es/sites/v/index.jsp?vgnextchannel=bfa48ab43d6bb410VgnVCM100000171f5a0aRCRD&vgnextoid=67792c798651c010VgnVCM2000000c205a0aRCRD;ARGUMOSA;CALLE;V;3;;;;;MADRID;MADRID;28012;2;EMBAJADORES;1;CENTRO;440590;4473327;40.408.447.184.626.100;-37.001.742.404.603.100;915 270 665 / 915 399 747- ( de L a V de 9 a 22 horas);;info.gmaranon@madrid.uned.es;/contenido/entidadesYorganismos/Universidades/Facultades
53998;Universidad Nacional de Educación a Distancia (UNED). Centro Asociado Madrid - Jacinto Verdaguer;;;;Metro: Aviación Española (línea 10).  Cercanías Renfe: Las Águilas (línea C5).;;3;http://www.madrid.es/sites/v/index.jsp?vgnextchannel=bfa48ab43d6bb410VgnVCM100000171f5a0aRCRD&vgnextoid=f9892c798651c010VgnVCM2000000c205a0aRCRD;FUENTE DE LIMA;CALLE;V;22;;;;;MADRID;MADRID;28024;7;LAS AGUILAS;10;LATINA;433588;4470537;4.038.278.645.640.310;-37.824.021.083.869.600;917 106 155 (De L a V de 9 a 22 horas);;info.jverdaguer@madrid.uned.es;/contenido/entidadesYorganismos/Universidades/Facultades
6177184;Universidad Nacional de Educación a Distancia (UNED). Centro Asociado Madrid - Las Tablas;;;;Metro: Las Tablas (línea 10), Palas de Rey (línea ML1).;;3;http://www.madrid.es/sites/v/index.jsp?vgnextchannel=bfa48ab43d6bb410VgnVCM100000171f5a0aRCRD&vgnextoid=a8e4a30c0c582310VgnVCM1000000b205a0aRCRD;SANTO DOMINGO DE LA CALZADA;AVENIDA;V;9;;;;;MADRID;MADRID;28050;6;VALVERDE;8;FUENCARRAL-EL PARDO;443582;4484002;40.504.821.065.488;-36.658.596.724.706.100;913 074 730 / 913 074 733;;info.lastablas@madrid.uned.es;/contenido/entidadesYorganismos/Universidades/Facultades
7599405;Universidad Nacional de Educación a Distancia (UNED). Centro Universitario de Idiomas a Distancia (CUID);;;;Metro: Lavapiés (línea 3).  Cercanías Renfe: Embajadores (línea C5).;;3;http://www.madrid.es/sites/v/index.jsp?vgnextchannel=bfa48ab43d6bb410VgnVCM100000171f5a0aRCRD&vgnextoid=67161ebc40c87410VgnVCM1000000b205a0aRCRD;TRIBULETE;CALLE;V;14;segunda;;;;MADRID;MADRID;28012;2;EMBAJADORES;1;CENTRO;440385;4473257;404.077.959.539.866;-37.025.893.902.054.000;914 203 912;;info.cuid@madrid.uned.es;/contenido/entidadesYorganismos/Universidades/Facultades
